tau,rho_floor,rho_hall,nmbe_jun,nmbe_nov,nmbe_combined,cvrmse_jun,cvrmse_nov,cvrmse_combined,r2_jun,r2_nov,r2_combined,gof,meets_ashrae,success
0.58,0.05,0.11,27.484764665212303,16.088310771841925,21.786537718527114,59.94025334583788,59.777217800479434,59.858735573158654,0.6639378422137787,0.18861195803275055,0.42627490012326463,63.70024686120246,False,True
0.58,0.05,0.13,27.39652961480213,15.998407728715023,21.69746867175858,60.156476258320914,57.729953394459265,58.94321482639009,0.661508910210082,0.24323746924492473,0.45237318972750334,62.80989349483024,False,True
0.58,0.05,0.15,27.335708325760542,16.420431149049246,21.878069737404893,59.79115354722714,57.49311729678722,58.64213542200718,0.6656076543210574,0.249433942060183,0.4575207981906202,62.59033457561783,False,True
0.58,0.05,0.17,27.400062622020776,16.365083032708178,21.882572827364477,60.11437969911286,57.17057895241814,58.6424793257655,0.6619824859700584,0.25783172213311434,0.45990710405158636,62.59223094776016,False,True
0.58,0.05,0.19,27.268833494520383,16.073200995700223,21.671017245110303,60.09622937179915,56.69566263732778,58.39594600456346,0.6621865703292021,0.2701108997819749,0.4661487350555885,62.287394376436716,False,True
0.58,0.05,0.21,27.429594227176146,15.607716067592934,21.51865514738454,60.358408635651294,57.862598553687064,59.11050359466918,0.659232612237138,0.23975587252669106,0.44949424238191454,62.90551767983042,False,True
0.58,0.05,0.23,26.944786358177776,15.001646340073213,20.973216349125494,59.75835472647027,56.01218374162671,57.885269234048494,0.6659744198294568,0.28760277890664754,0.4767885993680522,61.567687940392126,False,True
0.58,0.05,0.25,27.05873136840683,14.807285439646932,20.93300840402688,59.76280045872776,59.62012855693685,59.69146450783231,0.6659247182089434,0.19287086673314524,0.4293977924710443,63.25552763144786,False,True
0.58,0.05,0.27,27.10736368563829,14.740299922169992,20.923831803904143,59.99769932768149,57.94194764106651,58.969823484374004,0.6632933780825134,0.23766934195521505,0.45048136001886424,62.57193315805657,False,True
0.58,0.05,0.29,27.091469549863774,14.856407383644493,20.973938466754134,59.86145149512827,57.90493768068996,58.88319458790912,0.6648208852678281,0.23864289627697577,0.45173189077240195,62.50709319497075,False,True
0.58,0.05,0.31,26.90862754673617,14.50171484826361,20.70517119749989,60.00507721634429,57.48798608357959,58.74653164996194,0.6632105636834337,0.24956791088245112,0.4563892372829424,62.288514954345786,False,True
0.58,0.05,0.33,26.66539133906396,14.058519693217145,20.36195551614055,59.52454317623568,57.579867907285745,58.55220554176071,0.6685831346531507,0.24716719465879244,0.45787516465597156,61.991693042260756,False,True
0.58,0.05,0.35,26.597784619173602,13.711508881125537,20.15464675014957,59.410035220237454,58.08639127355345,58.74821324689545,0.6698570080351866,0.23386377222916666,0.4518603901321766,62.109277449717744,False,True
0.58,0.07,0.11,27.386292800969166,16.56659475226876,21.976443776618964,59.90419803526845,57.94642514539839,58.92531159033342,0.6643420173892923,0.2375515181385589,0.4509467677639256,62.89003440200026,False,True
0.58,0.07,0.13,27.405441558954596,16.3051457658521,21.855293662403348,60.07460239654906,56.051359018434,58.06298070749153,0.6624296660497214,0.2866059201480845,0.47451779309890296,62.040016035687984,False,True
0.58,0.07,0.15,27.295322578562143,15.777558614363837,21.536440596462988,59.89608455999631,58.24718015195369,59.071632355975,0.664432934834297,0.2296164200410038,0.4470246774376504,62.875082685945245,False,True
0.58,0.07,0.17,27.190445974384964,15.626254779076698,21.40835037673083,59.862914773245,57.50776438329488,58.68533957826994,0.6648044985533056,0.24905146127374378,0.4569279799135247,62.46828433108858,False,True
0.58,0.07,0.19,26.954343253433656,15.480678124106403,21.21751068877003,59.68866592691702,57.378366028014284,58.533515977465655,0.6667530312477465,0.25242708138125647,0.4595900563145015,62.26038268845043,False,True
0.58,0.07,0.21,26.862325941314552,15.093749671082584,20.978037806198568,59.60346499794592,58.2406108987798,58.922037948362856,0.6677037205120773,0.22979018156482722,0.44874695103845225,62.545060765712016,False,True
0.58,0.07,0.23,27.135482023875117,15.360450394036906,21.24796620895601,59.988004083086956,56.707465484910955,58.34773478399896,0.6634021885647585,0.26980697295198885,0.4666045807583737,62.09616914464868,False,True
0.58,0.07,0.25,26.884243842128768,15.197296406926833,21.0407701245278,59.56522316741293,58.02729635673744,58.79625976207518,0.6681299890646566,0.23542185580907848,0.45177592243686754,62.44769146607937,False,True
0.58,0.07,0.27,26.763570915056757,15.083110757236803,20.923340836146778,59.54449116594452,58.056225051942214,58.80035810894337,0.668360967203244,0.2346593263495359,0.45151014677638995,62.41208461095936,False,True
0.58,0.07,0.29,26.85059574847468,14.375413824701644,20.613004786588164,59.66969497563076,58.40215366268428,59.035924319157516,0.6669648304978844,0.22551157335061467,0.4462382019242495,62.531082883228564,False,True
0.58,0.07,0.31,26.580336016222933,14.404591101314788,20.49246355876886,59.640732980456136,56.13924989252547,57.8899914364908,0.6672880438872539,0.2843669026074064,0.47582747324733016,61.410033147885926,False,True
0.58,0.07,0.33,26.768235033769333,14.262498890215713,20.515366961992523,59.81897772388353,58.79629702551913,59.30763737470133,0.6652963588859413,0.21502259243263322,0.44015947565928726,62.75568605755405,False,True
0.58,0.07,0.35,26.821749408671298,14.370069883140152,20.595909645905724,59.60075978471471,58.24329425788362,58.922027021299165,0.6677338835870641,0.22971920713280713,0.4487265453599356,62.417920202783286,False,True
0.58,0.09,0.11,27.17945093415175,16.342603486488443,21.761027210320094,59.70453866705389,56.98019972857392,58.34236919781391,0.6665757699279817,0.26276636398084496,0.46467106695441335,62.268566298432766,False,True
0.58,0.09,0.13,27.02434801361886,15.993469894357201,21.50890895398803,59.68347798031536,57.14819894334357,58.415838461829466,0.6668109582366786,0.25841266716018063,0.4626118126984296,62.24984616518744,False,True
0.58,0.09,0.15,26.960067476986442,15.744301794596414,21.352184635791428,59.64931731376455,57.37364486956519,58.51148109166487,0.667192259823913,0.25255009865216815,0.45987117923804055,62.28570629174227,False,True
0.58,0.09,0.17,26.985270136214695,15.34061023283092,21.162940184522807,59.865836875145206,58.188190710263754,59.02701379270448,0.6647717738080736,0.23117603152246013,0.4479739026652669,62.706127248761064,False,True
0.58,0.09,0.19,27.02757976823793,15.364026697041467,21.195803232639697,59.73855804222686,58.17901921932458,58.95878863077572,0.6661956944499763,0.23141837301040347,0.4488070337301899,62.653019332553065,False,True
0.58,0.09,0.21,26.912389096927548,15.572029763971551,21.24220943044955,59.75624799496999,56.592975841597784,58.17461191828389,0.6659979710068828,0.27275244571397705,0.46937520836042995,61.93155038693943,False,True
0.58,0.09,0.23,26.9646304338499,14.834239176962965,20.899434805406433,60.156762760288416,58.40229485063995,59.27952880546418,0.6615056859988191,0.2255078286746749,0.443506757336747,62.85577865704387,False,True
0.58,0.09,0.25,26.637145534690514,14.625758867962228,20.631452201326372,59.78954095008196,57.751646609629084,58.77059377985552,0.665625691533529,0.2426686242732511,0.45414715790339005,62.28675230875669,False,True
0.58,0.09,0.27,26.795415226450025,14.807886916314247,20.801651071382135,59.641431372676024,57.26614121315985,58.45378629291794,0.6672802517361357,0.2553485374276092,0.46131439458187246,62.04477269902481,False,True
0.58,0.09,0.29,26.88281493643633,14.863247624312715,20.873031280374523,60.00396887515741,58.35411422615834,59.17904155065787,0.6632230051025111,0.22678517999522696,0.445004092548869,62.752230188942164,False,True
0.58,0.09,0.31,26.75438952944474,14.326605318079444,20.54049742376209,59.81730896886515,57.07151080829592,58.44440988858054,0.6653150329125239,0.26040162893103547,0.4628583309217797,61.94885859836312,False,True
0.58,0.09,0.33,26.4619358166703,13.965696581270246,20.213816198970274,59.65216551562907,57.81659230406328,58.73437890984617,0.6671604765177641,0.24096432418173552,0.4540624003497498,62.11542184716397,False,True
0.58,0.09,0.35,26.520500849912914,13.667456552486154,20.093978701199532,59.62020739386671,57.839650162107645,58.729928777987176,0.6675170126671959,0.24035878082114237,0.4539378967441691,62.07231681121389,False,True
0.58,0.11,0.11,26.947896313590448,15.93161693379607,21.43975662369326,59.717283621502524,57.271893324830515,58.494588473166516,0.666433404530612,0.2551989365151963,0.46081617052290413,62.299920102102085,False,True
0.58,0.11,0.13,26.898675911715557,15.211016485603626,21.05484619865959,59.425918695822574,57.03698892789981,58.23145381186119,0.6696804547269999,0.2612961068954305,0.4654882808112152,61.92098805326134,False,True
0.58,0.11,0.15,27.07758444937913,15.632352904115587,21.354968676747358,59.8371252717988,58.29003277560791,59.063579023703355,0.6650932470324309,0.22848245608255058,0.44678785155749073,62.80558139428463,False,True
0.58,0.11,0.17,26.92775153338124,15.226215362797591,21.076983448089415,59.578484250695126,59.0488456788673,59.31366496478121,0.6679822033093081,0.20826465835732078,0.43812343083331445,62.94720075448431,False,True
0.58,0.11,0.19,27.056437308955907,15.507479968359295,21.2819586386576,59.654448066800704,57.879849450393706,58.7671487585972,0.6671350042562668,0.23930249337502696,0.4532187488156469,62.501996261820516,False,True
0.58,0.11,0.21,26.898419639131042,15.539784001787782,21.21910182045941,59.490551709636584,57.85446871895841,58.672510214297496,0.6689615375159832,0.239969489787772,0.4544655136518776,62.39161591843785,False,True
0.58,0.11,0.23,26.55651913034815,14.703183421715199,20.629851276031673,59.67535964371611,56.394039039196045,58.034699341456076,0.6669015949393782,0.27785633064973125,0.4723789627945547,61.59234604497858,False,True
0.58,0.11,0.25,26.742390052509812,14.873776660278084,20.808083356393947,59.330061995199,57.30564444664705,58.31785322092303,0.6707452360632551,0.25432083463969335,0.4625330353514742,61.91888514228725,False,True
0.58,0.11,0.27,26.75289607446878,14.664098059777944,20.70849706712336,59.67106570534694,57.07172833437183,58.37139701985939,0.6669495293824045,0.26039599101342215,0.4636727601979133,61.93594950292687,False,True
0.58,0.11,0.29,26.71551661928127,14.516501960231453,20.616009289756363,60.03029102607683,57.762670788633265,58.89648090735505,0.6629274700102346,0.24237946356509932,0.45265346678766694,62.400443125876585,False,True
0.58,0.11,0.31,26.759367511621097,14.391627137337327,20.575497324479212,59.811241314749545,57.64769461622582,58.729467965487686,0.665382927963533,0.2453925380647043,0.45538773301411867,62.22942630025521,False,True
0.58,0.11,0.33,26.34901018282063,14.030524536479394,20.189767359650013,59.51315331252418,58.598519495914466,59.05583640421932,0.6687099539978537,0.22029468560002807,0.4445023197989409,62.41168576027013,False,True
0.58,0.11,0.35,26.306527645213773,13.376371522233468,19.84144958372362,59.47636875635611,58.63287482055577,59.05462178845594,0.6691193623550624,0.21938016141671435,0.4442497618858884,62.29872772505889,False,True
0.58,0.13,0.11,27.00450629298764,16.39782524021507,21.701165766601356,59.575029339893284,56.620227033672165,58.09762818678273,0.6680207091097536,0.2720518946630146,0.4700363018863841,62.018344032706665,False,True
0.58,0.13,0.13,27.0539218756602,15.524018753890076,21.28897031477514,59.787261154413976,57.319807189314055,58.553534171864015,0.6656511906611134,0.25395220892194204,0.45980169979152774,62.30358433572682,False,True
0.58,0.13,0.15,26.851944234584934,15.448838600361222,21.150391417473077,59.72679324028564,58.707767032172576,59.21728013622911,0.6663271591176414,0.21738470465224502,0.4418559318849432,62.88104105249016,False,True
0.58,0.13,0.17,26.806858391897038,15.45255475819632,21.12970657504668,59.686954018056305,56.76884870343649,58.2279013607464,0.6667721464431952,0.26822531676548744,0.4674987316043413,61.943143259156486,False,True
0.58,0.13,0.19,26.46619568320641,15.077556445076565,20.771876064141487,59.30369316898706,57.187744217787476,58.24571869338727,0.6710378409255247,0.2573859883949181,0.4642119146602214,61.83877894439101,False,True
0.58,0.13,0.21,26.625181867219688,14.49393493163654,20.559558399428113,59.66694119161866,58.00976059774724,58.83835089468295,0.6669955692426747,0.23588389464427661,0.45143973194347564,62.326936212085165,False,True
0.58,0.13,0.23,27.03374990576219,14.960213926769,20.996981916265597,59.89064649056838,57.829384251703644,58.860015371136015,0.6644938655001809,0.2406284130408033,0.4525611392704921,62.492996880309335,False,True
0.58,0.13,0.25,26.448711279835585,14.320416952810369,20.384564116322977,59.51002956474415,58.477528687060456,58.99377912590231,0.6687447308271401,0.22351114180113274,0.44612793631413644,62.41631541326538,False,True
0.58,0.13,0.27,26.403843095743596,14.334234718762296,20.369038907252946,59.49797247795502,58.39798627572546,58.94797937684024,0.6688789458143467,0.2256220993367749,0.4472505225755608,62.367956665402836,False,True
0.58,0.13,0.29,26.465273097741935,14.1774695766344,20.321371337188168,59.47454641412864,57.358139082396,58.41634274826232,0.6691396382573509,0.2529540553116465,0.4610468467844987,61.85003826277194,False,True
0.58,0.13,0.31,26.469024151541348,13.889424449528704,20.179224300535026,59.77430947796961,58.517187867972744,59.14574867297118,0.6657960345114935,0.22245756257928284,0.44412679854538817,62.49336508348367,False,True
0.58,0.13,0.33,26.254967679324604,13.909696660742771,20.082332170033688,59.65210210566318,56.01410377018681,57.83310293792499,0.6671611841310229,0.28755393787375416,0.4773575610023885,61.220648974150855,False,True
0.58,0.13,0.35,26.34243274983547,13.50942837267973,19.9259305612576,59.477001431500696,58.348463165869916,58.912732298685306,0.6691123228846625,0.22693493025875178,0.44802362657170713,62.19125931856195,False,True
0.58,0.15,0.11,27.04385886095173,15.792278936459711,21.41806889870572,59.81342508578841,59.26194868538068,59.53768688558455,0.6653584930782248,0.20253971552448824,0.4339491043013565,63.27297871157649,False,True
0.58,0.15,0.13,27.03673758987502,15.944510651596442,21.49062412073573,59.817884141927145,56.96858706268376,58.39323560230545,0.6653085965580257,0.26306683240812656,0.4641877144830761,62.222318256435145,False,True
0.58,0.15,0.15,26.525810726447997,14.966376712192606,20.7460937193203,59.36212596228453,59.45093297543265,59.406529468858594,0.6703892591336591,0.19744545961546145,0.4339173593745603,62.924845237355854,False,True
0.58,0.15,0.17,26.604464403285448,15.35167688164435,20.9780706424649,59.15452017331242,57.0301106417886,58.092315407550515,0.6726907077106388,0.2614742618245429,0.46708248476759084,61.76403935374191,False,True
0.58,0.15,0.19,27.013595989368955,14.982852466302035,20.998224227835493,59.94948942761661,58.74749884930289,59.348494138459756,0.6638342678531222,0.21632504078141934,0.44007965431727075,62.95370662022412,False,True
0.58,0.15,0.21,26.606950249344923,14.68549937241069,20.646224810877808,59.39800344961746,57.50441397785031,58.45120871373389,0.6699907161708325,0.2491389593293225,0.4595648377500775,61.99040570150987,False,True
0.58,0.15,0.23,26.303784954993038,14.304134181859283,20.30395956842616,59.44144367767629,59.597837510697126,59.51964059418671,0.6695078406579564,0.19347430016568112,0.4314910704118188,62.88750583873909,False,True
0.58,0.15,0.25,26.603350710412016,14.432890284832691,20.518120497622355,59.921965779873354,57.666904270225416,58.79443502504938,0.6641428737580484,0.24488954610574465,0.4545162099318965,62.27181431972016,False,True
0.58,0.15,0.27,26.138218007113018,13.789867910272037,19.964042958692527,59.31279160083942,57.640916134302614,58.476853867571016,0.6709368937762334,0.24556998808576003,0.45825344093099674,61.790820107082055,False,True
0.58,0.15,0.29,26.449731952210975,13.96924698318072,20.209489467695846,59.936526756791174,58.03596899575787,58.98624787627452,0.6639796280440163,0.23519329421186952,0.4495864611279429,62.352232542758316,False,True
0.58,0.15,0.31,26.547581392890567,13.97047250406153,20.25902694847605,59.54055519145376,59.605053523170085,59.572804357311924,0.6684048093658299,0.19327898261440724,0.4308418959901186,62.92334377553088,False,True
0.58,0.15,0.33,26.14518711306425,13.253264253006147,19.6992256830352,59.523644977131006,57.937734057871495,58.73068951750125,0.6685931364463582,0.23778021247254377,0.453186674459451,61.94637506515038,False,True
0.58,0.15,0.35,26.220405287164496,13.810147503987439,20.015276395575967,59.73539925483752,55.893527753559525,57.81446350419852,0.66623099456395,0.2906178608516178,0.4784244277077839,61.18107125140588,False,True
0.58,0.17,0.11,26.764484838239433,15.496884056727541,21.13068444748349,59.58813749415718,59.09143225603638,59.33978487509678,0.6678746037852328,0.20712223274505848,0.4374984182651456,62.98980786001721,False,True
0.58,0.17,0.13,26.85042534263494,15.075448863193966,20.962937102914452,59.90436332544942,59.541109205012845,59.722736265231134,0.6643401650635106,0.19500895522680162,0.4296745601451561,63.29494418187839,False,True
0.58,0.17,0.15,26.704523972977874,15.103301039087588,20.903912506032732,59.512504403094425,58.14122250407077,58.8268634535826,0.6687171784869237,0.23241668563219198,0.45056693205955783,62.43054878700269,False,True
0.58,0.17,0.17,26.68666324148698,15.42170837784612,21.05418580966655,59.453988422426576,57.69259506681828,58.57329174462242,0.6693683293334765,0.24421658782689504,0.45679245858018575,62.24234286969456,False,True
0.58,0.17,0.19,26.761079765633276,15.013625585802103,20.88735267571769,59.95147572459314,57.67343656142492,58.81245614300903,0.6638119912317342,0.2447184642414285,0.45426522773658135,62.411429236744546,False,True
0.58,0.17,0.21,26.36511912202049,14.199181652547265,20.282150387283878,59.51558974345429,56.98383127426562,58.249710508859955,0.6686828278318749,0.2626723880746832,0.46567760795327906,61.6797730110803,False,True
0.58,0.17,0.23,26.454341340641214,14.32948610368644,20.391913722163828,59.51944439593551,57.99660525573517,58.758024825835335,0.6686399095335698,0.2362304249105297,0.45243516722204974,62.19594541998421,False,True
0.58,0.17,0.25,26.514901277119506,14.132880650550325,20.323890963834916,59.82318078155765,57.980202057526554,58.901691419542104,0.6652493227050141,0.23666239819531998,0.45095586045016706,62.3094679482405,False,True
0.58,0.17,0.27,26.49119246175645,14.505061545879885,20.49812700381817,59.56827692410934,56.14014930374579,57.854213113927564,0.6680959599385039,0.28434397199844264,0.47621996596847327,61.37819796716427,False,True
0.58,0.17,0.29,26.27928828800899,14.2626344309101,20.270961359459545,59.44542182324848,56.02525693835211,57.7353393808003,0.6694636025024217,0.2872701942704118,0.4783668983864167,61.19053266521621,False,True
0.58,0.17,0.31,26.068917596793266,13.54760692944569,19.808262263119477,59.50785324046388,56.76237955283737,58.13511639665063,0.6687689588676327,0.268392087485944,0.46858052317678833,61.41709055577804,False,True
0.58,0.17,0.33,26.32294215458821,13.80725011823653,20.065096136412368,59.84727185024511,58.32231990172795,59.08479587598653,0.6649796571586373,0.22762752490599059,0.44630359103231393,62.39888770379217,False,True
0.58,0.17,0.35,26.123006189271774,13.23681960326899,19.67991289627038,59.19548987609113,58.567327635000545,58.881408755545834,0.6722371698202949,0.22112453546881672,0.4466808526445558,62.083164132012946,False,True
0.58,0.19,0.11,26.622319238130153,15.062203175704116,20.842261206917136,59.5478895944828,57.9734337742681,58.76066168437545,0.6683231103438123,0.236840603285136,0.45258185681447416,62.34753574763795,False,True
0.58,0.19,0.13,26.60428437017596,14.889000011598297,20.74664219088713,59.77014070382004,60.07895136584702,59.924546034833526,0.6658426489276611,0.1804001039386296,0.42312137643314535,63.41430737363281,False,True
0.58,0.19,0.15,26.489860271914246,14.97544537735252,20.732652824633384,59.44931559379506,56.90441415616414,58.1768648749796,0.6694202997550938,0.264726150635647,0.46707322519537037,61.7607520989537,False,True
0.58,0.19,0.17,26.550801971013684,14.80904112135726,20.679921546185472,59.6317239890095,57.4431717665409,58.5374478777752,0.6673885514642728,0.2507374419724927,0.45906299671838274,62.082944189202514,False,True
0.58,0.19,0.19,26.54699592827537,14.855554749446076,20.70127533886072,59.474921046254956,57.73475696300699,58.604839004630975,0.6691354700435959,0.24311152727845853,0.4561234986610272,62.15359969795828,False,True
0.58,0.19,0.21,26.45298504147477,14.89119009345045,20.67208756746261,59.561472934800584,57.20495536608331,58.383214150441944,0.6681717768895697,0.2569389288590782,0.462555352874324,61.934924710805994,False,True
0.58,0.19,0.23,26.522215414650713,14.408163612296986,20.46518951347385,59.58337963002808,59.58424962852481,59.583814629276446,0.6679276393218001,0.193842022464065,0.43088483089293256,63.00043609054129,False,True
0.58,0.19,0.25,26.151721266294274,13.950258472306853,20.050989869300565,59.2230277845495,58.790897480501535,59.006962632525514,0.6719321465061832,0.21516676226789677,0.44354945438703997,62.32065334907085,False,True
0.58,0.19,0.27,26.212467427360547,14.046574230251139,20.129520828805845,59.0065294565176,58.02739551712549,58.51696248682154,0.6743263610965871,0.23541924269645675,0.4548728018965219,61.88240870781783,False,True
0.58,0.19,0.29,26.02191671334544,14.45319745167231,20.237557082508875,59.07271095222754,57.254998854665594,58.16385490344656,0.673595402813353,0.2556382851276212,0.4646168439704871,61.5840298608088,False,True
0.58,0.19,0.31,25.94327532540805,13.474638025362976,19.70895667538551,59.30527622708709,57.59943792683845,58.45235707696277,0.6710202780004053,0.24665536797543675,0.45883782298792103,61.68566301082434,False,True
0.58,0.19,0.33,25.952248345068263,13.563212282001938,19.7577303135351,59.246556056306524,58.19907402431653,58.72281504031153,0.6716714235007438,0.23088840837768876,0.4512799159392163,61.957541214940264,False,True
0.58,0.19,0.35,25.87104478115701,13.316598139763144,19.593821460460077,58.98586252914825,56.25265215130872,57.619257340228486,0.6745544543195023,0.2814727999424186,0.47801362713096046,60.859647188131646,False,True
0.58,0.21,0.11,26.694485468240014,15.10958730979148,20.90203638901575,59.523166007845795,58.94173131961655,59.23244866373118,0.6685984698922508,0.21113446228911148,0.43986646609068114,62.812244824630234,False,True
0.58,0.21,0.13,26.37987907769363,14.893980162493111,20.63692962009337,59.3020144156586,57.15783098700087,58.229922701329734,0.6710564650102504,0.2581626644074664,0.4646095647088584,61.77869181155848,False,True
0.58,0.21,0.15,26.544263973206505,14.85111615285542,20.69769006303096,59.53005661158494,58.714430897681815,59.122243754633374,0.6685217371190529,0.217207026660862,0.44286438188995747,62.640514689197566,False,True
0.58,0.21,0.17,26.25212578436247,14.869818549668345,20.560972167015407,59.106844583876395,59.31355366061254,59.21019912224447,0.6732180849965106,0.20115026286529714,0.43718417393090386,62.67855499729251,False,True
0.58,0.21,0.19,26.524846480092922,14.794916335994197,20.65988140804356,59.682804023963634,57.377512773032414,58.530158398498024,0.6668184830529514,0.25244931504242507,0.45963389904768825,62.06939778947185,False,True
0.58,0.21,0.21,26.150678051004324,14.175030056756436,20.16285405388038,59.32800260382851,57.23669747158292,58.28235003770571,0.6707680930308255,0.2561140749072979,0.4634410839690617,61.671492681106194,False,True
0.58,0.21,0.23,26.245832478379928,14.48641897975783,20.36612572906888,59.309133338598365,57.27384469003152,58.29148901431494,0.6709774840765819,0.2551481819983711,0.4630628330374765,61.746876590789924,False,True
0.58,0.21,0.25,26.13040590323741,14.284458182542698,20.207432042890055,59.34634813292708,56.64555703413333,57.99595258353021,0.6705644499919636,0.2714004295845357,0.47098243978824966,61.415558499773525,False,True
0.58,0.21,0.27,26.233268095504826,14.147254511206325,20.190261303355577,59.65851398962816,56.70497336252052,58.18174367607434,0.6670896279414709,0.26987115111232984,0.46848038952690035,61.585403698329316,False,True
0.58,0.21,0.29,25.904421658026934,13.572422917124053,19.738422287575492,59.068360774951756,57.86199526432465,58.4651780196382,0.6736434746067876,0.2397717254201116,0.4567076000134496,61.70723098041787,False,True
0.58,0.21,0.31,26.12672482870062,13.862680496493116,19.99470266259687,59.20520089982189,57.66588370348691,58.4355423016544,0.6721296219747714,0.24491627317922426,0.45852294757699785,61.76164455917685,False,True
0.58,0.21,0.33,25.785355682804134,12.933182997093922,19.35926933994903,59.160325429000096,59.11016274120389,59.13524408510199,0.6726264621597999,0.2066195088006576,0.43962298548022877,62.22345540374048,False,True
0.58,0.21,0.35,25.98064063407107,13.301364569187395,19.641002601629232,59.492931639018586,57.835540322347576,58.66423598068308,0.668935050489059,0.24046673073989377,0.4547008906144764,61.864865363099895,False,True
0.58,0.23,0.11,26.48422999043658,15.699485051242268,21.091857520839426,59.42990270718184,57.155498407960856,58.29270055757135,0.6696361629108114,0.25822321110358915,0.4639296870072003,61.99117188740724,False,True
0.58,0.23,0.13,26.458513123763876,14.881952872348462,20.670232998056168,59.604189746954205,58.66642223998447,59.13530599346934,0.6676956393421917,0.21848662607404312,0.4430911327081174,62.64377819971574,False,True
0.58,0.23,0.15,26.249277346112727,14.428309888399168,20.33879361725595,59.52280044690975,58.10075851502366,58.811779480966706,0.6686025404781979,0.23348472904108108,0.4510436347596395,62.22934943837343,False,True
0.58,0.23,0.17,26.27544055724826,14.163903132794154,20.219671845021207,59.601371196582996,58.15118606239131,58.87627862948715,0.667727066476351,0.23215358430444621,0.44994032539039863,62.251516566083346,False,True
0.58,0.23,0.19,26.339476146112666,14.431319156160708,20.385397651136685,59.76977410428804,58.912843341458284,59.341308722873165,0.6658467480163163,0.21190753581144794,0.4388771419138821,62.745162031333635,False,True
0.58,0.23,0.21,26.22895540333928,14.199075431611059,20.21401541747517,59.50573137228147,58.0952519429575,58.80049165761949,0.6687925798197785,0.23363001704309794,0.4512112984314382,62.17800445877708,False,True
0.58,0.23,0.23,25.881098147794695,13.558987671469977,19.720042909632337,59.23044212298575,57.705598355708624,58.46802023934718,0.6718499974352026,0.24387585856827643,0.4578629280017395,61.70404754200855,False,True
0.58,0.23,0.25,25.950501471773947,13.494532039797338,19.72251675578564,59.118963689181406,57.66746923947721,58.393216464329306,0.6730840663232904,0.24487475022643213,0.4589794082748613,61.63396300930408,False,True
0.58,0.23,0.27,25.992277762097604,13.541385488906752,19.766831625502178,59.53393802565125,58.036910688386776,58.78542435701901,0.6684785103388564,0.23516847447704148,0.45182349240794895,62.01978514430502,False,True
0.58,0.23,0.29,26.04445300684098,13.812649088601939,19.92855104772146,59.55494519200762,56.17984522608365,57.86739520904564,0.6682445074815795,0.2833315532523676,0.47578803036697354,61.20279875252045,False,True
0.58,0.23,0.31,25.974522574242755,13.57878891615211,19.77665574519743,59.433912116364205,58.58154700741599,59.0077295618901,0.6695915857393158,0.2207462882381831,0.44516893698874943,62.23365858209856,False,True
0.58,0.23,0.33,25.7049450016554,13.14553704971742,19.42524102568641,59.213600701060145,58.271664845461345,58.742632773260745,0.6720365814535985,0.22896860944082909,0.45050259544721377,61.871131346050056,False,True
0.58,0.23,0.35,25.648824479163352,12.873497355060223,19.261160917111788,59.27773158992332,57.65698924463582,58.467360417279565,0.671325799643459,0.24514918535395092,0.45823749249870493,61.558302072417035,False,True
0.58,0.25,0.11,26.061246357645267,14.971239111450737,20.516242734548,59.08934446167402,56.722288995203975,57.90581672843899,0.6734115609601747,0.26942517353715845,0.4714183672486666,61.43288880502413,False,True
0.58,0.25,0.13,26.25666640722629,14.858953253319825,20.557809830273058,59.16306505509057,58.237293554827914,58.70017930495924,0.672596141101026,0.22987792027760823,0.4512370306893171,62.19593712978394,False,True
0.58,0.25,0.15,26.17711265618516,14.619145807266493,20.398129231725825,59.2728039373589,57.98456662777242,58.62868528256566,0.6713804415774836,0.23654747048330915,0.45396395603039635,62.075811828089044,False,True
0.58,0.25,0.17,25.96166813877825,14.217597824636893,20.089632981707574,59.37473173883971,56.09167798283916,57.733204860839436,0.6702492560442392,0.28557923119515205,0.47791424361969564,61.128686366086484,False,True
0.58,0.25,0.19,26.02740292311584,14.066385828475699,20.04689437579577,59.442380870342134,56.603064231505485,58.02272255092381,0.6694974190648579,0.2724931410666688,0.47099528006576336,61.38822612142979,False,True
0.58,0.25,0.21,25.89408885638056,14.138872020896503,20.01648043863853,59.1723040561012,56.883733581437255,58.028018818769226,0.672493877272541,0.265260489593377,0.468877183432959,61.383307642891275,False,True
0.58,0.25,0.23,25.67645478220177,14.287469281150097,19.981962031675934,58.88821952632306,57.29064460311548,58.089432064719276,0.6756310234276053,0.2547111489641589,0.4651710861958821,61.4301304266642,False,True
0.58,0.25,0.25,26.028331282228972,14.15553811764076,20.091934699934868,59.14714098986678,58.07105187654519,58.609096433205984,0.672772362490642,0.2342683598017571,0.45352036114619954,61.957340361762505,False,True
0.58,0.25,0.27,25.53176042707925,12.724692017258397,19.128226222168824,58.95211993326433,58.40352512714525,58.67782253020479,0.6749266871270171,0.2254751981227282,0.45020094262487265,61.716901212655486,False,True
0.58,0.25,0.29,25.843779973412275,13.135562772934495,19.489671373173387,59.42821160091653,56.63503026065467,58.03162093078561,0.6696549639648439,0.27167120421802593,0.4706630840914349,61.21696103277823,False,True
0.58,0.25,0.31,25.95363561881069,13.526793167318555,19.740214393064623,59.364928976549095,57.615001395378684,58.48996518596389,0.6703581306858051,0.24624820290877258,0.45830316679728883,61.731289406097964,False,True
0.58,0.25,0.33,25.650527832133847,12.971551640920065,19.311039736526958,59.14291564341402,58.221198049238865,58.68205684632645,0.6728191137191022,0.23030355102243472,0.45156133237076845,61.77782815396808,False,True
0.58,0.25,0.35,25.378928399051155,12.623001314434635,19.000964856742897,59.24575190353855,57.731270085214724,58.48851099437664,0.6716803362396222,0.24320294873926662,0.4574416424894444,61.49750063072885,False,True
0.58,0.27,0.11,26.0117582389894,14.398674426246966,20.205216332618186,59.24944574385058,58.062229336022355,58.65583753993647,0.6716393949678273,0.23450101221708797,0.45307020359245764,62.03835946057343,False,True
0.58,0.27,0.13,26.180071244147484,14.303691605815663,20.241881424981575,59.58265921934055,58.27485635171372,58.92875778552714,0.6679356693138188,0.2288841492182747,0.44840990926604674,62.30836426811684,False,True
0.58,0.27,0.15,26.000372947496842,13.970983390991012,19.985678169243926,59.312101111897206,57.55292219241365,58.432511652155426,0.6709445552977181,0.2478716378023611,0.4594080965500396,61.75585599652775,False,True
0.58,0.27,0.17,26.157581794622203,14.067038497953515,20.11231014628786,59.27715674062195,59.070731663500375,59.173944202061165,0.6713321742874699,0.2076776487876365,0.4395049115375532,62.49848551644369,False,True
0.58,0.27,0.19,25.986811771854633,14.025595631635094,20.006203701744862,59.445270803821934,56.658101919855696,58.05168636183882,0.6694652819371794,0.27107767839507013,0.47027148016612474,61.40233282220646,False,True
0.58,0.27,0.21,26.058680129988133,14.103833016294345,20.08125657314124,59.436311707340884,58.27330305809815,58.854807382719514,0.6695649053130592,0.22892525625619242,0.4492450807846258,62.18637485505441,False,True
0.58,0.27,0.23,25.78299399913149,14.156674218820505,19.969834108976,58.9149834993978,57.0870044777685,58.00099398858315,0.6753361129881126,0.2600000047935891,0.46766805889085084,61.34255927171346,False,True
0.58,0.27,0.25,25.82431344769595,13.897801053144024,19.861057250419986,59.22748495811735,57.26071522642694,58.24410009227215,0.6718827633373374,0.2554896427108725,0.46368620302410496,61.537279682019395,False,True
0.58,0.27,0.27,25.706218568705264,13.4830205294632,19.594619549084232,59.269773939350976,57.00775508430449,58.13876451182773,0.6714140384749123,0.26205314615258657,0.46673359231374945,61.35197677528503,False,True
0.58,0.27,0.29,25.632385605425668,13.378218432674752,19.50530201905021,59.243089497638394,56.370106508956454,57.806598003297424,0.6717098438596991,0.278469127969189,0.47508948591444405,61.008684460240524,False,True
0.58,0.27,0.31,25.65621678524111,13.108518244337253,19.38236751478918,59.30360673400978,57.82412396280807,58.563865348408925,0.671038799847794,0.24076655500109756,0.4559026774244458,61.6879444869492,False,True
0.58,0.27,0.33,25.681436559213616,13.167588280529085,19.42451241987135,59.11963768798769,55.14156619698706,57.130601942487374,0.6730766121261486,0.30957675970925236,0.49132668591770046,60.34250045416314,False,True
0.58,0.27,0.35,25.553941182654512,12.859522627958167,19.20673190530634,59.215542095995374,58.14474726928498,58.680144682640176,0.6720150756863492,0.23232361455938322,0.4521693451228662,61.74348492317142,False,True
0.58,0.29,0.11,25.824749596025477,14.578661200156324,20.2017053980909,58.52526896115936,57.69115201681764,58.108210488988504,0.6796171210598994,0.24425439578517072,0.46193575842253504,61.519696254320436,False,True
0.58,0.29,0.13,26.101667113015043,14.618401432836587,20.360034272925816,59.48738064801135,56.86967056069321,58.17852560435228,0.6689968276707097,0.265623735079767,0.46731028137523833,61.638233565628624,False,True
0.58,0.29,0.15,26.0960595634702,14.648047552937465,20.37205355820383,59.422544621934925,57.03666927650586,58.2296069492204,0.6697179633069819,0.2613043866827024,0.4655111749948421,61.690418150949675,False,True
0.58,0.29,0.17,25.563974599274047,13.657164978596882,19.610569788935464,58.904991119902306,58.09641603399972,58.50070357695101,0.6754462340289307,0.23359930426226383,0.45452276914559725,61.7001358705554,False,True
0.58,0.29,0.19,25.897887850275254,13.85934551179153,19.878616681033392,59.21092470783259,57.20711055089431,58.20901762936345,0.6720662235643823,0.2568829384613661,0.4644745810128742,61.5097482886006,False,True
0.58,0.29,0.21,25.6784918600236,13.802570819276665,19.740531339650133,59.08034466912502,57.96193455408735,58.52113961160619,0.6735110375880756,0.2371433235836039,0.45532718058583976,61.760929065330714,False,True
0.58,0.29,0.23,25.484926064196316,13.027246497787162,19.256086280991738,59.45845059985562,57.437495829137056,58.447973214496336,0.6693186979266934,0.250885503339597,0.4601021006331452,61.5383005269359,False,True
0.58,0.29,0.25,25.616267379008058,13.424625312626947,19.520446345817504,59.07860483803149,56.96686176488747,58.02273330145948,0.6735302665647434,0.2631114678812164,0.4683208672229799,61.21834206602001,False,True
0.58,0.29,0.27,25.827732446154577,13.593855751006245,19.71079409858041,59.554169847099594,58.81798823120502,59.186079039152304,0.668253145664575,0.2144432958408785,0.4413482207527268,62.381947356790775,False,True
0.58,0.29,0.29,25.64309218932416,13.061664614483101,19.352378401903632,59.210523420200424,59.33973775643481,59.275130588317616,0.6720706685320423,0.200444799316556,0.4362577339242992,62.35427536322247,False,True
0.58,0.29,0.31,25.340810246034124,12.868908351040012,19.104859298537068,58.85202021614388,57.90644634434609,58.37923328024498,0.6760296880275798,0.23860322274304124,0.4573164553853105,61.42581319938843,False,True
0.58,0.29,0.33,25.411738023983936,13.061494998940534,19.236616511462234,59.00863210360119,57.33826978174653,58.17345094267386,0.6743031504812852,0.2534715305923346,0.4638873405368099,61.27150895309127,False,True
0.58,0.29,0.35,25.670674421130222,13.094805012031529,19.382739716580875,59.29279105115489,57.186313763766265,58.23955240746058,0.6711587795847127,0.25742313837969677,0.46429095898220474,61.38025792990828,False,True
0.6,0.05,0.11,24.770526514794142,13.577015029750306,19.173770772272224,57.04707820090202,57.48581560148002,57.26644690119102,0.6955967569717789,0.24962457554508244,0.4726106662584307,60.391054191118165,False,True
0.6,0.05,0.13,24.76592787689047,13.79895456309409,19.28244121999228,57.16928665443597,57.81355313408112,57.49141989425854,0.6942911512478895,0.24104412057647662,0.4676676359121831,60.63889758942196,False,True
0.6,0.05,0.15,24.562008463894006,13.394165154055035,18.97808680897452,57.36257725641004,55.68618771286346,56.524382484636746,0.6922204400583618,0.2958710814216302,0.494045760739996,59.625276470625124,False,True
0.6,0.05,0.17,24.65560999864268,13.204716059161688,18.930163028902186,56.92946345640384,58.12255569730902,57.526009576856424,0.6968506477484635,0.2329094867347784,0.46488006724162095,60.56065430737512,False,True
0.6,0.05,0.19,24.64507606709761,13.349245842526559,18.997160954812085,57.54684189885436,57.10018150409998,57.32351170147717,0.69023991609606,0.2596583464812775,0.4749491312886687,60.38937918320097,False,True
0.6,0.05,0.21,24.62677576052989,12.914186017554746,18.770480889042318,57.103489246942765,57.343430678959116,57.22345996295094,0.6949944405683421,0.2533371376257936,0.47416578909706786,60.22337854137172,False,True
0.6,0.05,0.23,24.302864544595142,12.581498826429103,18.44218168551212,56.91165984051118,55.82858242033397,56.370121130422575,0.6970402265840543,0.29226543241099023,0.49465282949752226,59.31024044446247,False,True
0.6,0.05,0.25,24.740609841459083,12.85051392167208,18.795561881565582,57.70448542653311,57.43556220253482,57.57002381453397,0.6885404811534861,0.2509359401950352,0.46973821067426064,60.56055472376198,False,True
0.6,0.05,0.27,24.35799276101667,12.572938123276309,18.46546544214649,57.2897131487482,57.47065299518134,57.380183071964765,0.693001849849752,0.2500203652375299,0.47151110754364095,60.27817866663937,False,True
0.6,0.05,0.29,24.65219487731937,12.422333268134897,18.537264072727133,57.48888234319263,57.79188836895928,57.64038535607595,0.6908635651122264,0.24161282874834555,0.46623819693028595,60.5478668765379,False,True
0.6,0.05,0.31,24.505844188648975,12.077614488101366,18.29172933837517,57.286952058222084,58.55943405697245,57.92319305759727,0.6930314408255482,0.22133447162902442,0.45718295622728633,60.74276628682677,False,True
0.6,0.05,0.33,24.378258049862612,11.727774113054801,18.053016081458708,57.21374775273323,59.147048884279954,58.18039831850659,0.6938154609833052,0.2056290233781054,0.4497222421807053,60.91691175804541,False,True
0.6,0.05,0.35,24.317769683475266,12.149368554459,18.233569118967132,57.18260458267716,56.07233677910012,56.627470680888635,0.6941487012374669,0.28607183101967415,0.4901102661285705,59.490616726766696,False,True
0.6,0.07,0.11,24.908075931764156,13.732768317050867,19.32042212440751,57.293876750481154,58.01668165573428,57.65527920310772,0.6929572252772842,0.23570155266249504,0.4643293889698896,60.806331340195165,False,True
0.6,0.07,0.13,24.890527196164275,13.967134135171863,19.42883066566807,57.26147290168244,58.03463303203922,57.64805296686083,0.6933044370446128,0.23522850486720004,0.4642664709559064,60.83401574699138,False,True
0.6,0.07,0.15,24.380317180417695,12.907579246640275,18.643948213528986,57.134630508946195,57.63011356484393,57.38237203689506,0.6946616816392083,0.24585273927954798,0.4702572104593781,60.33517569021729,False,True
0.6,0.07,0.17,24.494103648642078,13.194256007777398,18.84417982820974,57.226640603836096,56.12659354995927,56.676617076897685,0.693677450920609,0.2846895387910404,0.4891834948558247,59.7272302779829,False,True
0.6,0.07,0.19,24.437022071399916,12.93556293778636,18.686292504593137,56.8990163280417,57.43250988177254,57.165763104907114,0.6971748229108465,0.2510155536937543,0.4740951883023004,60.14234780031099,False,True
0.6,0.07,0.21,24.46250321964117,12.728554165637066,18.595528692639117,57.53649904468533,56.65263536884796,57.09456720676664,0.6903512520220924,0.2712183290236292,0.48078479052286077,60.04650940634899,False,True
0.6,0.07,0.23,24.417816841270103,13.164716994137605,18.791266917703854,57.25652430136498,54.75015611910366,56.00334021023432,0.6933574446988711,0.31934360235220693,0.506350523525539,59.07187001505572,False,True
0.6,0.07,0.25,24.43721910620446,12.314437001711065,18.37582805395776,57.31114071488433,57.94501365408278,57.62807718448356,0.6927721592822209,0.237588661976193,0.46518041062920695,60.48691045713457,False,True
0.6,0.07,0.27,24.41033108239416,12.345485749703467,18.37790841604881,57.340461058198464,55.429914551588276,56.38518780489337,0.692457723732579,0.3023371057172386,0.4973974147249088,59.304611300823595,False,True
0.6,0.07,0.29,24.407675908532088,12.257277494943555,18.33247670173782,57.08532751218851,56.62001901333207,56.85267326276029,0.6951884234312319,0.27205724355482275,0.4836228334930273,59.73530077886893,False,True
0.6,0.07,0.31,24.25253114894306,11.828327907055817,18.04042952799944,57.33063495387582,56.95161672788049,57.14112584087816,0.6925631181960357,0.2635058160840066,0.4780344671400211,59.921326419879826,False,True
0.6,0.07,0.33,24.121661648126356,11.994513728456292,18.058087688291323,57.10385503191705,56.28073012173744,56.69229257682724,0.6949905330380137,0.280755329041802,0.48787293103990786,59.498828295812686,False,True
0.6,0.07,0.35,23.925269308513688,11.207423328915167,17.566346318714427,57.037979730337426,57.57362806724075,57.30580389878909,0.695693848117231,0.24733035244026258,0.4715121002787468,59.93773171780429,False,True
0.6,0.09,0.11,24.63952623052515,13.451981752272962,19.045753991399057,57.251964658419965,58.3479701468108,57.79996740261538,0.6934062819242768,0.2269479943287348,0.4601771381265058,60.85702076871898,False,True
0.6,0.09,0.13,24.730622595940964,13.972727214987401,19.351674905464183,57.37002078718581,56.02286434636385,56.696442566774834,0.6921405581779678,0.2873310680728306,0.4897358131253992,59.908045547942635,False,True
0.6,0.09,0.15,24.548622624845386,13.587620559059419,19.0681215919524,56.804231485372995,56.068730243175004,56.436480864274,0.6981829011192453,0.28616366684932926,0.4921732839842873,59.570711204324624,False,True
0.6,0.09,0.17,24.717351614877956,13.231733449936772,18.974542532407362,57.25786905608169,57.13925090498149,57.198559980531584,0.6933430406158413,0.25864487858681917,0.47599395960133023,60.26365843657855,False,True
0.6,0.09,0.19,24.521013971180665,12.522649971835579,18.52183197150812,57.13458449945743,55.96520976542263,56.54989713244003,0.6946621734059055,0.2887971654033826,0.4917296694046441,59.50587471225282,False,True
0.6,0.09,0.21,24.28325064342177,12.290449588043105,18.286850115732438,57.11536496039048,57.44546855220788,57.280416756299175,0.6948675644240446,0.2506775243232765,0.47277254437366056,60.12865399234031,False,True
0.6,0.09,0.23,24.415937487881127,12.42813061335588,18.422034050618503,57.35712528769733,57.31540862138292,57.33626695454012,0.692278942478209,0.2540667039330553,0.47317282320563214,60.22307570063519,False,True
0.6,0.09,0.25,24.310278342682107,12.686156706662672,18.49821752467239,57.04535173764963,56.70788195671268,56.876616847181154,0.6956151815108484,0.2697962475238749,0.48270571451736166,59.80914307671652,False,True
0.6,0.09,0.27,24.22432270778189,12.34184123585,18.283081971815946,57.078694178392944,57.93465158325455,57.50667288082374,0.6952592577260162,0.23786131542503874,0.46656028657552745,60.34309001211498,False,True
0.6,0.09,0.29,24.1888976860258,11.975762870237403,18.0823302781316,56.85552329924902,58.69390279873149,57.77471304899026,0.6976375989371921,0.21775430072121127,0.4576959498292017,60.53831956852287,False,True
0.6,0.09,0.31,24.170802659618957,11.540240272269072,17.855521465944015,57.186132365469376,58.29856178473898,57.74234707510418,0.6941109621299377,0.22825666236525666,0.4611838122475972,60.440038819995635,False,True
0.6,0.09,0.33,24.09209951154788,12.026175134987046,18.059137323267464,57.161937876358095,56.81954353839792,56.99074070737801,0.6943697403723862,0.26691777709807374,0.48064375873522996,59.783584429475496,False,True
0.6,0.09,0.35,23.869757896911572,11.554635644940067,17.71219677092582,56.966084101681645,56.872870473474045,56.91947728757785,0.6964605124890182,0.2655410897580871,0.48100080112355265,59.61164994481436,False,True
0.6,0.11,0.11,24.465827405093666,13.69121140261085,19.07851940385226,56.97768538606462,56.58580199008526,56.78174368807494,0.6963368667602512,0.2729368090636659,0.48463683791195855,59.90122134732651,False,True
0.6,0.11,0.13,24.55241800749648,13.483480851384721,19.017949429440602,57.22930934327001,56.134497864973,56.6819036041215,0.6936488798173828,0.2844880500852457,0.48906846495131423,59.78729460920341,False,True
0.6,0.11,0.15,24.53192807270977,12.971628754719013,18.75177841371439,57.2859433184297,57.76921112115056,57.52757721979013,0.6930422512688785,0.24220788663871318,0.46762506895379585,60.50662223637973,False,True
0.6,0.11,0.17,24.261908888351236,12.552628233848962,18.4072685611001,56.87338286685994,57.07739894250824,56.97539090468409,0.697447611770763,0.2602490106085804,0.4788483111896717,59.875059119987704,False,True
0.6,0.11,0.19,24.129665240160634,12.638032135306124,18.38384868773338,56.93368586304802,56.4369072881691,56.68529657560856,0.6968056774560925,0.27675803014767575,0.4867818538018841,59.59185129225451,False,True
0.6,0.11,0.21,24.18056285260497,12.259694202552152,18.220128527578563,56.78374037200922,56.84075680907269,56.81224859054095,0.6984006121150717,0.2663702903142279,0.48238545121464976,59.66242262492284,False,True
0.6,0.11,0.23,24.24373955696725,12.834933051832822,18.539336304400035,57.07596151634189,56.70101862870756,56.888490072524725,0.695288436162546,0.2699729892540693,0.48263071270830765,59.833162153937586,False,True
0.6,0.11,0.25,24.05628449809339,12.419737088461067,18.23801079327723,57.15279424001744,56.448229844521705,56.800512042269574,0.6944675099212283,0.2764678027131666,0.48546765631719746,59.656711323703625,False,True
0.6,0.11,0.27,24.10110872232628,12.243442984839723,18.172275853583002,56.799962807577764,57.293456454688176,57.04670963113297,0.69822826082243,0.2546379889196193,0.4764331248710246,59.8711841325818,False,True
0.6,0.11,0.29,24.363039205787597,12.207337191556645,18.28518819867212,57.279078718905716,55.83343627730605,56.55625749810588,0.6931158126224636,0.2921423631317783,0.49262908787712095,59.438694212212596,False,True
0.6,0.11,0.31,23.859665572615715,11.673074247270927,17.76636990994332,57.040208493445334,55.96465549889349,56.50243199616941,0.695670066083614,0.28881125251129447,0.49224065929745425,59.22979589073972,False,True
0.6,0.11,0.33,24.195704651390272,11.88717005566912,18.041437353529695,57.05571582174165,56.18852113933565,56.622118480538646,0.6955045692933196,0.2831101844195939,0.48930737685645675,59.42691110099441,False,True
0.6,0.11,0.35,24.05529503272313,11.800401065160194,17.927848048941662,57.05732736598331,57.62531179523136,57.34131958060733,0.6954873680442966,0.24597840589077313,0.47073288696753485,60.07857077953239,False,True
0.6,0.13,0.11,24.36766774746524,13.641634177424027,19.004650962444636,56.7465588662142,56.78354439063399,56.7650516284241,0.6987954521846372,0.267846400369663,0.4833209262771501,59.861906456293234,False,True
0.6,0.13,0.13,24.526387305396202,12.939363596895321,18.732875451145762,57.39933763849431,58.49937393079484,57.949355784644574,0.6918258371643088,0.22293089304327973,0.45737836510379426,60.90195775608087,False,True
0.6,0.13,0.15,24.329177985453875,13.050570370842527,18.6898741781482,57.350383316629774,58.012682306444916,57.681532811537345,0.6923512795950163,0.2358069220496819,0.4640791008223491,60.633906556344115,False,True
0.6,0.13,0.17,24.270402779281078,12.77587599456009,18.523139386920583,57.00139149282859,55.726521027237055,56.36395626003282,0.6960841303373622,0.29485071572028154,0.49546742302882185,59.329606926307726,False,True
0.6,0.13,0.19,24.23971320214224,13.197125356843001,18.718419279492622,57.180521900584836,55.75288744085991,56.46670467072237,0.6941709800205819,0.2941832900235989,0.4941771350220904,59.48838505702992,False,True
0.6,0.13,0.21,24.251766848635476,12.376202503521558,18.31398467607852,57.01308310571406,56.54274179645006,56.77791245108206,0.6959594445705121,0.2740429370545179,0.48500119081251497,59.658472801592715,False,True
0.6,0.13,0.23,23.932850740474056,11.626836722200029,17.779843731337042,56.973900991057825,56.40046528943101,56.687183140244414,0.696377203361281,0.2776917409018581,0.48703447213156953,59.410096578665616,False,True
0.6,0.13,0.25,23.867287988980287,11.790444979956552,17.82886648446842,57.00768752077202,58.24837592553476,57.62803172315339,0.6960169892226462,0.22958478885179856,0.4628008890372224,60.32295185421363,False,True
0.6,0.13,0.27,24.035160357303475,12.312829808529296,18.173995082916385,57.266880796173716,58.291489633114146,57.77918521464393,0.6932465043551054,0.2284438901350767,0.46084519724509104,60.570028407967555,False,True
0.6,0.13,0.29,24.242380475886115,12.071461023748371,18.156920749817242,57.18332206017905,56.12723815634191,56.655280108260484,0.6941410260780692,0.2846731082076931,0.4894070671428811,59.49365121809721,False,True
0.6,0.13,0.31,23.838467501267598,11.37219918581544,17.605333343541517,56.86909279313771,56.407529320141094,56.6383110566394,0.6974932543202508,0.2775107946195625,0.48750202446990665,59.311432637273704,False,True
0.6,0.13,0.33,23.84548758788535,11.281611595445385,17.563549591665367,56.89411642526297,57.11050194193571,57.00230918359934,0.6972269767135851,0.25939069967852846,0.4783088381960568,59.646806507318914,False,True
0.6,0.13,0.35,23.84331147673292,11.335736531544365,17.589524004138642,56.960765519682255,58.056402817093854,57.508584168388055,0.6965171891701146,0.23465463947542098,0.4655859143227678,60.13841208200249,False,True
0.6,0.15,0.11,24.585982450170082,13.287468392573242,18.936725421371662,57.28295399246418,58.716896015017106,57.99992500374064,0.6930742861023537,0.21714129436957919,0.4551077902359664,61.01303852558044,False,True
0.6,0.15,0.13,24.218869230728604,13.254338478332697,18.73660385453065,56.829662899207335,57.78037486423663,57.30501888172198,0.6979125918994937,0.2419149758054734,0.46991378385248356,60.290343447654415,False,True
0.6,0.15,0.15,23.851791115324218,12.613426151876473,18.232608633600346,56.821988020900996,55.62603450693412,56.22401126391756,0.6979941805424832,0.29739148484437494,0.49769283269342907,59.10640794525723,False,True
0.6,0.15,0.17,23.855493095823178,12.32955628317223,18.092524689497704,56.74026748843223,56.42838126207881,56.58432437525552,0.698862236377048,0.27697653659736343,0.48791938648720573,59.40644085151222,False,True
0.6,0.15,0.19,24.116012877226183,12.31681216922771,18.216412523226946,57.02784903991358,55.496662427634426,56.262255733774005,0.6958019360143761,0.30065586356773377,0.49822889979105495,59.13779760414624,False,True
0.6,0.15,0.21,24.125441231925876,12.799922970119058,18.462682101022466,57.133445655296775,56.34032615125955,56.736885903278164,0.6946743456738331,0.27923129688721193,0.48695282128052253,59.66527342068433,False,True
0.6,0.15,0.23,24.002905037913628,12.246580569723074,18.12474280381835,56.885559865920264,57.65467211324247,57.27011598958137,0.6973180406298838,0.24520985634619175,0.47126394848803776,60.06973020719062,False,True
0.6,0.15,0.25,23.827188957158945,11.670200348727994,17.74869465294347,57.04486692621743,57.35596513723083,57.20041603172413,0.6956203552404591,0.25301068218863654,0.4743155187145478,59.890765198699434,False,True
0.6,0.15,0.27,23.98468698051632,12.236923984090371,18.110805482303345,56.94390318691698,55.69076147938462,56.3173323331508,0.6966968451361567,0.2957554098820663,0.4962261275091115,59.15778221282794,False,True
0.6,0.15,0.29,23.700683617546854,11.65654891823682,17.678616267891837,57.14452960489799,56.30151131385167,56.72302045937483,0.6945558671750738,0.2802240807393801,0.48738997395722694,59.414093641004285,False,True
0.6,0.15,0.31,23.769785988280795,10.996924982976905,17.38335548562885,57.09033562313539,56.800957833010834,56.945646728073115,0.6951349386840533,0.26739728189599554,0.4812661102900244,59.53979953962095,False,True
0.6,0.15,0.33,23.686584578237134,11.239129174688008,17.46285687646257,56.69963402105607,55.543064228784864,56.12134912492047,0.6992933901466145,0.2994859051411416,0.49938964764387805,58.775481264631324,False,True
0.6,0.15,0.35,23.634143739324536,10.650014196651462,17.142078967988,57.225048089466654,56.936149500340036,57.080598794903345,0.6936944994933829,0.2639058038944878,0.47880015169393536,59.59904051349701,False,True
0.6,0.17,0.11,24.109451596710496,12.703643966430894,18.406547781570694,56.92573984530617,57.766221254247775,57.34598054977697,0.6968903029044218,0.2422863242314709,0.46958831356794634,60.22758908050897,False,True
0.6,0.17,0.13,24.02222121995315,12.8922780398912,18.457249629922174,56.7456869348431,55.87279401748182,56.30924047616246,0.69880470834684,0.29114405465778903,0.49497438150231454,59.25707237877648,False,True
0.6,0.17,0.15,24.221593590700117,12.278851440052625,18.25022251537637,57.4418149642882,57.86723596669475,57.654525465491474,0.6913695511333141,0.2396340077168626,0.46550177942508836,60.474084767871894,False,True
0.6,0.17,0.17,24.15273854809811,12.516667987668809,18.33470326788346,56.945842049757786,57.26935049437522,57.1075962720665,0.6966761906606138,0.25526507229920725,0.47597063147991053,59.97865366857346,False,True
0.6,0.17,0.19,23.67179729088539,11.912629065193375,17.792213178039383,57.01650621548347,58.190466418250196,57.603486316866835,0.6959229338125232,0.23111589378532837,0.4635194137989258,60.28867626370862,False,True
0.6,0.17,0.21,23.895031829589673,11.962759896368256,17.928895862978965,56.99432560865506,58.301291025012546,57.6478083168338,0.6961594724011074,0.2281844025277613,0.46217193746443436,60.37147596837398,False,True
0.6,0.17,0.23,23.834337526451705,11.826883557536346,17.830610541994027,56.99417701961372,56.76686395764804,56.88052048863088,0.6961610566750989,0.26827648431123596,0.4822187704931674,59.60976667759928,False,True
0.6,0.17,0.25,24.023005201673982,12.125227416542936,18.074116309108458,56.93598616492882,55.668899824682484,56.30244299480565,0.6967811769323976,0.2963082100152147,0.49654469347380614,59.13238340823512,False,True
0.6,0.17,0.27,23.851743542412727,11.946397127614922,17.899070335013825,56.88974991824981,57.10358941582139,56.996669667035604,0.6972734493501219,0.25956997218112254,0.47842171076562223,59.74108361915566,False,True
0.6,0.17,0.29,23.705376453469018,11.339632839096158,17.522504646282588,57.05133168910217,58.08801873903021,57.569675214066194,0.6955513620483915,0.23382084039259943,0.4646861012204955,60.17728536027579,False,True
0.6,0.17,0.31,23.49100386675287,11.178500527895077,17.334752197323972,56.56597878081923,56.20391900417495,56.38494889249709,0.7007094008398003,0.28271721856953647,0.49171330970466837,58.98945749328551,False,True
0.6,0.17,0.33,23.52198539932522,11.045753286291147,17.283869342808185,56.61780357748539,56.25716645286545,56.43748501517542,0.700160739609523,0.2813574710295278,0.4907591053195254,59.024756283253,False,True
0.6,0.17,0.35,23.479947155016532,11.398343715145531,17.43914543508103,56.7642783286718,57.06889234595754,56.91658533731467,0.6986073168662038,0.2604694934759383,0.47953840517107105,59.528325022343196,False,True
0.6,0.19,0.11,23.80525464250552,12.680850669951854,18.243052656228688,56.5514835123599,56.914744937553806,56.73311422495685,0.7008627701201426,0.26445915402315945,0.48266096207165105,59.59408712179367,False,True
0.6,0.19,0.13,23.844359863345403,12.514574003012836,18.17946693317912,56.363588579922684,58.32043649982289,57.34201253987278,0.7028472625498685,0.22767740852877327,0.4652623355393209,60.15479548712206,False,True
0.6,0.19,0.15,24.082642770646654,12.901060564991864,18.491851667819258,56.9910412658574,55.81148791745694,56.40126459165717,0.6961944894904384,0.2926987774052393,0.49444663344783885,59.35529652560713,False,True
0.6,0.19,0.17,23.88486369631013,12.388249853280229,18.13655677479518,56.812398116126516,56.62168661475132,56.717042365438914,0.6980961115995579,0.2720143634473483,0.4850552375234531,59.546264251658656,False,True
0.6,0.19,0.19,23.99876742006752,12.637155683608228,18.317961551837875,57.08043690295097,56.87887932575785,56.97965811435441,0.6952406487760223,0.26538588436041055,0.48031326656821643,59.85172640988165,False,True
0.6,0.19,0.21,23.747179282318108,12.249818870797148,17.99849907655763,56.6019022123159,56.52393928096817,56.562920746642035,0.7003291383722379,0.27452567096346225,0.48742740466785006,59.35747612895745,False,True
0.6,0.19,0.23,23.821988022066623,11.85889224976628,17.840440135916452,56.78832203424405,55.71783381053489,56.253077922389465,0.6983519403557404,0.2950705502641292,0.4967112453099348,59.01432097368943,False,True
0.6,0.19,0.25,23.553083833812686,11.393648846818042,17.473366340315366,56.54187233515749,57.16557668488853,56.853724510023014,0.7009644408962544,0.25796159179433165,0.47946301634529304,59.47826932522884,False,True
0.6,0.19,0.27,23.62031659147659,11.543687138190045,17.582001864833316,56.616945037679265,57.162671532140116,56.88980828490969,0.7001698329325576,0.2580370106134481,0.47910342177300286,59.54474851965353,False,True
0.6,0.19,0.29,23.612544834407707,10.844792081294067,17.228668457850887,57.013068895551896,56.373360189099756,56.693214542325826,0.6959595961309898,0.27838583210302636,0.4871727141170081,59.25324963217402,False,True
0.6,0.19,0.31,23.3065898240817,11.051581535245306,17.179085679663505,56.820248366764936,56.57038551669428,56.69531694172961,0.6980126725963047,0.2733329233913946,0.48567279799384966,59.24086383496102,False,True
0.6,0.19,0.33,23.489980034426285,10.639873768882715,17.064926901654502,56.8164122849583,57.64792284553971,57.232167565249,0.6980534471096471,0.24538656301625328,0.4717200050629502,59.72212935232259,False,True
0.6,0.19,0.35,23.289144617128954,10.394008456166,16.841576536647477,56.67676033656141,56.56925510938795,56.62300772297468,0.6995359624604391,0.2733619640832028,0.48644896327182097,59.07456054712387,False,True
0.6,0.21,0.11,23.852966529442426,12.527231365586694,18.19009894751456,56.545812377756086,56.144428974715844,56.345120676235965,0.7009227636809883,0.2842348561836091,0.4925788099322987,59.20854941425236,False,True
0.6,0.21,0.13,23.853454981566287,12.463423818082092,18.15843939982419,56.927189378778664,58.13045050667173,57.52881994272519,0.6968748661882048,0.2327010841760745,0.46478797518213966,60.32656169084712,False,True
0.6,0.21,0.15,23.93259220871436,12.492152628905147,18.212372418809753,56.579953243583795,57.024723486578864,56.802338365081326,0.7005615048057532,0.261613779872919,0.4810876423393361,59.650617372015624,False,True
0.6,0.21,0.17,23.86153681359421,12.205061910884785,18.033299362239497,56.89474006466858,56.037166607354,56.465953336011296,0.69722033904224,0.2869671424415122,0.4920937407418761,59.275659186826026,False,True
0.6,0.21,0.19,23.91852999631152,12.241350504355255,18.079940250333387,56.68077181792688,56.48803774434947,56.584404781138176,0.6994934283235145,0.2754469574836076,0.48747019290356103,59.402685998962355,False,True
0.6,0.21,0.21,23.777272511369315,11.77328974375203,17.775281127560675,57.130400113270696,58.39880523124772,57.76460267225921,0.6947068960413871,0.22560037990618198,0.46015363797378456,60.43765333836011,False,True
0.6,0.21,0.23,23.668744541080308,12.059776772310208,17.864260656695258,56.98635986281947,55.32233611996234,56.15434799139091,0.6962443983040005,0.30504252746085714,0.5006434628824288,58.9274350973176,False,True
0.6,0.21,0.25,23.677156604287145,11.49118469120611,17.584170647746628,56.69852599994567,56.57692906504763,56.637727532496655,0.6993051428156368,0.2731648051749227,0.48623497399527976,59.3045971018639,False,True
0.6,0.21,0.27,23.524874224175004,11.292927247886855,17.40890073603093,56.80471492361535,55.563102717723275,56.183908820669316,0.6981777638065882,0.2989803595335405,0.4985790616700644,58.81922674777578,False,True
0.6,0.21,0.29,23.433317119968024,11.247895361775502,17.340606240871764,56.91879238557364,56.82008614800513,56.869439266789385,0.6969642839863662,0.26690377560029377,0.48193402979333,59.4544342107467,False,True
0.6,0.21,0.31,23.333950037210368,11.251609379384899,17.292779708297633,56.534013412436735,56.05784657371817,56.29592999307745,0.7010475627996935,0.2864407697769412,0.49374416628831735,58.892036506009774,False,True
0.6,0.21,0.33,23.5808472599696,10.900184270527195,17.240515765248396,56.62874195949751,57.403325074665936,57.01603351708172,0.700044872409298,0.25177656562684003,0.47591071901806903,59.56562315524589,False,True
0.6,0.21,0.35,23.376144515511292,10.670091047444775,17.023117781478035,56.58891896331929,56.653634124270646,56.62127654379496,0.7004665986002592,0.27119263274111305,0.4858296156706861,59.12491434624645,False,True
0.6,0.23,0.11,23.813859998136227,12.591710886762822,18.202785442449525,56.636256786136705,56.57353699059038,56.60489688836354,0.6999652569960126,0.27325195749056597,0.4866086072432893,59.45969853275511,False,True
0.6,0.23,0.13,24.058681432314895,12.756857917509329,18.40776967491211,57.28752010035733,56.654996777093736,56.97125843872553,0.6930253531586694,0.2711575732652237,0.48209146321194657,59.87128086567606,False,True
0.6,0.23,0.15,23.7255468641925,12.36595514958432,18.04575100688841,56.72631011541921,56.23115817142204,56.478734143420624,0.6990103701567438,0.28202178947586676,0.4905160798163053,59.29162284712572,False,True
0.6,0.23,0.17,23.520954390635517,11.854507150453292,17.687730770544405,57.09223807511768,56.571435736006634,56.831836905562156,0.6951146199804557,0.27330594224659577,0.4842102811135257,59.52069812990839,False,True
0.6,0.23,0.19,23.69625581145231,11.770599188648037,17.733427500050173,56.50970145289346,56.54722927932896,56.528465366111206,0.701304631290828,0.2739277021344966,0.4876161667126623,59.244762195042775,False,True
0.6,0.23,0.21,23.601295234511433,11.703087236124778,17.652191235318107,56.8072167651151,55.7317418353216,56.26947930021835,0.6981511769985849,0.29471858396445405,0.49643488048151946,58.97333428021467,False,True
0.6,0.23,0.23,23.486830368899973,11.76441715701824,17.62562376295911,56.59863996198485,55.23282956076046,55.915734761372654,0.7003636804338054,0.30728946556531134,0.5038265729995584,58.62791150073117,False,True
0.6,0.23,0.25,23.38432085305153,11.753998442486981,17.569159647769254,56.79467082905766,56.34940187286816,56.572036350962904,0.6982844895623438,0.278999064544337,0.4886417770533404,59.23740935948729,False,True
0.6,0.23,0.27,23.317491900793662,10.876867729559061,17.09717981517636,56.76802169471132,57.22457363131074,56.996297663011035,0.6985675643891667,0.2564291804029526,0.47749837239605963,59.50539055348709,False,True
0.6,0.23,0.29,23.181387901934215,10.918258027643597,17.049822964788905,56.69929860222764,56.27344399782991,56.48637130002878,0.699296947924797,0.2809415443436363,0.49011924613421665,59.00344571103757,False,True
0.6,0.23,0.31,23.319513159867267,10.62179093372334,16.9706520467953,56.921782649124495,58.03466919120067,57.478225920162586,0.6969324428168343,0.23522755186713296,0.46607999734198363,59.93120627705276,False,True
0.6,0.23,0.33,23.0903979474679,10.162999080278192,16.626698513873045,56.57635073372567,57.165415323939186,56.870883028832424,0.7005996347697072,0.25796578088363875,0.479282707826673,59.25153533833843,False,True
0.6,0.23,0.35,23.238737484458902,10.45337830402147,16.846057894240186,56.76862266220716,56.87709675309003,56.82285970764859,0.6985611822025253,0.2654319289569169,0.4819965555797211,59.26741981840618,False,True
0.6,0.25,0.11,23.963131752383404,12.574316863246853,18.268724307815127,57.126970438264266,56.773195298620706,56.950082868442486,0.694743549896342,0.2681132535422436,0.4814284017192928,59.808512994033066,False,True
0.6,0.25,0.13,23.66478967133324,12.17950538714368,17.922147529238458,56.83962555553931,57.737276242057234,57.288450898798274,0.6978066663431052,0.2430454715790743,0.47042606896108974,60.02641067433409,False,True
0.6,0.25,0.15,23.60446230328354,12.018793191033076,17.811627747158308,56.74066811973184,56.00832797726735,56.374498048499596,0.698857983819037,0.287700855470996,0.4932794196450165,59.121384567883936,False,True
0.6,0.25,0.17,23.403097707210318,11.624145314351624,17.513621510780972,56.60274281417838,56.301344570423005,56.45204369230069,0.7003202374079558,0.28022834413210695,0.4902742907700314,59.106346321358046,False,True
0.6,0.25,0.19,23.389108933375567,11.601874486933974,17.49549171015477,56.850728136198725,57.29429335343956,57.07251074481914,0.6976885989381888,0.25461621341047946,0.47615240617433413,59.693916883528345,False,True
0.6,0.25,0.21,23.433479072440914,11.768490978849853,17.600985025645382,56.69326858203056,55.37328608293185,56.033277332481205,0.6993609045909961,0.30376187430065305,0.5015613894458246,58.73263864744836,False,True
0.6,0.25,0.23,23.468463326225038,11.674687750467424,17.57157553834623,56.57438376201361,56.38594476598877,56.48016426400119,0.7006204527194015,0.2780636152765994,0.48934203399800047,59.15039494532868,False,True
0.6,0.25,0.25,23.33952246824783,11.441695766888937,17.39060911756838,56.624973693182035,54.81562581523185,55.72029975420694,0.7000847911204333,0.3177147846719699,0.5088997878962016,58.37109807240846,False,True
0.6,0.25,0.27,23.25230511114057,10.939205938990613,17.09575552506559,56.88899536497948,56.35357894714615,56.62128715606281,0.6972814796822748,0.278892167718935,0.4880868237006049,59.14587911412032,False,True
0.6,0.25,0.29,23.065609779055922,10.844746215988426,16.955177997522174,56.66243162660353,57.45126261292022,57.05684711976187,0.6996878666202627,0.25052636048115995,0.47510711355071134,59.52278441215211,False,True
0.6,0.25,0.31,23.15757444099794,10.23180890628725,16.694691673642595,56.81084916687757,57.17388671831858,56.99236794259807,0.6981125737607006,0.257745839149767,0.4779292064552338,59.38722702553531,False,True
0.6,0.25,0.33,23.156813789918484,10.593698852930258,16.87525632142437,56.59641775435963,55.756528853666154,56.17647330401289,0.7003872089512047,0.2940910883795991,0.49723914866540186,58.65637585795977,False,True
0.6,0.25,0.35,22.994659905866374,10.206254794849755,16.600457350358063,56.75160537948415,56.92094817041023,56.83627677494719,0.6987418771180005,0.264298809641476,0.48152034337973826,59.21095795441464,False,True
0.6,0.27,0.11,23.415793253383008,12.063343686874633,17.73956847012882,56.56634953530772,58.75790021003324,57.66212487267048,0.7007054775028744,0.21604751381579557,0.45837649565933497,60.32920465527316,False,True
0.6,0.27,0.13,23.54957900207186,12.418202047132162,17.98389052460201,56.76796413213645,56.54010833123985,56.65403623168815,0.6985681756917214,0.27411055804664575,0.48633936686918355,59.43988677430589,False,True
0.6,0.27,0.15,23.360586607045178,12.119357746749916,17.739972176897545,56.0971909965298,56.82371657521901,56.46045378587441,0.705649557432299,0.26681009261990873,0.48622982502610385,59.18183382207718,False,True
0.6,0.27,0.17,23.43431319645541,11.840529069682908,17.63742113306916,56.63179694021553,55.71026895068785,56.171032945451685,0.7000125078602385,0.29526195506623376,0.49763723146323613,58.87498251706113,False,True
0.6,0.27,0.19,23.553857895240256,11.983160461101766,17.768509178171012,56.737472164945856,55.164268500441025,55.95087033269344,0.6988919069008352,0.30900813514518466,0.5039500210230099,58.70451268344387,False,True
0.6,0.27,0.21,23.27534217369624,11.270386034704654,17.272864104200448,56.8471619506446,59.03668462859929,57.94192328962194,0.6977265250922653,0.20859073896754177,0.45315863202990353,60.46170944376788,False,True
0.6,0.27,0.23,23.247996431769362,11.19812348750416,17.22305995963676,56.74749647135565,56.3447976546364,56.54614706299603,0.6987854986906671,0.27911688336478135,0.4889511910277242,59.11091728304694,False,True
0.6,0.27,0.25,23.208413266050307,11.042786918219887,17.125600092135098,56.811277176941424,56.8175306185469,56.81440389774416,0.6981080249343685,0.26696971731190444,0.4825388711231365,59.33938547686304,False,True
0.6,0.27,0.27,23.11327653494403,10.686011116040845,16.89964382549244,56.62900964019456,57.00268677087569,56.815848205535126,0.7000420366624801,0.2621843556585023,0.4811131961604912,59.27595270211111,False,True
0.6,0.27,0.29,23.246197115404097,10.854676642786504,17.0504368790953,56.84934458436296,55.71538652752802,56.28236555594549,0.6977033132054665,0.2951324738479596,0.49641789352671306,58.80835034534715,False,True
0.6,0.27,0.31,23.084230872220328,10.284884989596922,16.684557930908625,56.60158604210361,55.77874759251629,56.19016681730995,0.7003324862009013,0.2935283729033601,0.4969304295521307,58.61492404078475,False,True
0.6,0.27,0.33,22.96183461593226,10.666274105371228,16.814054360651745,56.650368178601425,57.49499589348783,57.072682036044625,0.699815726087422,0.24938489152952814,0.4746003088084751,59.49792818939499,False,True
0.6,0.27,0.35,23.010212714457044,9.983200157009597,16.49670643573332,56.630765177013686,58.682103353506946,57.656434265260316,0.7000234385829993,0.21806878440909605,0.4590461114960477,59.97004031523615,False,True
0.6,0.29,0.11,23.312874810547633,11.574570234816232,17.44372252268193,56.543640275035756,57.302230843214666,56.92293555912521,0.7009457402366052,0.25440966976819346,0.4776777050023993,59.53573757094676,False,True
0.6,0.29,0.13,23.371943072800935,12.22111998379724,17.796531528299088,56.39674589948931,55.73131032934652,56.064028114417916,0.7024975443505439,0.29472950527991826,0.4986135248152311,58.82084479886349,False,True
0.6,0.29,0.15,23.453166455593262,11.728145664554674,17.590656060073968,56.698493556369165,58.897875152202175,57.79818435428567,0.6993054869379447,0.21230795167735494,0.4558067193076498,60.41573714915518,False,True
0.6,0.29,0.17,23.314449866243805,11.724759562324623,17.519604714284213,56.417192805070236,56.68426150996353,56.55072715751688,0.7022817834148837,0.27040442212568805,0.48634310277028586,59.20237572419444,False,True
0.6,0.29,0.19,23.274077100710954,11.502390152996247,17.3882336268536,56.31198736606211,57.440709484582655,56.876348425322384,0.7033911038279029,0.25080167436361867,0.4770963890957608,59.47495001141837,False,True
0.6,0.29,0.21,23.163498261502294,11.276362636431005,17.21993044896665,56.29579964719535,57.368842370246085,56.83232100872072,0.7035616086006571,0.25267522500292916,0.4781184168017931,59.38382537278587,False,True
0.6,0.29,0.23,23.075823224262983,10.999903860415275,17.037863542339128,56.43377966795846,57.646924846814585,57.04035225738652,0.7021066971718992,0.2454126904703593,0.47375969382112926,59.53058524602382,False,True
0.6,0.29,0.25,22.8713886686791,10.709938525620542,16.79066359714982,56.2632054237167,58.58044612396021,57.42182577383845,0.7039047738856773,0.22077557594061825,0.4623401749131478,59.826352548301905,False,True
0.6,0.29,0.27,23.03974742710877,10.78461328803554,16.912180357572154,56.6079907482095,56.88075108589277,56.744370917051135,0.700264665099869,0.26533753446122177,0.48280109978054536,59.21102494653279,False,True
0.6,0.29,0.29,22.788795921850554,10.276850689275156,16.532823305562854,56.3364706370473,56.57670568088544,56.45658815896637,0.7031331291054891,0.2731705447282423,0.4881518369168657,58.827549609040354,False,True
0.6,0.29,0.31,23.06520297196756,10.501573371251874,16.78338817160972,56.68466290625784,55.22582563818319,55.95524427222051,0.6994521678497212,0.3074651358460283,0.5034586518478747,58.41807494331523,False,True
0.6,0.29,0.33,23.073304467320863,10.197884924456359,16.63559469588861,56.646795534141226,56.14045069385655,56.393623113998885,0.6998535870193359,0.2843362879352118,0.49209493747727384,58.796120099966004,False,True
0.6,0.29,0.35,22.847784700569026,9.729010432501207,16.288397566535117,56.65353783140779,56.21812320523687,56.435830518322334,0.6997821338416867,0.282354620499241,0.49106837717046387,58.739380840951235,False,True
0.62,0.05,0.11,22.22360120337887,11.44751773047024,16.835559466924554,54.87684089330468,56.62396967553748,55.75040528442108,0.7183169803541102,0.27195565558939494,0.49513631797175256,58.23696207685939,False,True
0.62,0.05,0.13,22.299212127577956,11.145132983380705,16.722172555479332,54.860252234847096,56.3553191662021,55.6077857005246,0.7184872539001446,0.27884763088595144,0.498667442393048,58.06769226937381,False,True
0.62,0.05,0.15,22.072727106976593,10.600287640590988,16.33650737378379,54.63030307670367,58.17965240735536,56.404977742029516,0.7208422540846648,0.23140164329093826,0.47612194868780155,58.72310437342816,False,True
0.62,0.05,0.17,21.94820733183199,10.555067513412157,16.251637422622075,54.50702625264795,56.037061798582855,55.2720440256154,0.7221007077281414,0.2869698096722886,0.504535258700215,57.61175721748068,False,True
0.62,0.05,0.19,21.988301765716333,10.59721424405356,16.292758004884945,54.766305101507584,55.919602799064364,55.342953950285974,0.719450598732041,0.2899558347857829,0.5047032167589119,57.69139030521986,False,True
0.62,0.05,0.21,22.18500024436715,10.704841295879973,16.44492077012356,54.796579859468075,55.95090143019924,55.37374064483366,0.7191403381504397,0.28916077800388373,0.5041505580771617,57.76405951919364,False,True
0.62,0.05,0.23,22.12160528270041,10.597960311990454,16.35978279734543,54.67620359594974,55.80837740786466,55.2422905019072,0.7203729589232382,0.292777614433674,0.5065752866784561,57.6138277939717,False,True
0.62,0.05,0.25,22.014167292989374,10.206092011661777,16.110129652325575,54.757328388474235,54.438326960099694,54.59782767428696,0.7195425605712235,0.3270748709746024,0.5233087157729129,56.925030207860885,False,True
0.62,0.05,0.27,21.775430286050288,9.656378974889535,15.715904630469911,54.413399295421705,55.795967844843055,55.10468357013238,0.7230545854418529,0.29309209571477446,0.5080733405783137,57.3019703825134,False,True
0.62,0.05,0.29,21.577232033425524,10.009449409321372,15.793340721373447,54.36108336210429,54.157387485339704,54.259235423722,0.7235868695095773,0.33400246868660655,0.5287946690980919,56.51100989991491,False,True
0.62,0.05,0.31,21.841258909362107,9.804541347476558,15.822900128419333,54.76788537538193,56.09250910783462,55.430197241608276,0.7194344080730293,0.2855580595212557,0.5024962337971425,57.6443486797928,False,True
0.62,0.05,0.33,21.8550209915178,9.792003081895158,15.823512036706479,54.45425648803227,55.74015559803669,55.097206043034475,0.7226385312934988,0.2945056166960124,0.5085720739947556,57.324389634119875,False,True
0.62,0.05,0.35,21.706949870404017,9.019600334866624,15.36327510263532,54.59571319664095,57.55170295873343,56.073708077687186,0.7211956468167322,0.24790350449071563,0.4845495756537239,58.14026968858104,False,True
0.62,0.07,0.11,22.20452517943892,11.388620736736698,16.796572958087808,54.801590193855944,55.383599997224096,55.09259509554002,0.7190889749026108,0.30350248535590973,0.5112957301292602,57.59617085794408,False,True
0.62,0.07,0.13,22.189703308076396,11.063318425451891,16.626510866764143,54.804114090902445,55.8664903908692,55.335302240885824,0.7190630994916816,0.29130399336203494,0.5051835464268583,57.77920506283216,False,True
0.62,0.07,0.15,22.290975781714405,11.308275306746802,16.799625544230604,54.713714203227994,55.594045734568475,55.15387996889824,0.7199891510721319,0.2981993483404548,0.5090942497062934,57.65568397001288,False,True
0.62,0.07,0.17,22.156668709812365,10.74514136679418,16.450905038303272,54.828068133334064,55.84207048086726,55.33506930710066,0.7188174593515493,0.29192341692654356,0.5053704381390465,57.72869452707991,False,True
0.62,0.07,0.19,21.67789854979403,10.093655574964643,15.885777062379336,54.28890325788078,56.635338359388534,55.46212080863466,0.724320419380702,0.27166327987193994,0.497991849626321,57.69232841086588,False,True
0.62,0.07,0.21,21.81100570574679,9.864075043320153,15.837540374533472,54.54866632273922,54.583832722198636,54.56624952246893,0.7216759490553142,0.3234728007117945,0.5225743748835543,56.81815970324381,False,True
0.62,0.07,0.23,21.93688535874327,10.3350178364317,16.135951597587486,54.85397669204439,56.49319165710216,55.67358417457328,0.7185516555086371,0.2753147364445665,0.4969331959766018,57.964790250659775,False,True
0.62,0.07,0.25,22.1081464428102,10.634238752670623,16.37119259774041,54.484490981471346,56.8991760687658,55.69183352511857,0.7223304484333937,0.26486150925337704,0.49359597884338535,58.04822364604994,False,True
0.62,0.07,0.27,21.686821069020716,9.509799085790782,15.598310077405749,54.815267296743684,55.893609849117134,55.354438572930405,0.7189487407080002,0.2906157769908423,0.5047822588494213,57.51018298523509,False,True
0.62,0.07,0.29,21.630285923670915,9.672154053198554,15.651219988434734,54.663792261256624,56.38928772028125,55.52653999076894,0.7204998935187726,0.27797800983404175,0.4992389516764072,57.690184004498036,False,True
0.62,0.07,0.31,21.781016736997135,9.402618639971354,15.591817688484245,54.54670512556813,55.547022499790586,55.04686381267936,0.7216959619562948,0.299386057447399,0.5105410097018469,57.21242867107285,False,True
0.62,0.07,0.33,21.44304734768131,8.745281989365965,15.09416466852364,54.32070968613735,55.3505281857945,54.835618935965925,0.7239972980480591,0.304334051273093,0.514165674660576,56.87511680103147,False,True
0.62,0.07,0.35,21.498330888275124,9.364690881620778,15.43151088494795,54.733193716512076,54.949401510992246,54.84129761375216,0.719789733207755,0.3143805327102529,0.5170851329590039,56.97104046928058,False,True
0.62,0.09,0.11,22.036712608715344,10.975284316834843,16.505998462775093,54.75789730989993,55.39839253254506,55.078144921222496,0.7195367327092779,0.3031303773669656,0.5113335550381217,57.49826113211008,False,True
0.62,0.09,0.13,22.025438171457974,10.889625553088097,16.457531862273036,54.45394450839355,53.60153819846513,54.027741353429334,0.7226417094062307,0.3476033644719978,0.5351225369391143,56.478732198508055,False,True
0.62,0.09,0.15,21.918354140596012,10.608282550993675,16.263318345794843,54.44653964843581,55.58046873530383,55.01350419186982,0.7227171368037014,0.2985420894852837,0.5106296131444925,57.36707389335406,False,True
0.62,0.09,0.17,21.975689774658402,10.574324126155984,16.275006950407192,54.88195028718136,57.150082609014554,56.01601644809796,0.7182645248383347,0.2583637793334972,0.48831415208591594,58.33240908748226,False,True
0.62,0.09,0.19,21.980443545907306,11.003077688179392,16.491760617043347,54.604554869719834,54.88526492199636,54.7449098958581,0.7211053358231256,0.3159800999520911,0.5185427178876083,57.175023635810454,False,True
0.62,0.09,0.21,21.99264332974277,10.491508482463004,16.242075906102887,54.69191643951071,55.20743816570551,54.94967730260811,0.7202122174306467,0.30792621888884353,0.514069218159745,57.29984350240734,False,True
0.62,0.09,0.23,21.821846595710596,10.37922189920545,16.10053424745802,54.51858224375384,55.768910910273696,55.14374657701377,0.7219828608231094,0.2937775260107728,0.507880193416941,57.44614860548518,False,True
0.62,0.09,0.25,21.74972061473296,9.756959999741428,15.753340307237195,54.8593557811281,57.688016545964004,56.27368616354605,0.7184964540432723,0.24433654196663712,0.48141649800495473,58.43710709188896,False,True
0.62,0.09,0.27,21.580744306516785,9.29401421475668,15.437379260636732,54.54142447641267,57.673024679504906,56.10722457795879,0.7217498443986187,0.24472925207433083,0.48323954823647475,58.19221020272593,False,True
0.62,0.09,0.29,21.650189894617164,9.870471596234626,15.760330745425895,54.42714516365822,56.861688854808264,55.64441700923324,0.7229146443218775,0.26582986126123365,0.49437225279155556,57.833287728631355,False,True
0.62,0.09,0.31,21.356686255952358,9.056231085135853,15.206458670544105,54.470570713834356,56.01666356245273,55.24361713814354,0.7224723141510525,0.28748882014561195,0.5049805671483323,57.29828636010638,False,True
0.62,0.09,0.33,21.438149623200687,9.138965940904187,15.288557782052436,54.46645024426884,56.21137371574021,55.338911980004525,0.7225143001672071,0.28252692967314863,0.5025206149201779,57.411977654369686,False,True
0.62,0.09,0.35,21.77137160186771,9.600136926607512,15.68575426423761,54.97453354296397,54.2580821917854,54.61630786737469,0.7173131742157596,0.3315235909735804,0.52441838259467,56.82414954842618,False,True
0.62,0.11,0.11,21.859001512580186,10.484987616730889,16.171994564655538,54.73253857811774,55.392093693726686,55.06231613592222,0.7197964412177622,0.303288837556395,0.5115426393870786,57.388082965468435,False,True
0.62,0.11,0.13,21.797293962138177,10.78585137491455,16.291572668526364,54.67017418533655,55.29246746013998,54.98132082273827,0.720434627187579,0.30579274324334316,0.5131136852154611,57.34423231177438,False,True
0.62,0.11,0.15,21.680805304246682,10.839439777773352,16.260122541010016,54.38531869168119,54.552945752945384,54.46913222231329,0.723340352840934,0.32423822745670317,0.5237892901488186,56.8443308527817,False,True
0.62,0.11,0.17,21.911536353257873,10.63868945915878,16.275112906208328,54.8077985503253,56.23272896497601,55.52026375765065,0.7190253236632724,0.2819816760820152,0.5005034998726439,57.856537986894146,False,True
0.62,0.11,0.19,21.813958312049937,10.656589821257265,16.235274066653602,54.77968132391366,56.102817921452065,55.44124962268286,0.7193135381995706,0.2852954317406463,0.5023044849701084,57.76950998358898,False,True
0.62,0.11,0.21,21.62998309652209,10.140790478673534,15.885386787597811,54.481377437452515,56.24619131699653,55.36378437722452,0.7223621826628498,0.281637841710892,0.5020000121868708,57.59769208882763,False,True
0.62,0.11,0.23,21.805671296631257,10.149311550801222,15.97749142371624,54.63037785040533,55.93306847468275,55.28172316254404,0.7208414899054046,0.28961383036814103,0.5052276601367729,57.54432333440966,False,True
0.62,0.11,0.25,21.689027243120385,10.173060128552212,15.931043685836299,54.444213523184445,55.61847611159497,55.03134481738971,0.7227408290675597,0.29758241098803906,0.5101616200277994,57.29089862561479,False,True
0.62,0.11,0.27,21.58190963031574,9.553652125326398,15.567780877821068,54.505791131577574,56.727744086845725,55.61676760921165,0.7221133018983263,0.26928464520730344,0.4956989735528149,57.75448589293221,False,True
0.62,0.11,0.29,21.362401834406835,9.259886820603857,15.311144327505346,54.57501628794111,55.716473467827335,55.145744877884226,0.721406992878366,0.29510497134134817,0.5082559821098571,57.23184706747104,False,True
0.62,0.11,0.31,21.45113772713302,9.069340077945679,15.26023890253935,54.43238502350886,55.92138992961544,55.17688747656214,0.7228612901246357,0.2899104495600747,0.5063858698423552,57.24826462840403,False,True
0.62,0.11,0.33,21.554379991709965,9.292049452754798,15.42321472223238,54.516375313739275,56.76007915302647,55.63822723338287,0.7220053688167187,0.2684513857963289,0.4952283773065238,57.73636533452407,False,True
0.62,0.11,0.35,21.234197764179882,8.57191075944263,14.903054261811256,54.48655925518886,53.68517986368093,54.0858695594349,0.7223093669283382,0.3455657320705181,0.5339375494994282,56.10153573950269,False,True
0.62,0.13,0.11,21.90851680464577,10.946788537185443,16.427652670915606,54.69940816310612,57.27055201822208,55.984980090664095,0.7201355612653222,0.2552338225590156,0.4876846919121689,58.345400573038276,False,True
0.62,0.13,0.13,21.66388726469849,10.623834155219052,16.143860709958773,54.53604566102167,54.77568519876617,54.65586542989392,0.7218047231420534,0.31870869703602356,0.5202567100890385,56.99024359057631,False,True
0.62,0.13,0.15,21.83097017338889,10.729149792459651,16.28005998292427,54.53364151683866,57.598487375855534,56.0660644463471,0.7218292502894279,0.2466802323351408,0.48425474131228435,58.38188019882161,False,True
0.62,0.13,0.17,21.611206910710163,10.13179101602832,15.871498963369241,54.67597263239833,57.32200815932692,55.99899039586262,0.7203753213227401,0.25389491423020405,0.48713511777647206,58.20473696100812,False,True
0.62,0.13,0.19,21.630132798983837,10.26198827536415,15.946060537173993,54.638913217285214,53.97165751106694,54.30528536417607,0.720754252491667,0.3385626443547066,0.5296584484231868,56.59806414657496,False,True
0.62,0.13,0.21,21.61678819123887,10.003565939627986,15.810177065433429,54.42317388288524,56.22319870814433,55.32318629551479,0.7229550779546678,0.28222503326205906,0.5025900556083635,57.537958259992095,False,True
0.62,0.13,0.23,21.690758113170173,10.109199099708038,15.899978606439106,54.16390120736651,54.846456221764164,54.50517871456533,0.7255884810855406,0.31694708218830825,0.5212677816369244,56.77696563212873,False,True
0.62,0.13,0.25,21.445861351145208,9.530131738429823,15.487996544787515,54.570981776109015,57.62502671119319,56.098004243651104,0.7214481818807374,0.24598586646608267,0.48371702417341006,58.19677067580337,False,True
0.62,0.13,0.27,21.235482275296537,9.047041444210318,15.141261859753428,54.16800036734689,56.928269842263035,55.54813510480496,0.7255469442221918,0.26410953278280946,0.49482823850250063,57.5747611747308,False,True
0.62,0.13,0.29,21.215112883513527,9.255703007855725,15.235407945684626,54.416154679214635,56.066707414059614,55.241431046637125,0.723026536827454,0.28621517302271815,0.5046208549250861,57.30386862465565,False,True
0.62,0.13,0.31,21.54218385167627,9.471121536772092,15.506652694224181,54.80350287402348,54.310222719609236,54.55686279681636,0.7190693658978019,0.33023819869257964,0.5246537822951908,56.71778870874582,False,True
0.62,0.13,0.33,21.247299998965374,9.035125257370547,15.14121262816796,54.67909291939789,56.288366198927996,55.48372955916294,0.7203434047749728,0.2805601439259966,0.5004517743504847,57.5126122311074,False,True
0.62,0.13,0.35,21.099387281484038,8.191877592281186,14.645632436882611,54.75336439682752,57.13372332688007,55.9435438618538,0.7195831648424569,0.25878830714273715,0.489185735992597,57.82883925256868,False,True
0.62,0.15,0.11,21.448729903108337,10.252113470470453,15.850421686789396,54.0061613568118,54.434261498900746,54.22021142785627,0.727184474037246,0.3271753754905009,0.5271799247638734,56.48953172872368,False,True
0.62,0.15,0.13,21.79316554559243,10.56236708659684,16.177766316094633,54.504415610722134,55.555886046299086,55.030150828510614,0.7221273273483793,0.2991624479922562,0.5106448876703178,57.35884956296451,False,True
0.62,0.15,0.15,21.742696225914912,10.337565394188289,16.0401308100516,54.444163147011636,56.48759661712055,55.46587988206609,0.7227413421523687,0.27545827382032684,0.4990998079863478,57.73863201960496,False,True
0.62,0.15,0.17,21.526272619245383,10.269830220104058,15.89805141967472,54.37910595892749,55.666886746032176,55.022996352479836,0.723403557923416,0.2963591023917562,0.5098813301575862,57.273712700920925,False,True
0.62,0.15,0.19,21.487804659450234,10.040593942417262,15.764199300933747,54.44909972267884,54.155489233708465,54.30229447819365,0.7226910605311012,0.3340491551610789,0.5283701078460901,56.5442230930448,False,True
0.62,0.15,0.21,21.622345760376504,9.75050222454854,15.686423992462522,54.65559934962955,56.69522513910912,55.67541224436933,0.7205836691945136,0.27012216427503355,0.49535291673477355,57.84302400680461,False,True
0.62,0.15,0.23,21.23506001845252,9.499702848132536,15.367381433292527,54.40455342015396,56.26577825397236,55.33516583706316,0.723144623024264,0.28113743576627404,0.5021410293952691,57.429408758332045,False,True
0.62,0.15,0.25,21.217479169645138,9.3881571787044,15.302818174174769,54.56635802870864,56.12717566629022,55.34676684749943,0.7214953827424209,0.28467470104536097,0.5030850418938909,57.4233475560535,False,True
0.62,0.15,0.27,21.107039202785007,9.506653810721803,15.306846506753406,54.211870586940044,55.71466064064489,54.963265613792466,0.725102209640156,0.295150840435376,0.510126525037766,57.054886880210454,False,True
0.62,0.15,0.29,21.235576406389907,9.326822377816029,15.281199392102968,54.14450429419689,55.98880433176186,55.06665431297938,0.7257849877333353,0.2881973620680198,0.5069911749006776,57.147628752962085,False,True
0.62,0.15,0.31,21.282183998007152,8.942127241260632,15.112155619633892,54.530410149279426,56.07302877416641,55.30171946172292,0.7218622150898852,0.28605420957396743,0.5039582123319264,57.329376613522804,False,True
0.62,0.15,0.33,20.947230099289392,8.41648599520354,14.681858047246466,54.21861454242983,56.79619480615814,55.50740467429399,0.7250338108280576,0.26752014109591915,0.4962769759619884,57.416277564775385,False,True
0.62,0.15,0.35,21.2968817558201,8.955667837585908,15.126274796703004,54.74584303359607,56.15369505570723,55.449769044651646,0.7196602001820758,0.2839985768157245,0.5018293884989001,57.4759173596262,False,True
0.62,0.17,0.11,21.69993727578274,10.758955042421455,16.229446159102096,54.49824890987062,55.346354094394115,54.92230150213237,0.7221902015463969,0.3044389703717787,0.5133145859590877,57.27001069427458,False,True
0.62,0.17,0.13,21.35118064332193,9.923683773663466,15.637432208492697,54.22216992398145,57.81013275382214,56.01615133890179,0.724997747871529,0.24113392100480258,0.4830658344381658,58.157875622291726,False,True
0.62,0.17,0.15,21.4292542122674,10.121751592918447,15.775502902592923,54.345937759743514,55.47651166852789,54.9112247141357,0.7237408715973939,0.30116363308610394,0.512452252341749,57.13238216139797,False,True
0.62,0.17,0.17,21.53347911946938,10.188639437023694,15.861059278246536,54.41372899130684,56.19613630696024,55.30493264913354,0.7230512293552496,0.2829158526968364,0.502983541026043,57.53441384730749,False,True
0.62,0.17,0.19,21.451990248321877,9.519050405547578,15.485520326934727,54.55170890597938,56.438065140646806,55.4948870233131,0.7216448998008904,0.27672835396104256,0.4991866268809665,57.614961820053246,False,True
0.62,0.17,0.21,21.47496822774888,10.209094940019197,15.84203158388404,54.574984807016634,55.33506923430069,54.95502702065866,0.7214073142841477,0.3047225846699819,0.5130649494770648,57.19287507676199,False,True
0.62,0.17,0.23,21.33095768642663,9.810642095518366,15.570799890972499,54.47450180502942,55.36105898341784,54.91778039422363,0.7224322548678219,0.30406931615813304,0.5132507855129775,57.08250531181057,False,True
0.62,0.17,0.25,21.256116396648505,9.367795902835692,15.311956149742098,54.2583939689157,56.02481037588244,55.14160217239907,0.7246301852493833,0.28728155618577633,0.5059558707175797,57.22807258042813,False,True
0.62,0.17,0.27,21.444137349060327,9.485992171912356,15.465064760486342,54.51826029035707,55.89732027528653,55.207790282821804,0.7219861444117259,0.29052159072671624,0.5062538675692211,57.33296029299438,False,True
0.62,0.17,0.29,21.136143720730203,9.385792666649635,15.26096819368992,54.51352827201157,54.679739621764554,54.59663394688806,0.7220344038229529,0.321093318545433,0.521563861184193,56.68941337268631,False,True
0.62,0.17,0.31,21.288912069501418,8.842455691040788,15.065683880271102,54.3588328232306,56.34967541500551,55.35425411911805,0.7236097559415586,0.2789920644836772,0.5013009102126179,57.367833145972654,False,True
0.62,0.17,0.33,20.80210348563418,7.982567768922655,14.392335627278417,54.086374277608805,56.22112118552172,55.15374773156526,0.7263734709669015,0.28227807777801683,0.5043257743724592,57.000659765000684,False,True
0.62,0.17,0.35,20.866272433663813,8.17936990534111,14.52282116950246,54.22017984653104,55.587738568570664,54.903959207550855,0.7250179339223051,0.29835857841849744,0.5116882561704013,56.79222720923839,False,True
0.62,0.19,0.11,21.56194868528666,10.31058906965779,15.936268877472225,54.095943092954144,56.242156886285265,55.16904998961971,0.7262766438685964,0.2817408914763907,0.5040087676724936,57.424635327464195,False,True
0.62,0.19,0.13,21.372719087718654,10.342961088315105,15.857840088016879,54.32182526845288,55.833331183493144,55.077578225973014,0.7239859614180033,0.2921450278930038,0.5080654946555035,57.31501300266181,False,True
0.62,0.19,0.15,21.513445358999395,9.895681311741077,15.704563335370235,54.340094623482685,56.44963731190386,55.39486596769327,0.7238002737539746,0.2764317214873764,0.5001159976206755,57.577986115644556,False,True
0.62,0.19,0.17,21.38418113690377,10.032696833004037,15.708438984953904,54.64767736342161,56.7867731595417,55.71722526148166,0.7206646626124411,0.26776313603623914,0.4942138993243401,57.889241195430344,False,True
0.62,0.19,0.19,21.020011938357108,9.258292927250713,15.139152432803911,54.236174744012025,56.30489016028244,55.270532452147236,0.7248556711368648,0.2801376857131833,0.502496678425024,57.306419308202585,False,True
0.62,0.19,0.21,21.353781369072458,9.69275434652023,15.523267857796345,54.5243518118354,55.182923654059,54.853637732947206,0.7219240139631194,0.3085407043473911,0.5152323591552552,57.00783645712494,False,True
0.62,0.19,0.23,21.11294631823541,9.131396979837726,15.122171649036567,54.489968809442715,56.29833794176476,55.394153375603736,0.7222746122689971,0.2803052171915593,0.5012899147302783,57.42118340458368,False,True
0.62,0.19,0.25,21.284568108831976,9.077162303536317,15.180865206184148,54.630723657026614,57.94322887337613,56.286976265201375,0.7208379557849938,0.23763562774613933,0.47923679176556655,58.298219230845085,False,True
0.62,0.19,0.27,20.954622393610034,8.581689828290518,14.768156110950276,54.13113221934,56.29836720537571,55.21474971235786,0.7259204168381267,0.28030446900344674,0.5031124429207867,57.15563857324769,False,True
0.62,0.19,0.29,20.800789748134342,8.634264549319346,14.717527148726845,54.12939566656231,57.329788385832,55.72959202619715,0.7259380017659686,0.25369236513281457,0.48981518344939157,57.64020326803063,False,True
0.62,0.19,0.31,20.816792036720404,8.424131279155292,14.620461657937849,54.310368619823734,56.51733915927814,55.413853889550936,0.7241023736476164,0.2746950837596317,0.49939872870362406,57.310148333290236,False,True
0.62,0.19,0.33,20.83933844585822,8.166752171531638,14.50304530869493,54.36503743494191,55.416274736554726,54.89065608574832,0.7235466570144254,0.302680415718543,0.5131135363664843,56.774311521584806,False,True
0.62,0.19,0.35,20.77516067185157,8.288898719850316,14.532029695850943,54.10073866649946,55.80575391124615,54.953246288872805,0.726228110888353,0.2928441045203992,0.5095361077043761,56.84223046966583,False,True
0.62,0.21,0.11,21.546157256065513,10.357339289670737,15.951748272868125,54.391333265102034,55.641986540399934,55.01665990275099,0.7232791568486217,0.29698844904553745,0.5101338029470796,57.28255528357582,False,True
0.62,0.21,0.13,21.446592281138198,9.949582588603263,15.69808743487073,54.66144485109628,55.437767323452505,55.04960608727439,0.7205238979749311,0.30213941551086543,0.5113316567428983,57.24411829591686,False,True
0.62,0.21,0.15,21.421445113691682,9.875846062971364,15.648645588331522,54.49605641787695,55.51491555483293,55.00548598635494,0.7222125539529033,0.30019575241182006,0.5112041531823617,57.18814210432349,False,True
0.62,0.21,0.17,21.258629970510977,9.643049822666933,15.450839896588956,54.065114579745085,56.23756894365288,55.15134176169899,0.7265885371135014,0.2818580703813087,0.5042233037474051,57.274767145975794,False,True
0.62,0.21,0.19,21.377283465384444,9.758191817750852,15.567737641567648,54.57311897471803,56.585459544275096,55.57928925949656,0.7214263632439342,0.27294560911531573,0.49718598617962495,57.71838398523881,False,True
0.62,0.21,0.21,21.175452129868606,9.140321033720662,15.157886581794635,54.21402322289275,56.28925896120116,55.25164109204695,0.7250803780151229,0.2805373223769555,0.5028088501960393,57.293152897976576,False,True
0.62,0.21,0.23,21.091131394388242,9.300983303816434,15.196057349102338,54.395031105917454,57.20151870190665,55.79827490391205,0.7232415293682575,0.25702820695189055,0.490134868160074,57.83050787611803,False,True
0.62,0.21,0.25,21.017410590383793,8.679538386170695,14.848474488277244,54.03736658035244,54.65119082279677,54.34427870157461,0.7268691126496128,0.3218020604212197,0.5243355865354162,56.336292229995365,False,True
0.62,0.21,0.27,20.941130210537036,8.76497224050128,14.853051225519158,54.66782786681455,55.89832195686775,55.28307491184115,0.7204586232822027,0.29049616275203105,0.5054773930171168,57.243615385614284,False,True
0.62,0.21,0.29,20.743439667288794,8.389633045630086,14.56653635645944,53.981302202948555,53.865905271686955,53.923603737317755,0.7274355713968668,0.3411521498897112,0.534293860643289,55.856414326765766,False,True
0.62,0.21,0.31,20.85416729461728,8.727312196985025,14.790739745801153,54.32295403543738,55.82241392049415,55.07268397796577,0.7239744905674045,0.29242181894980757,0.5081981547586061,57.0242624043916,False,True
0.62,0.21,0.33,20.807099012141737,8.163523186102442,14.48531109912209,54.40987776360752,55.93521295317711,55.17254535839231,0.7230904310439255,0.28955935679432143,0.5063248939191234,57.04238773896309,False,True
0.62,0.21,0.35,20.632247679977215,7.735492479146592,14.183870079561904,54.33051079483416,55.97659233265053,55.15355156374235,0.723897690493512,0.2885078378961641,0.5062027641948381,56.948190669487275,False,True
0.62,0.23,0.11,21.269981094013808,10.500839669126231,15.885410381570019,54.195535455252376,56.20743117388304,55.20148331456771,0.7252678491954657,0.2826275701032228,0.5039477096493443,57.441709785828884,False,True
0.62,0.23,0.13,21.178186427316852,9.853421283763916,15.515803855540383,54.529876504774535,57.53427497842418,56.03207574159936,0.7218676588770803,0.24835893978144807,0.48511329932926417,58.14063708969768,False,True
0.62,0.23,0.15,21.32066598856441,9.6990596999801,15.509862844272256,54.536513569068546,55.58153768227282,55.059025625670685,0.721799949405143,0.29851510775825574,0.5101575285816994,57.20185441309047,False,True
0.62,0.23,0.17,21.063624603477674,9.776393494893219,15.420009049185445,54.2749240281729,54.237568759324375,54.25624639374864,0.724462374431645,0.3320289591294613,0.5282456667805531,56.40493729999284,False,True
0.62,0.23,0.19,21.109734119318887,9.322967465330859,15.216350792324873,54.28390137623713,55.47058287903873,54.87724212763793,0.7243712162481346,0.3013129947596078,0.5128421055038712,56.94777462702546,False,True
0.62,0.23,0.21,21.11972970877224,9.094444557964723,15.10708713336848,54.313663989410045,58.18608048000623,56.249872234708135,0.7240688915611182,0.23123179425240947,0.47765034290676384,58.24321598329008,False,True
0.62,0.23,0.23,20.83922194820704,8.656781223040431,14.748001585623737,53.99608933065257,58.280602301127814,56.13834581589019,0.7272862234975079,0.2287320763900147,0.4780091499437613,58.04323751923247,False,True
0.62,0.23,0.25,20.739434336901517,9.034653886847552,14.887044111874534,54.12025773318432,55.8038934169221,54.962075575053206,0.7260305263124496,0.29289125512786607,0.5094608907201579,56.94254853715944,False,True
0.62,0.23,0.27,20.995163529192666,8.794457140025354,14.89481033460901,54.133137849736755,56.38284219201402,55.25799002087538,0.7259001064361756,0.27814306058606575,0.5020215835111207,57.23024406772296,False,True
0.62,0.23,0.29,20.88837991255744,8.782800333867565,14.835590123212501,54.27809023555158,55.47973015287497,54.878910194213276,0.7244302257100967,0.3010825443844455,0.5127563850472712,56.848830404929934,False,True
0.62,0.23,0.31,20.73480722054817,8.07742059115912,14.406113905853644,53.78333164383445,56.81361736082412,55.298474502329285,0.7294311063098897,0.26707068747373863,0.4982508968918142,57.14418080743823,False,True
0.62,0.23,0.33,20.546575072337017,7.726910441332459,14.136742756834739,54.2592492288109,57.16798034732534,55.71361478806812,0.7246215040261534,0.25789918894807484,0.49126034648711414,57.479164647080275,False,True
0.62,0.23,0.35,20.665527277559693,8.095929701989972,14.380728489774832,53.98553136894895,56.194956608155564,55.09024398855226,0.7273928615946849,0.28294595919481924,0.505169410394752,56.936283112044116,False,True
0.62,0.25,0.11,21.215306264567975,10.237235701282216,15.726270982925096,54.11898975439794,54.36332813572591,54.241158945061926,0.7260433637757526,0.3289277504252437,0.5274855571004982,56.47494066160551,False,True
0.62,0.25,0.13,21.074068244888945,9.339571015465642,15.206819630177293,54.24614007493389,57.61726130845803,55.931700691695966,0.7247545520516976,0.24618907084555108,0.48547181144862434,57.962078167800435,False,True
0.62,0.25,0.15,21.030347468558936,9.627599122950432,15.328973295754684,54.44916619650966,56.41954539371928,55.43435579511447,0.7226903834290417,0.2772029489035155,0.4999466661662786,57.51473919545582,False,True
0.62,0.25,0.17,20.88020648535577,9.186247963596134,15.033227224475953,54.16450958561077,56.11094934350634,55.13772946455856,0.7255823165762662,0.28508824123358034,0.5053352789049232,57.150390473640456,False,True
0.62,0.25,0.19,21.246671392967258,9.67591838747558,15.461294890221419,54.614275250470676,57.18264668618337,55.89846096832702,0.7210060326193395,0.2575183709440817,0.4892622017817106,57.99732388921032,False,True
0.62,0.25,0.21,20.727023056103654,9.238862485091198,14.982942770597425,54.145735909839956,55.38328506298546,54.7645104864127,0.7257725125488568,0.3035104064838551,0.514641459516356,56.77710967355951,False,True
0.62,0.25,0.23,20.92206614629789,8.391555794031753,14.656810970164821,54.55321546324367,54.598201222626244,54.57570834293496,0.721629524895232,0.323116579453948,0.52237305217459,56.509557146983944,False,True
0.62,0.25,0.25,20.792010374515897,8.322338464257895,14.557174419386897,54.18898485717646,56.83334274761337,55.51116380239492,0.7253342587667029,0.2665616607790171,0.49594795977286,57.38815760915114,False,True
0.62,0.25,0.27,20.848091813639066,8.796685274466386,14.822388544052725,54.183376595546854,55.67192063288299,54.92764861421492,0.7253911086091668,0.2962318379075811,0.510811473258374,56.892440485863595,False,True
0.62,0.25,0.29,20.793705811329318,8.668750539112299,14.731228175220808,54.50395173437186,56.702131509788444,55.603041622080156,0.7221320571674689,0.26994433223021574,0.4960381946988423,57.52136404134726,False,True
0.62,0.25,0.31,20.5150576720938,7.646159814870825,14.080608743482312,54.021327239390345,54.84468036413658,54.43300380176346,0.7270312297011099,0.3169913142200539,0.5220112719605818,56.22468715315209,False,True
0.62,0.25,0.33,20.28950142210465,8.085333951660743,14.187417686882696,54.1639375183839,55.631072077564525,54.89750479797421,0.7255881131591337,0.2972642206839765,0.5114261669215552,56.701136264326074,False,True
0.62,0.25,0.35,20.357980666561225,7.784730347778197,14.071355507169711,54.37732150667727,55.41715901793227,54.89724026230477,0.7234217106692713,0.3026581611860869,0.5130399359276792,56.671951035996386,False,True
0.62,0.27,0.11,21.03264000410667,10.212557402775563,15.622598703441117,54.11002995088583,55.430503796992404,54.77026687393912,0.7261340674069197,0.3023222726855631,0.5142281700462414,56.95478666180107,False,True
0.62,0.27,0.13,21.06730080875939,9.980070749610535,15.523685779184962,54.15965244781288,55.409534463038625,54.78459345542575,0.7256315305265206,0.3028500351637615,0.5142407828451411,56.94151824676918,False,True
0.62,0.27,0.15,21.161785557102107,9.780249958007735,15.471017757554922,54.71410715002085,54.64036856471801,54.677237857369434,0.7199851290545534,0.322070633028976,0.5210278810417647,56.82387464935784,False,True
0.62,0.27,0.17,21.067811319947243,9.35450794662313,15.211159633285186,54.47224434598316,57.15574479697505,55.8139945714791,0.7224552595695861,0.25821681570679267,0.4903360376381894,57.84964448822813,False,True
0.62,0.27,0.19,20.730565441883815,8.927004078817689,14.828784760350752,53.95631686049291,55.62137788226009,54.788847371376505,0.7276878268732974,0.29750911491566623,0.5125984708944817,56.76011499065872,False,True
0.62,0.27,0.21,20.604383144426013,8.750421353316282,14.677402248871147,54.18876415389252,55.77781710629165,54.983290630092085,0.7253364961036004,0.29355194305014576,0.5094442195768731,56.90859676084396,False,True
0.62,0.27,0.23,20.639821174979467,8.226298383976651,14.433059779478059,54.415751325659535,57.50884470414318,55.96229801490136,0.7230306428807995,0.24902324689291466,0.4860269448868571,57.79352916812244,False,True
0.62,0.27,0.25,20.650016862418436,8.315602226644375,14.482809544531406,54.305676718865456,55.50966069814207,54.90766870850376,0.7241500414670321,0.3003282284122659,0.512239134939649,56.78559549133894,False,True
0.62,0.27,0.27,20.59312737927865,8.169787896637953,14.3814576379583,54.25783826939941,58.12824564638003,56.19304195788972,0.724635825743989,0.2327592896368026,0.4786975576903958,58.00417474866394,False,True
0.62,0.27,0.29,20.45575361182241,8.023561777215686,14.239657694519048,54.027456556022656,56.22231768996478,55.12488712299372,0.726969283539254,0.28224752817001175,0.504608405854633,56.934357215831234,False,True
0.62,0.27,0.31,20.762562532485816,8.167366742753995,14.464964637619905,54.33654075334182,56.77073631843,55.55363853588591,0.7238363997809523,0.26817665163098636,0.4960065257059693,57.40594008065248,False,True
0.62,0.27,0.33,20.354590793193694,7.904264982248775,14.129427887721235,54.207633070394344,55.14190357056283,54.67476832047859,0.7251451831954068,0.3095683112270635,0.5173567472112351,56.470975052077186,False,True
0.62,0.27,0.35,20.457806559942917,7.7100348669747225,14.08392071345882,54.42289368256882,54.420426775330036,54.42166022894943,0.7229579307054151,0.32751733511504055,0.5252376329102278,56.214534817413636,False,True
0.62,0.29,0.11,20.98290014206938,9.700352805376738,15.341626473723059,54.32176552037974,56.19389798092508,55.257831750652414,0.7239865685882453,0.2829729753481921,0.5034797719682187,57.348003214084535,False,True
0.62,0.29,0.13,20.87522375963505,9.580702996944915,15.227963378289981,54.23407967986581,55.283061463341724,54.75857057160377,0.7248769275727232,0.3060289112473479,0.5154529194100355,56.836536837635094,False,True
0.62,0.29,0.15,21.071201028715148,9.956783590909545,15.513992309812346,54.00424778501123,55.782638398070794,54.893443091541016,0.7272038067517113,0.29342981064738427,0.5103168086995478,57.04361534679555,False,True
0.62,0.29,0.17,20.7338756508378,9.272401817476087,15.003138734156943,54.11799048133431,54.35538046803129,54.2366854746828,0.7260534805558715,0.3291239514143305,0.5275887159851009,56.27354816568819,False,True
0.62,0.29,0.19,20.79151161592271,9.22733340498941,15.009422510456059,54.01432681012004,55.97248107359864,54.99340394185934,0.727101971197252,0.2886123466220565,0.5078571589096542,57.00488787121588,False,True
0.62,0.29,0.21,20.64842908190449,8.609269890549621,14.628849486227054,54.168701281862475,56.41220893321199,55.290455107537234,0.7255398415278362,0.277390913099709,0.5014653773137726,57.19298613719409,False,True
0.62,0.29,0.23,20.57496763808426,8.367931720355507,14.471449679219884,54.384397241014085,57.03824408821014,55.71132066461212,0.7233497276524804,0.261263594589747,0.4923066611211137,57.56017812701269,False,True
0.62,0.29,0.25,20.55412600181486,8.140272595374064,14.347199298594463,54.37316766301096,56.96301986555545,55.668093764283206,0.7234639642802674,0.2632108574563906,0.493337410868329,57.48720545532385,False,True
0.62,0.29,0.27,20.361679296281938,8.118223320878345,14.239951308580142,53.99241097248637,55.43209002856578,54.712250500526075,0.7273233782170817,0.3022823418100351,0.5148028600135583,56.53500303443035,False,True
0.62,0.29,0.29,20.13389019529547,7.777484712033793,13.955687453664632,53.771677240842955,55.34997306998519,54.56082515541407,0.7295483536866736,0.3043480050055072,0.5169481793460904,56.317358371500674,False,True
0.62,0.29,0.31,20.44336220236045,7.922907763252472,14.183134982806461,54.40534664312388,55.83994746319063,55.12264705315725,0.7231365498159934,0.29197725556517884,0.5075569026905862,56.91807741032241,False,True
0.62,0.29,0.33,20.332331171784425,8.029550414122667,14.180940792953546,54.2197493774078,56.29260244064993,55.25617590902887,0.7250223002235359,0.28045185029355657,0.5027370752585463,57.04685843990707,False,True
0.62,0.29,0.35,20.224710433069955,7.8226747050292795,14.023692569049617,54.01608636542077,55.04779738045135,54.53194187293606,0.7270841912109933,0.31192290723243643,0.5195035492217148,56.306275295960525,False,True
0.64,0.05,0.11,19.82951089815978,9.06655626228666,14.44803358022322,52.46444390343367,56.871078855616496,54.66776137952508,0.7425383127808329,0.26558736310289666,0.5040628379418648,56.544759337925846,False,True
0.64,0.05,0.13,19.33736105077801,8.746017270493024,14.041689160635517,51.86179364657792,55.01924701107884,53.440520328828384,0.7484191797354921,0.3126364602433933,0.5305278199894428,55.25448622057605,False,True
0.64,0.05,0.15,19.569982595307163,8.949495954903188,14.259739275105176,52.212474714011336,53.8466314136157,53.029553063813516,0.7450053791428402,0.3416235526460797,0.54331446589446,54.913328640156124,False,True
0.64,0.05,0.17,19.40607554338137,8.059842649641674,13.732959096511522,51.838745104286374,56.4638125781638,54.151278841225086,0.748642746344379,0.27606828032811437,0.5123555133362467,55.865509625229144,False,True
0.64,0.05,0.19,19.503070901888776,8.361870691506967,13.93247079669787,51.82747267485854,55.186912075054636,53.50719237495659,0.7487520506430292,0.3084407484098375,0.5285963995264333,55.291349941482274,False,True
0.64,0.05,0.21,19.448992559807188,8.256575721223419,13.852784140515304,52.12852097944636,54.401715489427374,53.26511823443687,0.7458247442392134,0.3279796928345209,0.5369022185368671,55.03700981132834,False,True
0.64,0.05,0.23,19.397997420271555,7.536274806738811,13.467136113505182,52.31093900167482,56.01201950012344,54.161479250899134,0.7440427150084692,0.28760695674836534,0.5158248358784172,55.81065838838719,False,True
0.64,0.05,0.25,19.315182205282007,7.25636040009523,13.285771302688618,52.51358604882659,57.188328564079626,54.85095730645311,0.7420557709206675,0.25737081220753255,0.49971329156410005,56.437037808000575,False,True
0.64,0.05,0.27,19.277534215741714,7.30380676949062,13.290670492616167,52.29709839451251,56.567824610835515,54.432461502674016,0.7441781411981849,0.27339871342748434,0.5087884273128347,56.03155171314986,False,True
0.64,0.05,0.29,19.22299810670629,7.155790796637891,13.18939445167209,52.299178791892686,55.56742009957178,53.93329944573223,0.7441577874222793,0.2988714135996785,0.521514600510979,55.52261624873975,False,True
0.64,0.05,0.31,18.890864949184657,6.879631399018389,12.885248174101523,52.26513441660754,57.22954472378474,54.74733957019614,0.7444907621877632,0.25629998695958434,0.5003953745736738,56.24322901934553,False,True
0.64,0.05,0.33,19.467236582344384,7.222873493970871,13.345055038157629,52.59027178945556,56.2852539975212,54.43776289348838,0.7413018674605101,0.2806396978368566,0.5109707826486833,56.049625536832245,False,True
0.64,0.05,0.35,19.253070710157342,6.641213136454777,12.94714192330606,52.73607657204323,55.93800214559314,54.33703935881819,0.7398654149907942,0.28948850321374886,0.5146769591022715,55.85823422078419,False,True
0.64,0.07,0.11,19.70728673802308,8.90174484919999,14.304515793611534,51.985218791886325,54.44081110965864,53.21301495077248,0.7472202875837222,0.32701345524431014,0.5371168714140162,55.10212457102555,False,True
0.64,0.07,0.13,19.72419212510498,8.677372704519167,14.200782414812075,52.71620425102866,55.277147478331244,53.99667586467995,0.740061428965272,0.30617738041620723,0.5231194046907397,55.83281495346751,False,True
0.64,0.07,0.15,19.454586891639757,8.550774281145035,14.002680586392396,52.348709951187175,56.71954057090925,54.53412526104822,0.7436729552542961,0.2694959704316977,0.506584462842997,56.303160493814445,False,True
0.64,0.07,0.17,19.532066273998268,8.451946596121356,13.992006435059812,52.05323062054368,56.275065295714334,54.16414795812901,0.7465584357354177,0.28090011006614435,0.513729272900781,55.942212756637055,False,True
0.64,0.07,0.19,19.42531284511659,7.669798891490755,13.547555868303672,52.10870096435887,55.825149436505704,53.966925200432286,0.746017989687019,0.29235246906923074,0.519185229378125,55.64139902620946,False,True
0.64,0.07,0.21,19.18918153718837,7.468323264925051,13.328752401056711,52.31141314002684,55.38887129718497,53.85014221860591,0.7440380750720581,0.30336989657358515,0.5237039858228216,55.475160725614465,False,True
0.64,0.07,0.23,19.322419622200794,8.09138710550962,13.706903363855208,52.22831960665771,54.11713125280816,53.172725429732935,0.7448505894885149,0.33499219837372507,0.53992139393112,54.911000076959375,False,True
0.64,0.07,0.25,19.26183822627146,7.781417194192539,13.521627710232,52.557856863600286,54.379495433873906,53.468676148737096,0.7416206753377105,0.3285285460798195,0.5350746107087649,55.15191515289964,False,True
0.64,0.07,0.27,19.431011689576522,7.7317617653126005,13.581386727444562,52.514934261585836,54.77482858303194,53.644881422308885,0.7420425260371561,0.31873000577124844,0.5303862659042022,55.33739574875193,False,True
0.64,0.07,0.29,19.190499418619623,7.2276360165574705,13.209067717588546,52.267073913107474,55.313288952842996,53.79018143297523,0.7444717985527214,0.30526980934117875,0.5248708039469501,55.388293786324866,False,True
0.64,0.07,0.31,19.239637817319153,7.386058474451756,13.312848145885454,52.43562103168481,54.57647913382857,53.50605008275669,0.7428211232416577,0.3236550732707082,0.533238098256183,55.13736773925531,False,True
0.64,0.07,0.33,19.063353777391548,6.962274986040981,13.012814381716264,52.459707874446636,55.783210719985455,54.12145929721605,0.7425847934403838,0.2934153119542534,0.5180000526973185,55.66386345370949,False,True
0.64,0.07,0.35,18.718618613317187,6.104934974352095,12.41177679383464,52.15187651500531,56.19283150105879,54.17235400803205,0.7455969330917845,0.2830001913861051,0.5142985622389449,55.57603927909507,False,True
0.64,0.09,0.11,19.572207968778308,9.150183270016331,14.36119561939732,52.03723973483601,53.474300156362744,52.755769945599376,0.7467141276120237,0.3506969752221999,0.5487055514171117,54.67554482738698,False,True
0.64,0.09,0.13,19.32819050884512,8.50641008938419,13.917300299114654,52.50128182535671,55.18890774235483,53.84509478385577,0.7421766322769863,0.30839073121965177,0.5252836817483191,55.61461570395096,False,True
0.64,0.09,0.15,19.728607469560284,8.895979639466663,14.312293554513474,52.33485845867617,53.867634515182694,53.10124648692943,0.7438085858136894,0.34110984755983476,0.5424592166867621,54.99621919056076,False,True
0.64,0.09,0.17,19.23582402121461,8.40273071629106,13.819277368752836,51.94713211939623,54.90470498907196,53.425918554234094,0.7475905471137306,0.31549546176406196,0.5315430044388962,55.184247755661026,False,True
0.64,0.09,0.19,19.18464928900917,8.13563333663002,13.660141312819594,51.99457673104939,55.59981235614,53.7971945435947,0.7471292728632373,0.29805374898295167,0.5225915109230945,55.504392632003245,False,True
0.64,0.09,0.21,18.974332867739456,8.02378176289196,13.499057315315708,51.8453565874847,55.395752901809246,53.620554744646974,0.7485786263418094,0.3031967848768876,0.5258877056093485,55.29365641306299,False,True
0.64,0.09,0.23,19.316647748863065,7.923249201480679,13.619948475171872,52.26039857119541,54.87012936960794,53.56526397040167,0.7445370644671914,0.3163573083534863,0.5304471864103388,55.26970689885327,False,True
0.64,0.09,0.25,19.270345052742787,7.54370216159326,13.407023607168023,52.247568389881636,55.37647027645956,53.812019333170596,0.7446624838491209,0.30368179884071445,0.5241721413449176,55.457025765151585,False,True
0.64,0.09,0.27,18.79876941606417,6.649870854317849,12.724320135191011,52.020717649632296,55.707083760623334,53.86390070512782,0.7468749411538866,0.29534253843051905,0.5211087397922028,55.34643730245603,False,True
0.64,0.09,0.29,18.696135983823943,6.605116570874481,12.650626277349211,52.03102647181749,55.05991506816624,53.545470769991866,0.7467746088289371,0.3116199406672585,0.5291972747480977,55.01959455675052,False,True
0.64,0.09,0.31,18.771940032229693,6.163628751090104,12.4677843916599,51.941830422505966,55.46255962329661,53.70219502290129,0.7476420660357167,0.3015150960835472,0.524578581059632,55.1304942651038,False,True
0.64,0.09,0.33,19.11619057247825,6.840166420341825,12.978178496410038,52.18204148035653,54.89355344916369,53.53779746476011,0.7453025513907567,0.3157734891021594,0.530538020246458,55.088373314723626,False,True
0.64,0.09,0.35,19.000592009711596,6.682300506583181,12.84144625814739,52.31397273093186,53.85745639360001,53.085714562265935,0.7440130260892781,0.34135881451662353,0.5426859203029508,54.61680906632372,False,True
0.64,0.11,0.11,19.260279853019398,8.288794955753945,13.77453740438667,52.02385710262225,56.11745366749431,54.07065538505828,0.7468443880112907,0.284922487944111,0.5158834379777009,55.79761334030856,False,True
0.64,0.11,0.13,19.376938393106755,8.145984585446405,13.76146148927658,52.10954833208561,55.70409794340351,53.90682313774456,0.7460097293426005,0.29541807359968364,0.520713901471142,55.635630697646576,False,True
0.64,0.11,0.15,19.29439533818387,8.140405673689845,13.717400505936858,52.219309228137774,57.15905759697433,54.68918341255605,0.7449386181471113,0.2581308243315734,0.5015347212393424,56.38327641218159,False,True
0.64,0.11,0.17,19.489986041408493,8.374797799608848,13.932391920508671,52.33421225079016,55.36064337652199,53.847427813656076,0.7438149124531401,0.30407976510946777,0.523947338781304,55.6206528797852,False,True
0.64,0.11,0.19,19.43413390313988,7.985383507787515,13.709758705463697,52.23857912802454,55.32577989418274,53.782179511103635,0.744750338591879,0.30495600359777,0.5248531710948245,55.50207488667981,False,True
0.64,0.11,0.21,19.066815729119213,7.595502841978333,13.331159285548773,52.12056304565213,54.92907940818262,53.52482122691738,0.7459023430440961,0.3148875683625211,0.5303949557033085,55.160006302303294,False,True
0.64,0.11,0.23,19.051067471125965,7.6060575629127465,13.328562517019355,52.07451408343993,55.41008682531627,53.742300454378096,0.7463511395951186,0.3028361357052821,0.5245936376502003,55.3704382942626,False,True
0.64,0.11,0.25,19.163858313250973,7.388014386517533,13.275936349884253,52.1157994165135,57.410364963546115,54.763082190029806,0.7459487881175069,0.25159303156069535,0.4987709098391011,56.34931815841375,False,True
0.64,0.11,0.27,18.93265217272239,6.671518639700149,12.802085406211269,52.02960360652761,56.884350392914875,54.45697699972124,0.7467884582844446,0.26524455539948266,0.5060165068419636,55.941538544234696,False,True
0.64,0.11,0.29,18.86422802844513,7.069331017875447,12.966779523160287,51.87340872813909,54.25801965553166,53.065714191835376,0.7483064779269104,0.3315251319047946,0.5399158049158526,54.62698411858198,False,True
0.64,0.11,0.31,18.766483879075775,6.566669719285924,12.666576799180849,52.14152872599422,56.25180181236967,54.19666526918195,0.7456978785713912,0.2814945229018029,0.5135962007365971,55.657171093303866,False,True
0.64,0.11,0.33,18.941440233945638,6.773118098759155,12.857279166352397,52.546610928221014,55.26210069157512,53.904355809898064,0.7417312356417298,0.30655505475686795,0.5241431451992988,55.41650659182344,False,True
0.64,0.11,0.35,18.789883448808716,6.002714335640671,12.396298892224694,52.06745257763935,57.29778817245129,54.68262037504532,0.7464199264666862,0.254525277272695,0.5004726018696906,56.07010966019856,False,True
0.64,0.13,0.11,19.41540604993005,8.16222584343421,13.78881594668213,52.51994211553416,54.80196618083346,53.660954148183805,0.7419933257490219,0.3180547828112219,0.5300240542801219,55.40423670898247,False,True
0.64,0.13,0.13,19.37861079230232,8.69329467777368,14.035952735038002,52.3529352883918,56.349935541635276,54.35143541501354,0.74363157460099,0.27898540770009084,0.5113084911505404,56.13453928601008,False,True
0.64,0.13,0.15,19.017366717346473,7.752330168887115,13.384848443116795,52.35639167455434,56.28271585176129,54.31955376315781,0.7435977221522592,0.28070457451426545,0.5121511483332624,55.94433026566498,False,True
0.64,0.13,0.17,19.038548411935505,7.741617664917015,13.39008303842626,51.96928096841271,54.18336513486699,53.07632305163985,0.747375260129837,0.33336339798354864,0.5403693290566929,54.73929477494194,False,True
0.64,0.13,0.19,18.934992905213186,7.2114193825817905,13.073206143897488,52.03673104941612,54.948812519117226,53.49277178426667,0.7467190795349643,0.31439523067311403,0.5305571551040391,55.067098634706326,False,True
0.64,0.13,0.21,19.1053692074676,7.397489746442809,13.251429476955204,52.491043001405544,56.47260976838887,54.481826384897204,0.7422771841329621,0.27584268234329723,0.5090599332381296,56.070221949059544,False,True
0.64,0.13,0.23,18.908791684223957,7.497876460075117,13.203334072149538,51.86813701497318,55.430456080961044,53.64929654796711,0.7483576327927559,0.30232347384361524,0.5253405533181856,55.25011358099186,False,True
0.64,0.13,0.25,18.821108890905244,6.893247911525034,12.857178401215139,52.115181852881335,55.37335054842669,53.74426620065401,0.7459548090117978,0.3037602531809904,0.5248575310963941,55.26077438733042,False,True
0.64,0.13,0.27,18.68290801119798,6.771420319682786,12.727164165440383,51.99856745187872,54.28895983004036,53.14376364095954,0.7470904543837611,0.33076253031040836,0.5389264923470847,54.646503288135854,False,True
0.64,0.13,0.29,18.826284366413688,6.434716525943171,12.630500446178429,52.004436862603065,56.79765337835361,54.40104512047834,0.7470333561269964,0.26748251926305,0.5072579376950233,55.84803713400528,False,True
0.64,0.13,0.31,18.69352706878948,6.857045065664577,12.775286067227029,52.14897478753892,55.548086441483655,53.84853061451129,0.7456252422487766,0.29935921822220024,0.5224922302354884,55.343221657592764,False,True
0.64,0.13,0.33,18.54143971482372,6.229488200698433,12.385463957761077,52.16126355961558,54.03780045245444,53.099532006035005,0.7455053426057155,0.33694045144862605,0.5412228970271709,54.52485687013708,False,True
0.64,0.13,0.35,18.569032542505052,6.216016196718935,12.392524369611994,52.11778868383596,55.52723620916201,53.82251244649899,0.7459293934070803,0.29988509705336264,0.5229072452302215,55.23076593987237,False,True
0.64,0.15,0.11,19.150239646212803,8.221203706139287,13.685721676176044,52.274987786799045,56.61248170494887,54.443734745873954,0.7443944125100859,0.2722510394572992,0.5083227259836925,56.13750289135453,False,True
0.64,0.15,0.13,18.863421760657516,8.12016923207435,13.491795496365933,51.84268810512275,55.162483749531276,53.50258592732701,0.7486045070099816,0.30905284627588836,0.528828676642935,55.17748858571556,False,True
0.64,0.15,0.15,19.17870888825718,8.367553093586443,13.77313099092181,52.204392810057385,54.30516352836897,53.25477816921318,0.7450843136330456,0.33036297428897066,0.5377236439610081,55.00700441893919,False,True
0.64,0.15,0.17,18.89299288238629,7.556193244772275,13.224593063579283,52.11258101417692,55.80177461076246,53.95717781246969,0.7459801649274764,0.29294495023154143,0.5194625575795089,55.55417985339843,False,True
0.64,0.15,0.19,18.982625210036367,7.683171247131656,13.332898228584012,52.3108765106197,54.44594203434635,53.378409272483026,0.744043326545236,0.32688659431305644,0.5354649604291462,55.01836740248188,False,True
0.64,0.15,0.21,18.7945052002993,7.588533661698438,13.19151943099887,51.90138481997859,55.659452181486046,53.78041850073232,0.7480349206868072,0.29654703869094123,0.5222909796888742,55.37462956094904,False,True
0.64,0.15,0.23,18.77771045853768,7.103944692353187,12.940827575445432,52.09803777900108,56.68307113949711,54.390554459249095,0.7461219255020874,0.27043506484329793,0.5082784951726926,55.9088314376356,False,True
0.64,0.15,0.25,18.78663136161302,6.938708282033436,12.862669821823227,52.0602499957953,54.113686881419845,53.08696843860757,0.7464900779650414,0.3350768466505115,0.5407834623077765,54.62302163874641,False,True
0.64,0.15,0.27,18.80874868844842,7.187539468853611,12.998144078651016,52.25288808359559,54.72242686235451,53.48765747297505,0.7446104857726015,0.32003289048482986,0.5323216881287156,55.04435712619119,False,True
0.64,0.15,0.29,18.66066469148313,6.912881198678244,12.786772945080688,52.14886495115063,55.96206653972452,54.05546574543757,0.7456263137780004,0.28887705104159356,0.517251682409797,55.54723160793184,False,True
0.64,0.15,0.31,18.273894098477317,5.670262678308138,11.972078388392728,51.65692825217183,56.162998552450304,53.909963402311064,0.7504028522168763,0.2837613041403394,0.5170820781786079,55.22331767447822,False,True
0.64,0.15,0.33,18.573577591471093,6.219998178633348,12.39678788505222,52.05565512580107,54.86231176581167,53.45898344580637,0.7465348258765137,0.3165520980155003,0.531543461946007,54.87752965400298,False,True
0.64,0.15,0.35,18.25140621536173,5.789040507202689,12.02022336128221,51.81659058464662,55.91920359334487,53.86789708899575,0.7488575474258301,0.2899659726503555,0.5194117600380928,55.19271787514863,False,True
0.64,0.17,0.11,19.074425770666334,8.075405691990953,13.574915731328645,51.92167991354471,54.96669289341435,53.44418640347953,0.747837829426961,0.31394896572743425,0.5308933975771977,55.141267644501426,False,True
0.64,0.17,0.13,19.05881131227799,7.932375091283962,13.495593201780975,52.35788483637195,55.52571172221739,53.94179827929467,0.7435830971737886,0.29992353949893324,0.521753318336361,55.60439404824114,False,True
0.64,0.17,0.15,18.931333895166745,7.709667447170713,13.320500671168729,52.21170392562955,55.945935441910486,54.07881968377002,0.745012907820287,0.28928695515227176,0.5171499314862793,55.69519257997335,False,True
0.64,0.17,0.17,18.918347074568917,7.391033057866042,13.15469006621748,52.204988316903076,56.78807229400816,54.49653030545562,0.745078497842689,0.2677296322826004,0.5064040650626447,56.061731029925255,False,True
0.64,0.17,0.19,18.801911356260458,7.405045849425762,13.10347860284311,52.03538369440268,54.13626601980076,53.08582485710172,0.7467321954587783,0.33452184753828906,0.5406270214985337,54.67911806397435,False,True
0.64,0.17,0.21,18.452826452441627,6.9663536422009145,12.70959004732127,52.02476729455765,55.46724736538893,53.74600732997329,0.7468355296826339,0.3013970180330141,0.524116273857824,55.228316859058005,False,True
0.64,0.17,0.23,18.810534483225165,6.880212375117807,12.845373429171486,51.99626325221003,54.25553432731264,53.12589878976134,0.7471128681235257,0.33158637046136497,0.5393496192924454,54.656790435908604,False,True
0.64,0.17,0.25,18.643049303884638,6.86750304441877,12.755276174151703,52.24960713219633,54.63541509054102,53.442511111368674,0.7446425565081468,0.3221935441104786,0.5334180503093127,54.94359893716143,False,True
0.64,0.17,0.27,18.403639263516848,6.216457924087442,12.310048593802145,51.9200823579509,55.116300017842114,53.518191187896505,0.7478533465246111,0.3102093264615594,0.5290313364930852,54.9156997989283,False,True
0.64,0.17,0.29,18.629171914259725,6.387990120829877,12.5085810175448,52.04148836300531,56.66251633247009,54.352002347737695,0.7466727664088509,0.2709640886652531,0.508818427537052,55.772795862149195,False,True
0.64,0.17,0.31,18.379717238269944,6.437205970027388,12.408461604148666,52.14417482856828,55.10540690114397,53.624790864856124,0.7456720670315649,0.31048195825200464,0.5280770126417847,55.041694329673284,False,True
0.64,0.17,0.33,18.20443603336301,5.653229724227555,11.928832878795282,52.12035972885467,56.06390574120208,54.09213273502837,0.7459043254563369,0.286286507392185,0.5160954164242609,55.39183945017673,False,True
0.64,0.17,0.35,18.34876380882393,5.629759617261869,11.989261713042898,52.135550021337785,55.25691100087107,53.69623051110443,0.7457561933215726,0.3066852921441624,0.5262207427328676,55.01842934440694,False,True
0.64,0.19,0.11,18.83140240117221,7.6979634445940635,13.264682922883136,52.17762275832767,54.458267931242474,53.31794534478507,0.7453456846045791,0.3265817904923616,0.5359637375484703,54.94319893157038,False,True
0.64,0.19,0.13,18.685871302911366,7.367485964945245,13.026678633928306,51.8325277356171,55.72026770107021,53.77639771834366,0.7487030366539973,0.2950089628522763,0.5218559997531368,55.33168448360416,False,True
0.64,0.19,0.15,18.931194771396793,7.537537132515919,13.234365951956356,52.264896341498904,55.63297688160237,53.948936611550636,0.74449308994418,0.297216096611715,0.5208545932779475,55.54850316315832,False,True
0.64,0.19,0.17,18.537151949554225,6.993455387981146,12.765303668767686,52.03432304710008,55.751074369537214,53.89269870831865,0.7467425201669635,0.2942291952775491,0.5204858577222563,55.3838961415813,False,True
0.64,0.19,0.19,18.555614847096706,7.340815995738743,12.948215421417725,51.57388084473434,55.94265928806307,53.75827006639871,0.7512047478965056,0.2893701904072741,0.5202874691518898,55.29564072448477,False,True
0.64,0.19,0.21,18.523992971306267,6.88313338677199,12.70356317903913,51.9594138066243,56.484095463166675,54.22175463489549,0.7474711803540945,0.275548086581597,0.5115096334678457,55.69002777096318,False,True
0.64,0.19,0.23,18.52407627409522,6.783253761716784,12.653665017906,51.71101605988188,55.450890173332525,53.580953116607205,0.749879893120434,0.30180899081918844,0.5258444419698112,55.05482517699459,False,True
0.64,0.19,0.25,18.77120055752609,7.19334679618037,12.982273676853229,52.04571690083705,54.27947915376809,53.162598027302565,0.7466315974360134,0.33099625259241827,0.5388139250142159,54.72477737582192,False,True
0.64,0.19,0.27,18.445463059826864,6.086360587428844,12.265911823627853,51.81561738497972,54.237690618745184,53.026654001862454,0.7488669810629416,0.332025957569566,0.5404464693162538,54.42681900954941,False,True
0.64,0.19,0.29,18.367460523762542,6.359454985172225,12.363457754467383,52.13031473290074,56.02102080317949,54.07566776804012,0.7458072514894191,0.28737797086333594,0.5165926111763774,55.47100983582283,False,True
0.64,0.19,0.31,18.295576000498066,5.457362150127394,11.87646907531273,51.956251081760094,57.10025519975447,54.528253140757286,0.7475019218429165,0.2596564354541506,0.5035791786485335,55.806638568179025,False,True
0.64,0.19,0.33,18.450139752323494,6.1057004909428505,12.277920121633173,51.962620773027844,55.22139429069781,53.592007531862826,0.7474400069295519,0.3075762700652026,0.5275081384973772,54.980456471444896,False,True
0.64,0.19,0.35,18.2716550415312,5.38616631316076,11.82891067734598,52.302462629640445,54.45999294530647,53.381227787473456,0.7441256580194608,0.32653912757542647,0.5353323927974436,54.67612466068492,False,True
0.64,0.21,0.11,18.977209495032927,8.202030133112439,13.589619814072684,51.92883356989657,53.80938198561673,52.86910777775665,0.7477683399272504,0.3425341263591184,0.5451512331431845,54.58773052533954,False,True
0.64,0.21,0.13,18.66322443825582,7.390863380831829,13.027043909543824,51.713110794321985,52.984242022751324,52.348676408536654,0.7498596287414343,0.36254334605722316,0.5562014873993287,53.94522958285436,False,True
0.64,0.21,0.15,18.40125818693251,7.221982470562051,12.81162032874728,51.80943446494531,54.01509222432923,52.91226334463727,0.7489269105904488,0.33749760750204183,0.5432122590462454,54.441208911083294,False,True
0.64,0.21,0.17,18.575762254569288,7.216669039707181,12.896215647138234,52.06595830157534,54.81413627246391,53.440047287019624,0.7464344811713306,0.31775186458065807,0.5320931728759943,54.97409419041287,False,True
0.64,0.21,0.19,18.65535955216166,7.06969291530033,12.862526233730994,51.8448230645399,55.82135179644089,53.833087430490394,0.7485838008990041,0.29244874464517634,0.5205162727720902,55.34840452454109,False,True
0.64,0.21,0.21,18.52990318792228,6.670591990248612,12.600247589085445,52.03522104055733,55.26060854454116,53.647914792549244,0.7467337788013042,0.3065925020430158,0.52666314042216,55.107758082640935,False,True
0.64,0.21,0.23,18.48097950130435,6.620101814908483,12.550540658106417,52.11564314697404,56.22687831205153,54.17126072951278,0.7459503116634105,0.2821310786647083,0.5140406951640595,55.60612879742336,False,True
0.64,0.21,0.25,18.498876536058248,6.569830934480966,12.534353735269606,52.08936744348155,55.22587905245378,53.65762324796766,0.7462064210038166,0.30746379620965036,0.5268351086067335,55.10218286222159,False,True
0.64,0.21,0.27,18.44788784213571,6.589476069061828,12.518681955598769,51.908773882871905,54.8420143414848,53.375394112178355,0.7479631723759217,0.3170577152769224,0.5325104438264221,54.823809558765596,False,True
0.64,0.21,0.29,18.172682270760102,6.167604297519704,12.170143284139904,51.76739411863299,54.2315714904738,52.999482804553395,0.7493342077274197,0.3321766715187944,0.540755439623107,54.37883379686113,False,True
0.64,0.21,0.31,18.10026161845501,6.216537939297246,12.158399778876129,51.884356838264026,55.03480816916609,53.459582503715055,0.7482002246749129,0.31224758958840426,0.5302239071316586,54.824753958905205,False,True
0.64,0.21,0.33,18.048977855271843,5.247264481364184,11.648121168318013,51.829475749027274,57.41314755316016,54.62131165109372,0.7487326293601956,0.25152048159774865,0.5001265554789721,55.84949787811637,False,True
0.64,0.21,0.35,17.819678158337755,5.751404357259219,11.785541257798487,51.466844158934464,54.84159327739467,53.15421871816457,0.7522363780375088,0.31706820217720366,0.5346522901073563,54.445109516629195,False,True
0.64,0.23,0.11,18.751911212461877,7.758814834466117,13.255363023463996,51.93609177155967,54.44765577717864,53.19187377436916,0.7476978251063883,0.3268442197526873,0.5372710224295378,54.818610749564215,False,True
0.64,0.23,0.13,18.540251137256845,7.4392458795650995,12.989748508410973,51.895819274551336,56.59975442958074,54.24778685206604,0.7480889557732369,0.272578218906001,0.5103335873396189,55.78132254311433,False,True
0.64,0.23,0.15,18.391269877847538,7.138542236012947,12.764906056930243,51.82824792023636,57.20776198810433,54.518004954170344,0.7487445341558017,0.2568660141015481,0.5028052741286748,55.99246101775842,False,True
0.64,0.23,0.17,18.54893747138499,6.869377865962237,12.709157668673612,52.050877934229625,55.57056943594163,53.81072368508563,0.7465813451693786,0.2987919370889486,0.5226866411291635,55.2911988670877,False,True
0.64,0.23,0.19,18.34030315526282,6.682267705312836,12.511285430287828,52.0673943431798,52.81760488166554,52.442499612422665,0.746420493695907,0.36654668408596436,0.5564835888909356,53.91426553999492,False,True
0.64,0.23,0.21,18.55947498432867,7.002548726549961,12.781011855439315,51.744755343958936,53.704182145963365,52.72446874496115,0.7495534007406945,0.34510236599482214,0.5473278833677584,54.251487246777536,False,True
0.64,0.23,0.23,18.16474501418668,6.396211182237346,12.280478098212011,51.52707684195684,55.121657368696795,53.324367105326814,0.7516561131867143,0.31007522347374294,0.5308656683302286,54.72018155584213,False,True
0.64,0.23,0.25,18.483351735632585,6.523066433146861,12.503209084389724,51.965399514037905,55.15532447287593,53.56036199345692,0.7474129945285446,0.3092321841333723,0.5283225893309584,55.00038740116392,False,True
0.64,0.23,0.27,18.381290971742693,6.110559745875528,12.24592535880911,51.88243718788876,56.05160683235864,53.9670220101237,0.7482188568261308,0.28659961202708095,0.5174092344266059,55.33897498630328,False,True
0.64,0.23,0.29,18.107207038338185,5.75023831360537,11.928722675971777,51.928170619469405,56.30230731223247,54.115238965850935,0.7477747801265735,0.28020372801693794,0.5139892540717557,55.41438002009401,False,True
0.64,0.23,0.31,17.910969539951623,5.812470070828834,11.861719805390228,51.49834887649886,55.38634154672456,53.44234521161171,0.7519329550418702,0.3034335288534724,0.5276832419476714,54.74289596339112,False,True
0.64,0.23,0.33,17.901528612372278,5.576157904288161,11.73884325833022,51.48399611611627,55.50621439888012,53.495105257498196,0.7520712099870713,0.3004151035049252,0.5262431567459982,54.76793521353946,False,True
0.64,0.23,0.35,18.135399727676237,5.448453143272222,11.79192643547423,52.11097080208008,56.31264441757078,54.21180760982543,0.7459958624609366,0.2799393945184032,0.5129676284896699,55.47945217271312,False,True
0.64,0.25,0.11,18.382745262858737,6.970568236942334,12.676656749900536,51.75125930465936,57.668329582257186,54.70979444345827,0.7494904379457692,0.24485221858384798,0.4971713282648086,56.15923107023686,False,True
0.64,0.25,0.13,18.61168363375359,7.740600130364296,13.176141882058943,51.68859779137941,53.51911678024418,52.6038572858118,0.7500967151705054,0.3496081619610595,0.5498524385657824,54.2289269324242,False,True
0.64,0.25,0.15,18.622906208560686,7.360200573383871,12.991553390972278,51.78557606438721,56.58499569661355,54.18528588050037,0.7491580971743304,0.2729575288240008,0.5110578129991656,55.72096253172621,False,True
0.64,0.25,0.17,18.46070772162563,6.993180052704481,12.726943887165056,51.990875452990245,55.30286931846449,53.64687238572736,0.7471652732163503,0.30553152412647155,0.5263483986714109,55.13585056456067,False,True
0.64,0.25,0.19,18.49687455865593,7.072514761054036,12.784694659854981,51.94646120036251,54.50114048872224,53.22380084454238,0.7475970670198633,0.32552106908205014,0.5365590680509567,54.73775108538197,False,True
0.64,0.25,0.21,18.46322075556513,6.9884517095244725,12.7258362325448,52.10596460730075,54.579544959226155,53.34275478326345,0.746044663436546,0.3235790839900644,0.5348118737133052,54.83973373098128,False,True
0.64,0.25,0.23,18.07852297749377,6.091628747095859,12.085075862294815,51.77732675383086,56.148142829175995,53.96273479150343,0.7492380077633112,0.2841401598605897,0.5166890838119504,55.29941956996977,False,True
0.64,0.25,0.25,18.354241427759643,6.454984815934606,12.404613121847124,51.852830167270305,53.73303435676722,52.792932262018766,0.7485061356405769,0.3443984982695323,0.5464523169550546,54.230693555631426,False,True
0.64,0.25,0.27,18.1634695171609,5.918856035571823,12.041162776366363,52.16852759167099,55.801539480270726,53.98503353597086,0.7454344552864272,0.2929509088180714,0.5191926820522492,55.31160318492721,False,True
0.64,0.25,0.29,18.206679878168778,6.025905341418674,12.116292609793726,51.838368826363734,55.17597241860821,53.50717062248597,0.7486463953463676,0.3087148956848611,0.5286806455156143,54.861843339701664,False,True
0.64,0.25,0.31,18.087950531805134,5.890957879753945,11.98945420577954,51.7259797581153,54.63168742472505,53.17883359142017,0.7497351168771756,0.32228603173073755,0.5360105743039566,54.51362540041199,False,True
0.64,0.25,0.33,17.59651880006361,4.728205119400483,11.162361959732046,51.583425400929386,56.92189210994737,54.252658755438375,0.7511126524420588,0.26427440867059837,0.5076935305563286,55.38907208605428,False,True
0.64,0.25,0.35,18.035205364450356,5.269109292867341,11.652157328658848,51.803526229922525,56.05283116386164,53.92817869689208,0.7489841709814824,0.28656844617268884,0.5177763085770857,55.17264927457937,False,True
0.64,0.27,0.11,18.513164769984492,7.4146812879240285,12.96392302895426,51.97617883594589,55.180311982550876,53.57824540924838,0.7473081940629496,0.3086061529205494,0.5279571734917494,55.12432930598155,False,True
0.64,0.27,0.13,18.513643486311388,7.30625192342738,12.909947704869385,52.09097215956348,57.0554736591054,54.57322290933444,0.7461907835357104,0.26081722623227444,0.5035040048839925,56.079438374990595,False,True
0.64,0.27,0.15,18.698332319025777,7.665432227349868,13.181882273187822,51.72787087501474,55.34426493425274,53.53606790463374,0.7497168170284864,0.30449148009809923,0.5271041485632928,55.13503955701617,False,True
0.64,0.27,0.17,18.061214834102383,6.60008861621779,12.330651725160086,51.74525313717051,56.22345918226055,53.98435615971553,0.749548582041067,0.28221838254714104,0.5158834822941041,55.374684486200096,False,True
0.64,0.27,0.19,18.23863235322633,6.8566988449916195,12.547665599108974,51.97519995942203,54.48057012639036,53.227885042906195,0.7473177119518328,0.32603011008876004,0.5366739110202965,54.68685087045971,False,True
0.64,0.27,0.21,18.061743687296584,6.894017882529748,12.477880784913166,51.61262474827228,54.65919389355254,53.13590932091241,0.750830802024643,0.3216034164968552,0.5362171092607491,54.5813371789546,False,True
0.64,0.27,0.23,17.899607005714895,6.1868886166573205,12.043247811186108,51.49465318076304,57.81595707619559,54.65530512847931,0.7519685580250578,0.24098100306044146,0.4964747805427496,55.966438126155715,False,True
0.64,0.27,0.25,17.961186598030185,6.006821962277203,11.984004280153695,51.776418208825945,53.92832909501699,52.85237365192147,0.7492468080073902,0.3396242211351791,0.5444355145712847,54.19400113692534,False,True
0.64,0.27,0.27,17.99422401438463,6.018335103722396,12.006279559053514,51.501931265109626,55.16623817637868,53.33408472074415,0.7518984411793719,0.30895878964004,0.530428615409706,54.66877849238687,False,True
0.64,0.27,0.29,17.984184669465122,5.690330445067562,11.837257557266343,51.77498656217983,54.43499910846463,53.104992835322236,0.7492606747450133,0.32715714119369554,0.5382089079693544,54.408279981237094,False,True
0.64,0.27,0.31,17.678223264172065,5.596532962084498,11.637378113128282,51.71539615669288,54.213752194125064,52.96457417540897,0.7498375192989783,0.3326154634036669,0.5412264913513226,54.22798804058948,False,True
0.64,0.27,0.33,17.51688979895403,5.018920674852696,11.267905236903363,51.565410118078034,54.888968723469354,53.2271894207737,0.7512864676922129,0.31588777792723854,0.5335871228097258,54.406795366596974,False,True
0.64,0.27,0.35,17.604041881454116,4.805017215254197,11.204529548354156,51.42057923580759,55.05745324306935,53.23901623943847,0.7526816205239266,0.3116814966438094,0.5321815585838681,54.40527853566356,False,True
0.64,0.29,0.11,18.248836476848684,6.682904291108738,12.46587038397871,52.02260510413572,56.83002310053746,54.42631410233659,0.7468565726760534,0.2666473388409837,0.5067519557585185,55.83566594208723,False,True
0.64,0.29,0.13,18.282978712166685,6.769220475806156,12.52609959398642,51.68704447881519,55.129950276285065,53.40849737755013,0.7501117348110494,0.30986761314130085,0.5299896739761751,54.85773202718324,False,True
0.64,0.29,0.15,18.123042308038485,7.021941051237876,12.57249167963818,51.764007747447685,54.665299441452284,53.214653594449985,0.749367001329138,0.321451851357501,0.5354094263433196,54.67967542160323,False,True
0.64,0.29,0.17,18.291417019971036,6.917038582340624,12.60422780115583,51.58884288680049,55.31668480641685,53.452763846608676,0.7510603715211048,0.3051845034602658,0.5281224374906853,54.91870829967458,False,True
0.64,0.29,0.19,17.991870078651854,6.498462762888152,12.245166420770003,51.777274545564325,54.5523421340981,53.16480833983121,0.7492385134611966,0.32425318174670037,0.5367458476039485,54.55676810885465,False,True
0.64,0.29,0.21,18.025188489189528,6.289969822441309,12.15757915581542,51.90880221215778,54.74924709184441,53.329024652001095,0.747962897276945,0.3193662042999278,0.5336645507884363,54.6972723384234,False,True
0.64,0.29,0.23,17.64229875940352,6.04647729240541,11.844388025904465,51.58409357665265,54.929095792216565,53.2565946844346,0.7511062045739988,0.31488715965707303,0.5329966821155359,54.5578079205015,False,True
0.64,0.29,0.25,17.977611961936457,5.9886333994712,11.98312268070383,51.74301182654828,55.573120648741,53.65806623764465,0.7495702778385508,0.2987275514953629,0.5241489146669569,54.97984450272899,False,True
0.64,0.29,0.27,17.483366173371813,5.505641712414689,11.494503942893251,51.64761414388479,54.31565162516372,52.98163288452425,0.7504928523525636,0.33010429184727363,0.5402985720999186,54.214177518465505,False,True
0.64,0.29,0.29,17.75993564443759,5.855353731341983,11.807644687889786,51.51071977796611,55.03185606424533,53.271287921105724,0.7518137597033172,0.3123213706331204,0.5320675651682187,54.56418779610667,False,True
0.64,0.29,0.31,17.47401223488968,5.159754304721851,11.316883269805766,51.63665123246515,54.69372574181145,53.165188487138295,0.7505987637096919,0.3207459692429272,0.5356723664763096,54.356316227420635,False,True
0.64,0.29,0.33,17.579930384846243,5.035136293538043,11.307533339192144,51.784308446554974,55.706519502115604,53.74541397433529,0.7491703773419589,0.29535681334592245,0.5222635953439407,54.92203413466782,False,True
0.64,0.29,0.35,17.53446257876183,4.931347424174403,11.232905001468115,51.80595090881246,54.64696100262507,53.22645595571876,0.7489606726959575,0.3219070368826604,0.5354338547893089,54.39883977051419,False,True
0.66,0.05,0.11,17.421090415953042,6.237546178467942,11.829318297210492,50.44423127736852,54.838501287404675,52.6413662823866,0.7619843687523387,0.31714520791790524,0.539564788335122,53.95411212737272,False,True
0.66,0.05,0.13,17.488123955606287,6.427429286693555,11.957776621149922,50.56645456548941,54.8455270901417,52.705990827815555,0.7608295768064942,0.31697022463848024,0.5388999007224873,54.045442831594016,False,True
0.66,0.05,0.15,17.18656323364408,6.28188005428338,11.73422164396373,50.11178417107614,55.30751369457625,52.7096489328262,0.7651112621554423,0.3054148752699448,0.5352630687126936,53.99999118714236,False,True
0.66,0.05,0.17,16.96555793650231,5.660525270500844,11.313041603501578,50.30168585307967,55.29759557769015,52.79964071538491,0.7633276383917124,0.30566396832459075,0.5344958033581515,53.998027463938804,False,True
0.66,0.05,0.19,16.742862957203517,5.353263611786213,11.048063284494866,50.179940969524296,53.80945664478472,51.994698807154506,0.7644718855421354,0.3425323019230315,0.5535020937325834,53.15551153347052,False,True
0.66,0.05,0.21,17.250062912331124,5.619040716917452,11.434551814624289,50.45943893887392,54.62282248577295,52.54113071232344,0.7618408357187474,0.32250595558066597,0.5421733956497067,53.77099024316722,False,True
0.66,0.05,0.23,16.753464133125,5.298967160459813,11.026215646792407,49.823011885460495,55.72208358992923,52.772547737694865,0.7678105842153845,0.2949630116649219,0.5313867979401532,53.91214358766356,False,True
0.66,0.05,0.25,16.90308242024551,5.412760570103029,11.15792149517427,50.1458379538673,54.38014265754462,52.262990305705955,0.7647919134024168,0.3285125623049804,0.5466522378536987,53.440802462040054,False,True
0.66,0.05,0.27,16.688658265007,5.25627403259519,10.972466148801095,49.9439798181343,54.26924386151194,52.10661183982312,0.766681725477812,0.33124853221566186,0.548965128846737,53.24935690515502,False,True
0.66,0.05,0.29,16.513195125050864,4.369593118647059,10.441394121848962,49.72408536262986,55.27672619432942,52.50040577847964,0.7687317203264287,0.30618795604354077,0.5374598381849847,53.52864016685647,False,True
0.66,0.05,0.31,16.676836302445423,5.059066620466683,10.867951461456054,50.238854111199906,54.35797139841792,52.29841275480891,0.7639185231345506,0.3290599932724958,0.5464892582035232,53.41569381409291,False,True
0.66,0.05,0.33,16.54192361332587,4.475048085100278,10.508485849213073,50.204091986716435,55.12166644006058,52.66287921338851,0.7642451171452805,0.3100749963920678,0.5371600567686742,53.70109050929095,False,True
0.66,0.05,0.35,16.578206721004566,4.787475540129021,10.682841130566793,49.89989023641939,55.04999019032218,52.474940213370786,0.7670934813942163,0.31186808751704675,0.5394807844556315,53.551306660227894,False,True
0.66,0.07,0.11,16.909650666400605,6.594767598831409,11.752209132616008,50.18262676103119,54.8713382038764,52.52698248245379,0.764446672426055,0.31632718559541007,0.5403869290107326,53.82562873026892,False,True
0.66,0.07,0.13,16.945875107876063,6.091757953924894,11.518816530900478,50.14005945762878,53.57147984069339,51.85576964916109,0.764846118129635,0.3483348536701064,0.5565904858998707,53.11971366808562,False,True
0.66,0.07,0.15,16.855482184314546,6.014222335073254,11.4348522596939,49.65769038713167,54.32218353098951,51.98993695906059,0.7693489182133921,0.32994316117297995,0.549646039693186,53.23259707367396,False,True
0.66,0.07,0.17,17.034607279927037,6.053517035815648,11.544062157871343,50.325741828892255,54.38334891491382,52.354545371903036,0.7631012147283782,0.3284333780693529,0.5457672963988656,53.61216086116517,False,True
0.66,0.07,0.19,16.75021011233581,5.6945515223168135,11.222380817326313,50.17940153824269,54.27348713409622,52.22644433616946,0.7644769493404293,0.33114394974847905,0.5478104495444542,53.41856717666714,False,True
0.66,0.07,0.21,16.66733852197199,5.305006121946945,10.986172321959467,50.07182033690967,55.63137390624349,52.851597121576575,0.7654857573630418,0.29725659521930703,0.5313711762911744,53.981360677452635,False,True
0.66,0.07,0.23,16.703574926765825,5.209713849793501,10.956644388279663,50.20825518893728,55.13002283645363,52.66913901269545,0.7642060153147902,0.30986579648247836,0.5370359058986343,53.79671235856201,False,True
0.66,0.07,0.25,16.7579197854981,5.321670973485423,11.03979537949176,50.13870519973841,54.83108641842031,52.48489580907936,0.7648588207352047,0.31732985689224413,0.5410943388137244,53.63339789824027,False,True
0.66,0.07,0.27,16.58696456282048,4.745257751372154,10.666111157096317,49.97319669939261,55.7492815291815,52.86123911428706,0.7664086664926564,0.2942745868345592,0.5303416266636078,53.92658461198305,False,True
0.66,0.07,0.29,16.357926049328086,4.063140482539148,10.210533265933616,49.83595240672675,54.439345955387786,52.13764918105727,0.76768995552764,0.3270496786517789,0.5473698170897094,53.12804769330169,False,True
0.66,0.07,0.31,16.562954538268727,4.761381168085645,10.662167853177186,49.927981304399225,53.460339446267604,51.69416037533341,0.7668311788365358,0.35103596228652145,0.5589335705615286,52.78227013155096,False,True
0.66,0.07,0.33,16.399438778559304,4.035126859544359,10.217282819051832,49.920693198292895,55.727161106470255,52.82392715238157,0.7668992462822923,0.29483451682621875,0.5308668815542555,53.802975270932805,False,True
0.66,0.07,0.35,16.373149909169946,4.033610928326166,10.203380418748056,49.7067829299857,56.125835719961124,52.91630932497341,0.7688926406371097,0.2847088551269005,0.5268007478820051,53.89104530945711,False,True
0.66,0.09,0.11,17.126499094774374,6.7835579296790325,11.955028512226704,50.186122031988624,54.741608094749864,52.46386506336924,0.7644138582259794,0.3195561246052653,0.5419849914156223,53.808733901807884,False,True
0.66,0.09,0.13,16.756111876489356,5.801394003733744,11.27875294011155,50.1774123027888,54.795154092212385,52.4862831975006,0.7644956224015563,0.3182243089378647,0.5413599656697106,53.68445018599249,False,True
0.66,0.09,0.15,16.835039186650626,5.948936015501926,11.391987601076275,50.05721007328828,55.343344889863076,52.70027748157568,0.76562259341211,0.3045146042065724,0.5350685988093412,53.917498348292725,False,True
0.66,0.09,0.17,16.839259673176755,5.667399620041123,11.25332964660894,49.826459529050574,54.09746406181804,51.961961795434306,0.7677784491028184,0.33547546341728784,0.5516269562600531,53.166558114715514,False,True
0.66,0.09,0.19,16.63723352133385,5.226873426810694,10.932053474072273,50.07527825940248,56.949098106902966,53.51218818315272,0.7654533654879223,0.26357095589184654,0.5145121606898844,54.61743382207851,False,True
0.66,0.09,0.21,16.481373930862077,5.317717266875539,10.899545598868809,49.70263522951159,55.019633721581094,52.36113447554634,0.7689312077724019,0.31262679774714763,0.5407790027597748,53.48353482921701,False,True
0.66,0.09,0.23,16.4205277194464,4.65172486014875,10.536126289797576,50.2263994105974,56.87484629005654,53.550622850326974,0.7640355624140761,0.2654900572960647,0.5147628098550704,54.57727700107917,False,True
0.66,0.09,0.25,16.470842581360696,4.831446169885755,10.651144375623225,49.88227518332523,55.11262927947394,52.497452231399585,0.7672578880306262,0.31030120333913425,0.5387795456848803,53.567054868626585,False,True
0.66,0.09,0.27,16.224296810471518,4.4892704501280996,10.356783630299809,49.71013595664754,54.00422073092529,51.857178343786416,0.7688614603744497,0.3377642613311589,0.5533128608528043,52.881281309591174,False,True
0.66,0.09,0.29,16.277887318130066,4.0750527029418455,10.176470010535956,49.9531367540412,55.473618740301866,52.713377747171535,0.766596162559155,0.30123651548905805,0.5339163390241065,53.686690486482185,False,True
0.66,0.09,0.31,16.543685142318267,4.5932493080974695,10.568467225207868,50.07134106860621,54.83045509999601,52.45089808430111,0.7654902467027361,0.3173455771628453,0.5414179119327907,53.50503910231292,False,True
0.66,0.09,0.33,16.512044058112423,4.462491998132847,10.487268028122635,50.0119971108908,56.63565617952322,53.323826645207006,0.7660457936328244,0.27165510544478233,0.5188504495388033,54.34531515026637,False,True
0.66,0.09,0.35,16.08523696848427,3.6038949607039448,9.844565964594107,49.708597360954194,54.5095266711396,52.10906201604689,0.7688757682515535,0.32531348669118343,0.5470946274713684,53.030838417127306,False,True
0.66,0.11,0.11,16.598114893763416,5.766846494151333,11.182480693957375,49.824249853817356,55.37080475923237,52.59752730652487,0.7677990455022575,0.3038242709390523,0.5358116582206549,53.77311366502184,False,True
0.66,0.11,0.13,16.748141225182714,5.696211446843575,11.222176336013145,50.10290462653694,54.88234759932139,52.492626112929166,0.7651944968778122,0.31605281359330895,0.5406236552355606,53.67879504933346,False,True
0.66,0.11,0.15,16.539523378972167,5.845845683860689,11.192684531416427,49.664339427118925,54.00431376715002,51.83432659713448,0.7692871468773879,0.33776197958483445,0.5535245632311112,53.028988306380235,False,True
0.66,0.11,0.17,16.467003135749618,4.96596345963736,10.71648329769349,49.86436995278934,56.78460373960027,53.3244868461948,0.7674249434918712,0.26781908212448935,0.5176220128081803,54.390660151167,False,True
0.66,0.11,0.19,16.715935891626447,5.940533178466357,11.328234535046402,50.088580079091535,55.024040416821904,52.556310247956716,0.7653287406619155,0.31251668558110923,0.5389227131215124,53.76332062438571,False,True
0.66,0.11,0.21,16.66307989988146,5.089278559994191,10.876179229937826,49.827922074255696,56.12090444330447,52.97441325878008,0.7677648162056144,0.28483454211308257,0.5262996791593485,54.079383638811436,False,True
0.66,0.11,0.23,16.55310114119277,4.816507920049019,10.684804530620895,50.11693996546356,54.03771928333716,52.07732962440036,0.7650629262058996,0.3369424433845447,0.5510026847952221,53.16214168622277,False,True
0.66,0.11,0.25,16.5278971154258,4.9620810189033095,10.744989067164555,49.84310431997607,53.45071237006776,51.64690834502191,0.7676232735271088,0.35126967063084036,0.5594464720789746,52.75280022569967,False,True
0.66,0.11,0.27,16.484814850916866,4.409622405909616,10.447218628413241,49.959047124889025,54.005938829890546,51.98249297738978,0.7665409273953004,0.3377221237122534,0.5521315255537769,53.02191955422062,False,True
0.66,0.11,0.29,16.17747437201803,4.493620414992415,10.335547393505221,49.890202834214406,54.73002980606358,52.31011632013899,0.7671839040424349,0.31984393282751233,0.5435139184349735,53.32140104451367,False,True
0.66,0.11,0.31,16.328273555690675,4.179745279496129,10.254009417593402,49.831332863983526,53.3707271470069,51.60103000549522,0.7677330214826277,0.3532097763396772,0.5604713989111525,52.60998960999814,False,True
0.66,0.11,0.33,16.21295752186317,3.8918875506606816,10.052422536261926,50.18145194999184,53.53103490369914,51.85624342684549,0.7644577012393404,0.3493184593737253,0.5568880803065328,52.821597677387636,False,True
0.66,0.11,0.35,16.450336765422588,4.148970219392136,10.299653492407362,49.963915479961365,54.30068348114069,52.132299480551026,0.7664954254450862,0.3304734566652091,0.5484844410551477,53.139999164410234,False,True
0.66,0.13,0.11,16.620788159476568,5.999574768556105,11.310181464016337,49.91846532229635,54.66588238710122,52.29217385469879,0.7669200516017916,0.32143737933214034,0.544178715466966,53.50132382660286,False,True
0.66,0.13,0.13,16.695427378786658,6.030889416701129,11.363158397743893,49.84008282928115,53.25421680978286,51.54714981953201,0.7676514460434454,0.3560306295179936,0.5618410377807195,52.784751806648636,False,True
0.66,0.13,0.15,16.29910442515441,5.223954478630686,10.76152945189255,49.40779208551142,55.0054458347338,52.20661896012261,0.7716645426643234,0.3129812572422743,0.5423228999532989,53.30423603609177,False,True
0.66,0.13,0.17,16.564741802685052,5.433435437980492,10.999088620332772,49.91524919154547,54.61712313272942,52.266186162137444,0.766950084233469,0.3226473278542028,0.544798706043836,53.41099293603464,False,True
0.66,0.13,0.19,16.50833906055646,5.128703282555967,10.818521171556213,49.89439423802412,54.70996671582389,52.30218047692401,0.7671447834453254,0.3203425085235374,0.5437436459844314,53.409348273313924,False,True
0.66,0.13,0.21,16.020664346185658,4.2556227227156915,10.138143534450675,49.65334501649266,55.27704565581768,52.46519533615517,0.7693892833845675,0.306179936506789,0.5377846099456782,53.43574343064801,False,True
0.66,0.13,0.23,16.283282450944245,4.690396075528167,10.486839263236206,50.01647851087769,55.223345580489635,52.61991204568366,0.7660038641194459,0.3075273345667566,0.5367655993431013,53.65471965660092,False,True
0.66,0.13,0.25,16.1548680531358,4.930867214001592,10.542867633568695,49.542909381894596,52.956383206458256,51.24964629417643,0.7704139603370705,0.3632135120689973,0.5668137362030339,52.322827744849015,False,True
0.66,0.13,0.27,16.244663868919073,4.789931013358274,10.517297441138673,49.60411633949463,54.40223639937054,52.00317636943258,0.7698463334662584,0.3279668232500662,0.5489065783581624,53.056044876862934,False,True
0.66,0.13,0.29,15.868879006318886,3.5309607798445395,9.699919893081713,49.60107520089208,54.61065144567267,52.10586332328238,0.769874553210738,0.32280783996316553,0.5463411965869518,53.001032429536565,False,True
0.66,0.13,0.31,16.11787054144814,3.994938249016095,10.056404395232118,49.762133796841184,55.42072140387523,52.5914276003582,0.7683776559944075,0.30256850373507016,0.5354730798647389,53.54427631786765,False,True
0.66,0.13,0.33,15.81716452116773,3.3993955462102474,9.608280033688988,49.87965344229135,55.09212895806219,52.485891200176766,0.7672823525726975,0.3108142043529917,0.5390482784628445,53.35810922701984,False,True
0.66,0.13,0.35,15.960251656740526,3.289829882494588,9.625040769617558,49.97882520196513,57.0936467845477,53.53623599325641,0.7663560445452955,0.2598277907148231,0.5130919176300592,54.39457669788821,False,True
0.66,0.15,0.11,16.536830780399058,5.971070226799652,11.253950503599356,49.87702562950632,54.86707122808983,52.372048428798074,0.7673068724824463,0.3164335107558438,0.5418701916191451,53.567554158892065,False,True
0.66,0.15,0.13,16.432441795399257,5.027923650886258,10.730182723142757,50.00781531871385,56.03477227683798,53.02129379777591,0.7660849165242827,0.2870280734257189,0.5265564949750008,54.09615898806589,False,True
0.66,0.15,0.15,16.48690354700271,5.6337480227922985,11.060325784897504,50.03375771826377,53.86666511754705,51.95021141790541,0.76584215876576,0.34113356201525624,0.5534878603905081,53.11454859860091,False,True
0.66,0.15,0.17,16.115469865750367,4.387819341467527,10.251644603608947,49.56650187272428,55.51827952766095,52.54239070019261,0.7701952490711488,0.30011093939264144,0.5351530942318952,53.533158299976954,False,True
0.66,0.15,0.19,16.4369999173746,5.274650801540515,10.855825359457558,50.07281173282827,55.067355882346114,52.570083807587196,0.7654764707518065,0.3114338723014818,0.5384551715266441,53.679257220753186,False,True
0.66,0.15,0.21,16.262733383287213,4.58995071039768,10.426342046842446,50.02158420357079,53.880765848510435,51.951175026040616,0.7659560889311482,0.3407885726102472,0.5533723307706977,52.98710404489059,False,True
0.66,0.15,0.23,16.26057655018849,5.0015495391142135,10.631063044651352,49.83656896623342,55.299785407628356,52.56817718693089,0.76768420731393,0.3056089746880851,0.5366465910010075,53.63238531163716,False,True
0.66,0.15,0.25,16.185972315535544,4.129031653131722,10.157501984333633,49.80719633200526,56.06911695704716,52.93815664452621,0.7679579707797693,0.28615381995737144,0.5270558953685704,53.90383358799387,False,True
0.66,0.15,0.27,16.224802333928736,4.453158101541939,10.338980217735337,50.00410085089667,55.45247278575531,52.72828681832599,0.766119664604163,0.3017691363991979,0.5339444005016805,53.732362154835265,False,True
0.66,0.15,0.29,16.092953115295856,4.020569030924921,10.056761073110389,49.696944477764546,56.22934952271852,52.963147000241534,0.7689841176371787,0.28206797559466246,0.5255260466159206,53.909492517095934,False,True
0.66,0.15,0.31,15.806856167088815,3.511727716930687,9.659291942009752,49.82760783885808,57.09985139086457,53.46372961486132,0.7677677453378027,0.25966690672979664,0.5137173260337997,54.32929509161677,False,True
0.66,0.15,0.33,15.848745294982802,3.5973751605632285,9.723060227773015,49.75925241590634,56.199832581716294,52.97954249881131,0.7684044785131844,0.2828215178412805,0.5256129981772324,53.86436506240703,False,True
0.66,0.15,0.35,15.788808785040548,3.315649722382859,9.552229253711703,49.96148748267733,56.211261311030114,53.08637439685372,0.7665181192108549,0.2825297991021096,0.5245239591564823,53.938930563354624,False,True
0.66,0.17,0.11,16.260066267812213,5.197090834484859,10.728578551148537,49.77226934315821,54.63447174933054,52.20337054624437,0.7682832927548123,0.32221695007313167,0.545250121413972,53.2944114717168,False,True
0.66,0.17,0.13,16.361662252080393,5.054295992399797,10.707979122240095,49.77551995294327,56.14628215301419,52.96090105297873,0.7682530250896178,0.28418760439579704,0.5262203147427074,54.032562934083856,False,True
0.66,0.17,0.15,16.29437806155317,5.453627480029575,10.874002770791373,49.72035217821552,54.00227267420775,51.86131242621164,0.7687664453383007,0.33781203720844777,0.5532892412733743,52.98905229222648,False,True
0.66,0.17,0.17,16.325251240538595,5.2868524511271655,10.80605184583288,49.796120234758,56.054270332587706,52.92519528367285,0.7680611620653424,0.28653181067934697,0.5272964863723446,54.01709962881879,False,True
0.66,0.17,0.19,16.42022031063966,4.910538283302525,10.665379296971093,49.88906741618398,53.466467690006716,51.67776755309535,0.767194500936017,0.3508871701992393,0.5590408355676282,52.76686436410652,False,True
0.66,0.17,0.21,16.067954303669026,4.803984640568917,10.435969472118972,49.695934419759816,55.78872475587575,52.74232958781778,0.768993508036223,0.29327561666454816,0.5311345623503856,53.76488435003834,False,True
0.66,0.17,0.23,16.24252331309614,4.509472724884012,10.375998018990076,49.71920438763835,55.947601576960224,52.83340298229929,0.7687771212333852,0.2892446227991683,0.5290108720162767,53.84263928876553,False,True
0.66,0.17,0.25,16.079995936197854,4.614208786429549,10.347102361313702,49.64654364301603,54.12153872458407,51.88404118380005,0.7694524558531555,0.33488387324991686,0.5521681645515362,52.905729905538244,False,True
0.66,0.17,0.27,15.87837530358684,3.7802423164276364,9.829308810007237,49.82276795581187,55.365547674887175,52.59415781534952,0.7678128577729963,0.3039564590408296,0.535884658406913,53.50477313276243,False,True
0.66,0.17,0.29,15.774104516498163,3.8804905922500814,9.827297554374121,49.81333412019684,55.113373704344845,52.46335391227085,0.7679007777359491,0.3102825712247931,0.5390916744803711,53.3758304942077,False,True
0.66,0.17,0.31,15.678273004914981,3.3455091030766853,9.511891053995834,49.71698618685323,55.76229357665695,52.73963988175509,0.7687977525904697,0.2939451115842725,0.531371432087371,53.59053728299706,False,True
0.66,0.17,0.33,15.505643587820526,3.1692028866189026,9.337423237219713,49.51681656036621,56.10974871889416,52.81328263963019,0.7706557293453399,0.28511883531477367,0.5278872823300568,53.632362393282975,False,True
0.66,0.17,0.35,15.736614202553485,3.4199566847279463,9.578285443640716,49.694562687227844,55.2397879205497,52.46717530388877,0.7690062605782767,0.3071149160159854,0.538060588297131,53.33430449915753,False,True
0.66,0.19,0.11,16.379663945973405,5.398770731090484,10.889217338531944,49.77331486780661,55.28835803845138,52.530836453129,0.7682735576924329,0.30589592852251224,0.5370847431074726,53.647589253489954,False,True
0.66,0.19,0.13,16.310248946272946,5.154280127815768,10.732264537044356,49.8795082012468,54.49714163959637,52.188324920421586,0.7672837078389295,0.32562004097555886,0.5464518744072442,53.28041629053396,False,True
0.66,0.19,0.15,16.109436221115114,4.603650629875628,10.35654342549537,49.74222686660123,55.99016936091626,52.86619811375874,0.7685629361348764,0.28816265358624626,0.5283627948605614,53.8710766063512,False,True
0.66,0.19,0.17,15.953270818995682,4.671424576023569,10.312347697509626,50.00328535832119,54.201057434714016,52.102171396517605,0.7661272930233758,0.33292797799058915,0.5495276355069825,53.112905957652416,False,True
0.66,0.19,0.19,16.304237058634225,5.082158673756381,10.693197866195304,50.05221880789552,54.71661768309342,52.38441824549447,0.7656693311952808,0.3201772496221761,0.5429232904087284,53.46467764351056,False,True
0.66,0.19,0.21,16.17076056371503,4.662725710755984,10.416743137235507,49.967990498886174,55.09944895140395,52.53371972514506,0.76645733498102,0.310631050400514,0.538544192690767,53.556514503347195,False,True
0.66,0.19,0.23,15.659164373064232,3.915940121959204,9.787552247511718,49.59312076985128,54.32930642538255,51.96121359761692,0.7699483568616275,0.32976742976092666,0.5498578933112771,52.87498366463049,False,True
0.66,0.19,0.25,15.719276629290372,3.753253374241436,9.736265001765904,49.58572325143344,57.79151655784751,53.688619904640476,0.7700169826837615,0.2416225870683516,0.5058197848760566,54.564299349020956,False,True
0.66,0.19,0.27,15.923450326109856,4.0322949739234275,9.977872650016643,49.50679609624857,53.826006730632095,51.66640141344033,0.7707485424001081,0.3421278072162708,0.5564381748081895,52.621050708197565,False,True
0.66,0.19,0.29,15.88087674772252,3.9780010957510186,9.929438921736768,49.894423835324694,54.211288669021464,52.05285625217308,0.7671445071863194,0.33267611521756846,0.5499103112019439,52.99144837905353,False,True
0.66,0.19,0.31,15.441499223017379,2.7891381562716187,9.115318689644498,49.31136666798289,55.74081741660826,52.52609204229557,0.7725549227480621,0.2944888635293994,0.5335218931387308,53.311156243787174,False,True
0.66,0.19,0.33,15.513250376263906,3.1893679979279796,9.351309187095943,49.57560049330528,55.160417147171906,52.36800882023859,0.7701108736133351,0.3091046164708987,0.5396077450421168,53.196384569905234,False,True
0.66,0.19,0.35,15.761347628021616,3.2295336795336147,9.495440653777615,49.69994810808593,56.083758036428435,52.89185307225718,0.7689561920862156,0.28578096432027944,0.5273685782032476,53.73743122467479,False,True
0.66,0.21,0.11,15.917917419785354,5.0745344380324715,10.496225928908913,49.63540843744122,55.49517462837164,52.56529153290643,0.7695558631082406,0.3006933602278222,0.5351246116680315,53.60299089314088,False,True
0.66,0.21,0.13,16.37012464207719,5.186905294004887,10.778514968041039,49.73214930178095,54.38905592074631,52.06060261126363,0.7686567029764728,0.32829242184640295,0.5484745624114379,53.164675576591215,False,True
0.66,0.21,0.15,15.90516729707723,4.745930741464384,10.325549019270808,49.60070222251336,56.16026838767817,52.88048530509577,0.7698780140830271,0.2838309372503107,0.5268544756666689,53.879148922860814,False,True
0.66,0.21,0.17,16.045188108801582,4.536735473646538,10.29096179122406,49.99602874210045,55.71667554890065,52.85635214550055,0.7661951686167956,0.2950998580887162,0.530647513352756,53.848842668321055,False,True
0.66,0.21,0.19,15.967792111531844,4.40812816326882,10.187960137400331,49.656207723149215,55.114619258228316,52.38541349068876,0.7693626914252945,0.3102513958540364,0.5398070436396654,53.36690058783341,False,True
0.66,0.21,0.21,15.8838632118084,4.116349884931507,10.000106548369953,49.973079007636215,54.411927228128555,52.19250311788238,0.766409766752146,0.3277273794728557,0.5470685731125009,53.141880966794105,False,True
0.66,0.21,0.23,15.937139430033795,4.234347646775173,10.085743538404484,49.79830467524013,55.36751631324526,52.5829104942427,0.7680408123795636,0.3039069595801587,0.5359738859798611,53.54142974153759,False,True
0.66,0.21,0.25,15.826686722076811,3.8886303336719323,9.857658527874372,49.90524414266036,55.37478240863479,52.640013275647576,0.7670435002598849,0.30372424557559197,0.5353838729177385,53.5550597918864,False,True
0.66,0.21,0.27,15.501073227591153,3.3715555943805953,9.436314410985874,49.67872889506913,56.00143755118188,52.840083223125504,0.7691534366064269,0.2878761059338184,0.5285147712701226,53.67605075533975,False,True
0.66,0.21,0.29,15.626651784448134,3.350775539395183,9.488713661921658,49.85306027928506,57.48643618229505,53.669748230790056,0.7675304316255395,0.2496083742926114,0.5085694029590755,54.502087685833935,False,True
0.66,0.21,0.31,15.687143592957481,4.047401798014095,9.867272695485788,49.6791447494995,54.47629843868802,52.07772159409376,0.7691495718147925,0.32613579459303665,0.5476426832039145,53.00426545929128,False,True
0.66,0.21,0.33,15.521761193824135,3.2100694677234065,9.36591533077377,49.56920675080908,56.01289338242195,52.79105006661551,0.7701701671802956,0.2875847275007136,0.5288774473405047,53.61543935396901,False,True
0.66,0.21,0.35,15.457628216240652,3.2727806803775823,9.365204448309116,49.72636105956859,54.55013001032836,52.138245534948474,0.7687105511664285,0.32430798435397123,0.5465092677601999,52.97266938545955,False,True
0.66,0.23,0.11,16.10847730435145,5.263785709335209,10.68613150684333,49.7496304810992,54.69932385916461,52.224477170131905,0.7684940369952309,0.3206069134983115,0.5445504752467711,53.306560780781744,False,True
0.66,0.23,0.13,16.07166675614134,5.045705421715841,10.55868608892859,49.47975746627079,54.49443330875597,51.98709538751338,0.7709988899522262,0.32568706829486604,0.5483429791235461,53.048505528006615,False,True
0.66,0.23,0.15,15.890925290324812,4.568961523915351,10.229943407120082,49.542723423127484,53.43687125207782,51.48979733760265,0.7704156838312008,0.35160560592725887,0.5610106448792298,52.49619959559237,False,True
0.66,0.23,0.17,15.952698345994362,4.494368487737745,10.223533416866054,50.02702083997362,54.26610405996273,52.14656244996817,0.7659052116623217,0.3313259125513254,0.5486155621068236,53.139294414531015,False,True
0.66,0.23,0.19,15.872416085117472,4.494214641523675,10.183315363320574,49.86719631703818,54.645620206022585,52.25640826153038,0.76739857755343,0.32194031132540135,0.5446694444394157,53.23938500945124,False,True
0.66,0.23,0.21,15.766743795462057,4.20279936339153,9.984771579426793,49.80902640388117,56.55991654976319,53.18447147682218,0.7679409185694653,0.27360185384340796,0.5207713862064367,54.11361815441877,False,True
0.66,0.23,0.23,15.69372034855184,4.2308840918639135,9.962302220207878,49.59617439792376,54.44937339632341,52.022773897123585,0.7699200257635964,0.32680174800706874,0.5483608868853326,52.96807028274677,False,True
0.66,0.23,0.25,15.600125246754748,3.8241867693952116,9.712156008074981,49.72797963440194,54.2985323595356,52.013255996968766,0.7686954941477464,0.3305265022032321,0.5496109981754893,52.91223652172902,False,True
0.66,0.23,0.27,15.511888286265313,3.398523629973199,9.455205958119256,49.63740118813444,54.62389412005149,52.13064765409297,0.7695373591028831,0.3224793720783736,0.5460083655906284,52.98117915397545,False,True
0.66,0.23,0.29,15.257113100785045,3.147120063118975,9.20211658195201,49.31412035727336,54.04575417874666,51.67993726801001,0.7725295196573232,0.33674524800804984,0.5546373838326866,52.492807751284225,False,True
0.66,0.23,0.31,15.537290489990315,3.171727053813394,9.354508771901855,49.47529063838395,55.25291414778116,52.36410239308256,0.7710402346323492,0.3067855864517214,0.5389129105420353,53.19310156210882,False,True
0.66,0.23,0.33,15.576699408910056,3.5005480940647753,9.538623751487416,49.57754282496449,54.84221139648643,52.20987711072546,0.7700928595228951,0.31705280745446474,0.5435728334886799,53.074067217328405,False,True
0.66,0.23,0.35,15.364584742077076,2.5471632737941974,8.955874007935638,49.59545407768191,55.70187195718322,52.64866301743257,0.7699267089427402,0.2954743839387789,0.5327005464407595,53.40495666854519,False,True
0.66,0.25,0.11,15.947503648504613,5.368700158251469,10.658101903378041,49.59391878689628,53.68993386392342,51.641926325409855,0.7699409531489083,0.345449822300671,0.5576953877247897,52.730291965642,False,True
0.66,0.25,0.13,15.737497508395668,4.614781197556892,10.17613935297628,49.339887658891335,53.99847187731398,51.66917976810266,0.7722917446858347,0.33790524637380503,0.5550984955298199,52.661731361964364,False,True
0.66,0.25,0.15,15.762646346257139,4.838905145009279,10.300775745633208,49.49151263789879,55.596952320363016,52.544232479130905,0.770890066980584,0.2981259628869719,0.534508014933778,53.544396044616846,False,True
0.66,0.25,0.17,15.948317817978994,4.558281414624713,10.253299616301854,49.69631769475465,55.21244189943013,52.454379797092386,0.7689899447928925,0.3078007607996387,0.5383953527962656,53.44709639371693,False,True
0.66,0.25,0.19,15.576175829234861,3.931103217007593,9.753639523121228,49.871265502451344,55.906209216874046,52.8887373596627,0.7673606152454379,0.2902959264714068,0.5288282708584223,53.78059151261144,False,True
0.66,0.25,0.21,15.552955072584457,3.6966667098340262,9.624810891209242,49.63874308504069,56.583568574524136,53.11115582978241,0.7695248982859326,0.2729942016300506,0.5212595499579916,53.97621567196954,False,True
0.66,0.25,0.23,15.508618389751097,4.077247724132868,9.792933056941983,49.51409012447116,53.578882892228606,51.546486508349886,0.7706809844114253,0.34815473379988937,0.5594178591056573,52.46848396145293,False,True
0.66,0.25,0.25,15.388882310430422,3.183079094726134,9.285980702578279,49.61447529905691,55.71901516359923,52.66674523132807,0.769750196224225,0.2950406575229002,0.5323954268735627,53.47911265971299,False,True
0.66,0.25,0.27,15.243751882043055,3.2870919148466884,9.265421898444872,49.44985690328902,53.974874510110695,51.712365706699856,0.7712755765637993,0.33848379160664743,0.5548796840852234,52.535862131877586,False,True
0.66,0.25,0.29,15.367651444866429,3.0247029790368316,9.19617721195163,49.86395844474368,57.36660013937318,53.61527929205843,0.7674287821490988,0.2527336414487532,0.510081211798926,54.39823387646926,False,True
0.66,0.25,0.31,15.385291026802179,3.364936744088378,9.375113885445279,49.38104243116255,55.70157451742291,52.541308474292734,0.7719117199162294,0.2954819080439307,0.5336968139800801,53.37117065004153,False,True
0.66,0.25,0.33,15.283433675500396,2.6939967857415925,8.988715230620993,49.50125376946845,54.7060487597381,52.10365126460327,0.77079986930758,0.32043984994107244,0.5456198596243262,52.873315354728724,False,True
0.66,0.25,0.35,14.96882646195585,2.5530354631620904,8.76093096255897,49.41764122041719,56.292123868408595,52.85488254441289,0.7715734990948422,0.280464084736167,0.5260187919155046,53.57604427460473,False,True
0.66,0.27,0.11,16.038214514344983,4.859238648245041,10.448726581295013,50.14574371713434,55.3744980611183,52.76012088912632,0.7647927974327462,0.3037313962591569,0.5342620968459515,53.78481424534145,False,True
0.66,0.27,0.13,15.586859506652573,4.273421850013786,9.93014067833318,49.44319962561142,56.13573429391078,52.7894669597611,0.7713371573082901,0.28445652973833213,0.5278968435233111,53.71531919096448,False,True
0.66,0.27,0.15,15.677967471820544,4.5521840998286525,10.115075785824597,49.94907061158311,53.48219657507715,51.715633593330125,0.7666341587567477,0.35050519909425126,0.5585696789254995,52.69555499387543,False,True
0.66,0.27,0.17,15.447841416899688,3.8934721272385926,9.67065677206914,49.55141833834285,53.24444207341861,51.397930205880726,0.7703350911145609,0.3562670071614876,0.5633010491380243,52.299797627254286,False,True
0.66,0.27,0.19,15.570227357674495,4.081539455506535,9.825883406590515,49.48662985698002,53.15095897547904,51.31879441622953,0.7709352722436708,0.3585254710930271,0.5647303716683489,52.250996593894186,False,True
0.66,0.27,0.21,15.868303528922075,4.59755986066155,10.232931694791812,49.36285008741135,53.51908071847985,51.4409654029456,0.7720797478008831,0.34960903844298596,0.5608443931219345,52.448887620781065,False,True
0.66,0.27,0.23,15.598521983926972,4.0726362735151085,9.83557912872104,49.39946461377623,54.40151207341852,51.900488343597374,0.771741506104527,0.32798471839049625,0.5498631122475116,52.82423030297005,False,True
0.66,0.27,0.25,15.206492484199885,2.976112418806456,9.09130245150317,49.4782095337101,54.553792481979514,52.01600100784481,0.7710132179420165,0.3242172499807632,0.5476152339613898,52.80450871954799,False,True
0.66,0.27,0.27,15.317020693646729,3.485688622257626,9.401354657952178,49.35533526460459,54.96492098707226,52.160128125838426,0.7721491380379766,0.3139931960975475,0.543071167067762,53.00060787866947,False,True
0.66,0.27,0.29,15.306890223838135,3.2808356080937573,9.293862915965946,49.40248747593599,54.52709348529402,51.96479048061501,0.7717135699687667,0.3248785534563602,0.5482960617125634,52.789348713495066,False,True
0.66,0.27,0.31,15.072478595897845,2.7349152324475283,8.903696914172686,49.22943756116279,53.76215234176297,51.495794951462884,0.7733100789365874,0.34368776353033237,0.5584989212334599,52.25985760048106,False,True
0.66,0.27,0.33,15.158315356400534,2.485251719157228,8.821783537778881,49.72865059108731,56.29960832325298,53.01412945717014,0.7686892523356846,0.2802727367568538,0.5244809945462692,53.74310920377627,False,True
0.66,0.27,0.35,15.266544854195836,2.4862374246631807,8.876391139429508,49.723263883972415,55.68113099113322,52.70219743755282,0.7687393617092791,0.29599895594441183,0.5323691588268455,53.44447524681051,False,True
0.66,0.29,0.11,15.490354725593964,4.846885303521482,10.168620014557723,49.33261043552932,54.82054961537668,52.076580025453,0.7723589098826307,0.3175922069627004,0.5449755584226655,53.06006992219172,False,True
0.66,0.29,0.13,15.718716471416533,4.575490036879373,10.147103254147954,49.63459614395248,54.91510298538034,52.27484956466641,0.7695634055762537,0.31523617070235366,0.5423997881393037,53.25057371952761,False,True
0.66,0.29,0.15,15.504743026148695,3.9079657607299394,9.706354393439318,49.568010639535146,56.89124169860129,53.22962616906822,0.770181258692766,0.2650665194002991,0.5176238890465326,54.1073601066416,False,True
0.66,0.29,0.17,15.286601884712825,4.0910411639228155,9.68882152431782,49.58771887009655,53.426010865007555,51.50686486755205,0.7699984705957232,0.35186913552200405,0.5609338030588636,52.41021265950323,False,True
0.66,0.29,0.19,15.140458114964483,3.796788711662327,9.468623413313406,49.358745547163274,56.1887831235141,52.77376433533868,0.7721176495408727,0.2831034992738236,0.5276105744073482,53.61646231769691,False,True
0.66,0.29,0.21,15.1408936157482,3.822190766812546,9.481542191280372,49.2102434871779,56.0908491266016,52.65054630688975,0.7734868128220778,0.28560034476339247,0.5295435787927352,53.49747347995952,False,True
0.66,0.29,0.23,15.27580776094143,3.5850938403008348,9.430450800621133,49.59060932670409,53.53303800626301,51.56182366648355,0.7699716563428658,0.3492697621553521,0.559620709249109,52.417125656759154,False,True
0.66,0.29,0.25,15.245454961886681,3.674923340891625,9.460189151389153,49.51301908999168,53.60562354951776,51.559321319754716,0.7706909050588818,0.34750391318978646,0.5590974091243341,52.420022832251554,False,True
0.66,0.29,0.27,15.29139345690051,3.2578129867820578,9.274603221841284,49.76026656148236,55.99617028215004,52.8782184218162,0.7683950380993677,0.2880100586285542,0.528202548363961,53.685419327671184,False,True
0.66,0.29,0.29,14.981822913440995,2.7018104594723438,8.841816686456669,49.7836552176704,54.937294316931975,52.360474767301184,0.76817726587866,0.3146826293019347,0.5414299475902973,53.101761177705654,False,True
0.66,0.29,0.31,14.930030012843835,2.7002807633949755,8.815155388119406,48.97596298038863,54.159753442380755,51.56785821138469,0.7756384502925473,0.3339442769590979,0.5547913636258226,52.31587679687846,False,True
0.66,0.29,0.33,14.86410744383933,2.3507193475627393,8.607413395701034,49.20134463541246,55.75864949872313,52.4799970670678,0.7735687276787933,0.2940373902479897,0.5338030589633915,53.18117766206328,False,True
0.66,0.29,0.35,14.855765371652224,2.0548230458666676,8.455294208759446,49.44947328444621,55.26856148635532,52.35901738540076,0.7712791253165678,0.3063929014068839,0.5388360133617258,53.03733309397617,False,True
0.68,0.05,0.11,14.737768194300784,4.130542928505611,9.434155561403198,47.959695547522465,52.45264194427506,50.206168745898765,0.7848529982911344,0.37527060282693303,0.5800618005590337,51.08485755386245,False,True
0.68,0.05,0.13,14.566953846299107,3.7127336355084903,9.1398437409038,47.93488518837368,53.82158789248203,50.87823654042785,0.7850755390572943,0.3422358186253932,0.5636556788413438,51.692665795757385,False,True
0.68,0.05,0.15,14.385853222274767,3.284935463384736,8.835394342829751,47.69902081890586,55.05104827253108,51.375034545718464,0.7871854139156866,0.3118416349371774,0.549513524426432,52.12924676002017,False,True
0.68,0.05,0.17,14.333826353247742,3.4889039244397195,8.911365138843731,48.00748167218665,53.990772068265414,50.999126870226036,0.7844240479717454,0.33809405318732155,0.5612590505795334,51.7718395478006,False,True
0.68,0.05,0.19,14.335651283848193,2.547189636640788,8.44142046024449,47.97989966294717,55.18011813064504,51.5800088967961,0.7846716889474433,0.3086110107321385,0.5466413498397908,52.26619267920899,False,True
0.68,0.05,0.21,14.50209708524076,3.2272807284669303,8.864688906853845,48.21377864337896,54.279590685319214,51.24668466434909,0.7825673282263146,0.3309935032991871,0.5567804157627508,52.007743639793965,False,True
0.68,0.05,0.23,14.301715529725753,2.8339119488431646,8.567813739284459,47.93337494141486,55.35255786606768,51.64296640374127,0.7850890817579371,0.30428303079009233,0.5446860562740148,52.348862559266955,False,True
0.68,0.05,0.25,14.338269799020592,2.665631534539414,8.501950666780003,48.140339189478034,54.73819374251545,51.43926646599674,0.7832292126815007,0.3196410034640844,0.5514351080727926,52.13713935094807,False,True
0.68,0.05,0.27,14.079643614301169,2.369760377951931,8.22470199612655,47.97264411532641,55.696995992047995,51.8348200536872,0.7847368081618682,0.2955977224143089,0.5401672652880886,52.483276316586995,False,True
0.68,0.05,0.29,13.89169560213657,2.2457739606633624,8.068734781399966,47.73556165073945,54.3684837492345,51.05202269998698,0.7868592268991154,0.32880046045494593,0.5578298436770306,51.68571855679825,False,True
0.68,0.05,0.31,13.954304793191957,1.8756908807835215,7.914997836987739,47.72916667869063,55.44611996131257,51.587643320001604,0.7869163305735708,0.3019291106541766,0.5444227206138736,52.19130324173968,False,True
0.68,0.05,0.33,13.8358201440793,1.9872793658030703,7.911549754941185,47.69383522732302,54.044486146398896,50.86916068686096,0.7872316836092846,0.33677637047555664,0.5620040270424207,51.480716083894855,False,True
0.68,0.05,0.35,14.117120865184871,1.9554835315314625,8.036302198358166,48.33040112989854,55.372589264171935,51.851495197035234,0.7815141767105758,0.3037793971449376,0.5426467869277567,52.47056038572014,False,True
0.68,0.07,0.11,14.388495485918373,3.7243949962302327,9.056445241074304,48.06463469919827,54.74382956255259,51.40423213087543,0.7839104550165491,0.319500897333574,0.5517056761750616,52.19592207605402,False,True
0.68,0.07,0.13,14.455741629511767,3.9313000498367034,9.193520839674235,48.012605556430294,53.34829452522021,50.68045004082525,0.7843780282626418,0.353753375874727,0.5690657020686845,51.50756101554517,False,True
0.68,0.07,0.15,14.080868444484995,3.4785025881929372,8.779685516338967,47.67249030976659,55.00231369871732,51.33740200424195,0.787422085823451,0.31305949585484416,0.5502407908391476,52.082739197463084,False,True
0.68,0.07,0.17,14.288839071373008,3.421887608353183,8.855363339863096,47.98777462859642,55.51565991017016,51.75171726938329,0.7846009992535061,0.3001769860491701,0.5423889926513381,52.50388271557806,False,True
0.68,0.07,0.19,14.106043552267003,2.835918247206809,8.470980899736906,47.78155523842856,53.46269159830944,50.622123418369,0.78644830342049,0.35097885469300827,0.5687135790567491,51.32598656419856,False,True
0.68,0.07,0.21,14.254066786644726,3.0419214500146583,8.647994118329692,47.60221815575569,54.89858783564653,51.25040299570111,0.7880483295056885,0.31564798006005046,0.5518481547828695,51.97491327065813,False,True
0.68,0.07,0.23,14.055485365066792,2.9231614517750963,8.489323408420944,48.14578289930837,54.136591844587464,51.14118737194792,0.7831801850258989,0.3345138370142715,0.5588470110200852,51.84100363366289,False,True
0.68,0.07,0.25,14.191300551260452,2.479964778427612,8.335632664844033,48.03433833631697,55.89147408014211,51.96290620822954,0.7841827826448022,0.29066998897938046,0.5374263858120913,52.62724003335606,False,True
0.68,0.07,0.27,14.092748756712048,2.4386915864305356,8.265720171571292,48.013177289327224,53.37699239420456,50.69508484176589,0.7843728929900561,0.35305791262318453,0.5687154028066204,51.36451846429169,False,True
0.68,0.07,0.29,13.982834499374015,2.6194664329471493,8.301150466160582,47.78492329104138,53.14868238098437,50.466802836012874,0.7864181964599437,0.35858042197757345,0.5724993092187586,51.144963462210384,False,True
0.68,0.07,0.31,13.846063048098689,2.295580522777711,8.0708217854382,47.70796180871281,53.11431358829204,50.41113769850243,0.7871056239600077,0.3594097064616809,0.5732576652108443,51.053119085416085,False,True
0.68,0.07,0.33,13.586905542094966,1.4461401960298015,7.516522869062384,47.85082938681802,56.03226702415246,51.94154820548524,0.7858286360278034,0.28709182437293346,0.5364602302003685,52.48259279059948,False,True
0.68,0.07,0.35,13.62161091978564,1.7612451022254991,7.69142801100557,48.09445537238688,56.18126285571233,52.137859114049604,0.7836422355765507,0.28329538429396817,0.5334688099352594,52.702129158554555,False,True
0.68,0.09,0.11,14.381584342552166,4.086109623867703,9.233846983209935,48.0490774780462,53.17724627869593,50.613161878371066,0.7840503170505287,0.35789079560577464,0.5709705563281517,51.448577098259285,False,True
0.68,0.09,0.13,14.240373623802366,3.766617057186852,9.00349534049461,47.96440609275089,53.15874221059046,50.561574151670676,0.7848107332416527,0.3583375868955385,0.5715741600685956,51.35694411704419,False,True
0.68,0.09,0.15,14.305014892287446,3.4981253322421595,8.901570112264803,47.84144825769553,52.75312540223912,50.29728682996733,0.7859126041553046,0.36809237358138436,0.5770024888683445,51.07890966846856,False,True
0.68,0.09,0.17,14.025484320853957,3.0041927419225516,8.514838531388254,47.766043571360875,54.943348068940765,51.35469582015082,0.786586934535168,0.3145315854602603,0.5505592599977142,52.05580907061027,False,True
0.68,0.09,0.19,14.302604448234538,3.181916732997471,8.742260590616004,47.8257336729544,54.06350393660374,50.94461880477907,0.7860532245632537,0.3363095229595089,0.5611813737613813,51.689276502950655,False,True
0.68,0.09,0.21,14.11991816449921,2.618073401595232,8.36899578304722,47.74054549688931,54.75863446893852,51.24958998291392,0.786814718518466,0.3191327795787796,0.5529737490486228,51.92841769044627,False,True
0.68,0.09,0.23,14.032006562316045,2.6524752772629867,8.342240919789516,48.01582553883301,54.141516979906136,51.07867125936957,0.7843491057649647,0.334392744851438,0.5593709253082013,51.75542137000295,False,True
0.68,0.09,0.25,13.976871983485632,2.2174913769502567,8.097181680217943,48.04141790745659,54.585308322310574,51.313363114883586,0.7841191612443164,0.32343622222124735,0.5537776917327819,51.94829723217453,False,True
0.68,0.09,0.27,13.825007425975747,2.3641303317114923,8.094568878843619,47.78647566415579,54.9517087165333,51.369092190344546,0.7864043191106743,0.31432295616892514,0.5503636376397998,52.00293912649996,False,True
0.68,0.09,0.29,13.960405688534372,1.9970754158395825,7.978740552186977,47.6732785831314,54.5006434051506,51.086960994140995,0.787415055735784,0.32553337234264357,0.5564742140392138,51.706265427083366,False,True
0.68,0.09,0.31,13.593575704363431,1.2490891577158036,7.421332431039618,47.88199256376085,55.52911941644053,51.70555599010069,0.7855495840855206,0.29983760742741106,0.5426935957564658,52.2354352456016,False,True
0.68,0.09,0.33,13.930455730802112,1.3241139232180514,7.627284827010082,47.881956473416516,56.740698223490135,52.311327348453325,0.7855499073630628,0.268950880221847,0.5272503937924549,52.86445348993385,False,True
0.68,0.09,0.35,13.604603105607993,1.2401313860657495,7.422367245836871,47.75253861709238,55.47653675113383,51.6145376841131,0.7867075945705941,0.3011630011559179,0.543935297863256,52.14548912299897,False,True
0.68,0.11,0.11,13.934957527144832,3.3052452915465125,8.620101409345672,47.717324441665724,54.279485643126726,50.99840504239623,0.7870220552049518,0.3309960926275266,0.5590090739162392,51.72178907555024,False,True
0.68,0.11,0.13,14.16022713139522,3.469758676340251,8.814992903867736,47.872425492987716,53.2438619441987,50.55814371859321,0.7856352721377569,0.3562810347771391,0.5709581534574479,51.320853423975365,False,True
0.68,0.11,0.15,13.966967514399393,3.2284574230612173,8.597712468730306,47.697917322000734,55.378232125819046,51.53807472390989,0.7871952605547418,0.3036374902278124,0.5454163753912771,52.250299577536204,False,True
0.68,0.11,0.17,14.40620042204793,3.3140599669425654,8.860130194495248,48.026734508058624,54.850976439745416,51.438855473902024,0.7842511049002903,0.31683448875837983,0.550542796829335,52.19633856438961,False,True
0.68,0.11,0.19,13.898449144971833,2.5870120626236495,8.24273060379774,48.08694460348179,53.82362289975243,50.95528375161711,0.7837098062048102,0.34218607723911043,0.5629479417219603,51.61766703382282,False,True
0.68,0.11,0.21,13.87989838830551,2.849295780014556,8.364597084160033,47.87289338800393,54.53817463592928,51.205534011966606,0.7856310818057675,0.32460412538270056,0.555117603594234,51.884228796725964,False,True
0.68,0.11,0.23,13.819200557128156,2.297189891904584,8.05819522451637,47.86998668949789,56.014344118780265,51.942165404139075,0.785657112691039,0.28754782385014954,0.5366024682705943,52.56351450528551,False,True
0.68,0.11,0.25,13.898906106110982,2.3541534725056126,8.126529789308297,47.920748790467044,54.72878861781708,51.32476870414206,0.7852022864014898,0.3198747821490562,0.552538534275273,51.96414503241822,False,True
0.68,0.11,0.27,13.848622689961724,2.3430779492272436,8.095850319594483,48.12858711637602,53.36814768835904,50.74836740236753,0.7833350364140219,0.353272294817803,0.5683036656159124,51.3900728390509,False,True
0.68,0.11,0.29,13.585670141358888,1.9279819284270805,7.756826034892984,47.71646955620976,52.58844003153024,50.15245479387,0.7870296864004814,0.37203160955025205,0.5795306479753668,50.74876424098194,False,True
0.68,0.11,0.31,13.69075585851696,1.653520325709,7.67213809211298,48.06483161031406,53.35377830617707,50.70930495824557,0.7839086844623427,0.35362051100609493,0.5687645977342188,51.28640475070171,False,True
0.68,0.11,0.33,13.391554587279625,1.2844369662301605,7.337995776754893,47.723375315225525,53.798894836407406,50.76113507581647,0.7869680377453359,0.34279037426866577,0.5648792060070008,51.28878060750672,False,True
0.68,0.11,0.35,13.63676333524727,1.26521173253635,7.45098753389181,47.68162061056487,55.94753873697829,51.814579673771576,0.7873406515980166,0.2892462194298986,0.5382934355139576,52.347568061943754,False,True
0.68,0.13,0.11,14.136666741490162,3.778721398960588,8.957694070225376,47.80707573086059,55.619614244667616,51.7133449877641,0.786220123326409,0.29755366324360755,0.5418868932850083,52.48342912652771,False,True
0.68,0.13,0.13,13.728254774149043,2.989805213844505,8.359029993996774,47.48004065737448,53.06380015456891,50.2719204059717,0.7891349382163516,0.3606275713346472,0.5748812547754993,50.9621365696621,False,True
0.68,0.13,0.15,13.909659704910121,2.9682546546630504,8.438957179786586,47.56977131626243,54.05940806125415,50.81458968875829,0.7883371739452173,0.33641008212764933,0.5623736280364333,51.51056710539238,False,True
0.68,0.13,0.17,13.8160230995869,2.6363112891769993,8.226167194381949,47.740649636119976,54.88955140233907,51.315100519229524,0.7868137884505253,0.31587325333836835,0.5513435208944468,51.97027388814259,False,True
0.68,0.13,0.19,13.756744371379895,2.785972969439839,8.271358670409867,47.64837402492383,55.3022109949608,51.47529250994232,0.7876371068047953,0.3055480578870057,0.5465925823459005,52.13560312529901,False,True
0.68,0.13,0.21,13.580235676467591,2.0655593844047013,7.822897530436146,47.59927103838912,55.210300272805824,51.40478565559747,0.7880745731194039,0.3078544589704888,0.5479645160449463,51.99663175696695,False,True
0.68,0.13,0.23,13.708739049421565,2.2052938915008347,7.9570164704612,47.776894786476525,56.23064941181486,52.00377209914569,0.7864899596152151,0.28203478144230565,0.5342623705287604,52.60899565332031,False,True
0.68,0.13,0.25,13.82648738016423,2.2343791161410396,8.030433248152635,47.68815146072159,54.195169549851364,50.94166050528648,0.7872823926112325,0.33307289877685275,0.5601776456940426,51.570734270406696,False,True
0.68,0.13,0.27,13.586497119759652,1.805413814651603,7.695955467205628,47.77715951426427,54.90416852473853,51.3406640195014,0.7864875935260209,0.31550883804855057,0.5509982157872857,51.91427079827413,False,True
0.68,0.13,0.29,13.256765496205308,1.0245752734403657,7.140670384822837,47.62873560568494,55.46412252398151,51.54642906483322,0.7878121227282785,0.30147572978226866,0.5446439262552736,52.0386733389752,False,True
0.68,0.13,0.31,13.466151324509731,1.5903675331984408,7.528259428854086,47.76092160248514,54.54717311632707,51.15404735940611,0.7866327007904736,0.3243812342442238,0.5555069675173487,51.70504086911153,False,True
0.68,0.13,0.33,13.222601050789585,1.3085183099660171,7.265559680377801,47.5496191290044,53.76046041957701,50.6550397742907,0.7885164712295527,0.3437290718378516,0.5661227715337022,51.173444402386124,False,True
0.68,0.13,0.35,13.075751465153788,1.0368664830058907,7.0563089740798395,47.23248376045894,55.49728104735764,51.36488240390829,0.7913280708923859,0.30064027234230006,0.545984171617343,51.84730119017775,False,True
0.68,0.15,0.11,13.764786864095543,2.902108110631606,8.333447487363575,47.60369166870056,55.55400088771086,51.57884627820572,0.7880352074968391,0.299210009739837,0.543622608618338,52.2477150736319,False,True
0.68,0.15,0.13,14.081480269460089,3.474769562544438,8.778124916002263,47.73046832867873,54.917104612234645,51.32378647045669,0.7869047081566253,0.31518625122393495,0.5510454796902802,52.06905544280569,False,True
0.68,0.15,0.15,13.938349129712904,3.3934151967716932,8.665882163242298,47.69175847541212,53.97391235580453,50.83283541560833,0.7872502125191675,0.3385073757280127,0.5628787941235901,51.566216363599196,False,True
0.68,0.15,0.17,13.727734850937123,2.497977911339653,8.11285638113839,47.564009712815825,54.9621517926522,51.26308075273401,0.7883884436226201,0.314062317941997,0.5512253807823085,51.901077897499455,False,True
0.68,0.15,0.19,13.68348378704468,2.449586270132827,8.066535028588754,47.835533836772505,55.93969314788892,51.887613492330715,0.7859655341878179,0.2894455451284962,0.537705539658157,52.51088859747995,False,True
0.68,0.15,0.21,13.781650834473108,2.1746087465351716,7.9781297905041395,47.84535983729352,55.03793559877514,51.44164771803433,0.7858775945912323,0.3121694223906821,0.5490235084909572,52.05663910492567,False,True
0.68,0.15,0.23,13.496928156637496,1.9359251207404549,7.716426638688976,47.72937188216802,55.069714117748624,51.39954299995832,0.7869144983352571,0.3113748959528785,0.5491446971440678,51.97553521297143,False,True
0.68,0.15,0.25,13.47865704389478,1.7042484087135699,7.5914527263041744,47.64378333385474,55.870980807162,51.75738207050837,0.7876780251149813,0.29119006216760857,0.539434043641295,52.31115323989992,False,True
0.68,0.15,0.27,13.563752837444444,2.2734874708663235,7.918620154155383,47.62605624932475,54.6788600447783,51.15245814705152,0.7878359953312373,0.3211151601231027,0.5544755777271699,51.76174764854499,False,True
0.68,0.15,0.29,13.48181401239931,1.5862970189164247,7.534055515657867,47.8842262292593,51.69034120463617,49.787283716947734,0.785529575658875,0.39329719203271485,0.5894133838457949,50.354102240282906,False,True
0.68,0.15,0.31,13.495498115931104,1.580384255237095,7.537941185584099,47.926599013766676,54.74072117906328,51.333660096414974,0.785149837667902,0.3195781733348896,0.5523640055013959,51.88415187908146,False,True
0.68,0.15,0.33,13.372560856825377,0.9298666188141421,7.151213737819759,47.860393802570435,54.49888056073983,51.17963718165513,0.7857430103986194,0.32557700340538076,0.5556600069020001,51.67683349403133,False,True
0.68,0.15,0.35,13.27123331285304,1.1528057634790831,7.212019538166062,47.923456176955895,54.16578176953861,51.04461897324725,0.7851780147918008,0.3337959961783533,0.5594870054850771,51.55158922810123,False,True
0.68,0.17,0.11,13.994375760775885,3.6387756224025707,8.816575691589227,47.81086742804575,53.78939962284465,50.800133525445204,0.7861862111621896,0.3430223416753264,0.564604276418758,51.55953426019851,False,True
0.68,0.17,0.13,13.741808969681543,3.145978183533318,8.44389357660743,47.69174321018473,53.683634088653,50.68768864941887,0.7872503487134899,0.34560341820988005,0.566426883461685,51.386195805425196,False,True
0.68,0.17,0.15,13.697140586029679,2.4274059474498495,8.062273266739764,47.71137875828505,55.08375647308073,51.39756761568289,0.7870751269372751,0.3110236629227403,0.5490493949300077,52.02605315643577,False,True
0.68,0.17,0.17,13.602485779134351,2.0984259401095398,7.850455859621945,47.47004473930813,55.12326800343554,51.29665637137184,0.7892237152256456,0.3100349041836522,0.549629309704649,51.89389763822405,False,True
0.68,0.17,0.19,13.787985363619763,2.666080011067937,8.22703268734385,47.85046615288949,53.5131103930403,50.681788272964894,0.7858318875497371,0.349754139183304,0.5677930133665205,51.345182143841555,False,True
0.68,0.17,0.21,13.516993886516405,2.4091840996919927,7.963088993104199,47.483291238878536,54.49922724592078,50.99125924239966,0.7891060647139994,0.3255684229281347,0.5573372438210671,51.609294758189684,False,True
0.68,0.17,0.23,13.28330823430103,1.7440251909415654,7.513666712621298,47.971145344848004,55.51146879701905,51.74130707093353,0.7847502585389791,0.3002826472888358,0.5425164529139075,52.28401328204435,False,True
0.68,0.17,0.25,13.571195895377144,1.8997085587393874,7.735452227058266,48.08569843167218,56.0370196449212,52.061359038296686,0.7837210163680648,0.28697088242025637,0.5353459493941606,52.63290155474555,False,True
0.68,0.17,0.27,13.04794430704495,0.9225019600028987,6.985223133523925,47.13325340328891,54.70346583881778,50.91835962105334,0.792203944327488,0.32050401866578715,0.5563539814966376,51.39525939932625,False,True
0.68,0.17,0.29,13.432315750969364,1.5950725731932636,7.513694162081314,47.99674535212826,54.36083829771968,51.17879182492397,0.7845204593448264,0.3289892191758348,0.5567548392603305,51.7274040777246,False,True
0.68,0.17,0.31,12.79524854580746,0.7863106274014465,6.790779586604454,47.56915334242847,54.81061406423633,51.1898837033324,0.7883426732879674,0.3178395406056199,0.5530911069467936,51.6383470006016,False,True
0.68,0.17,0.33,13.337484554766313,1.2885000383277743,7.312992296547043,47.88763804244472,54.030939316292034,50.95928867936838,0.7854990119786096,0.3371088170369796,0.5613039145077946,51.481345738398865,False,True
0.68,0.17,0.35,13.223751238657458,0.8268607435714423,7.02530599111445,47.63966512426796,55.57320508244143,51.6064351033547,0.7877147286906164,0.29872542057047957,0.543220074630548,52.08242571487573,False,True
0.68,0.19,0.11,13.773831514441067,2.9914731499185483,8.382652332179807,47.72144361936477,54.06488330167222,50.893163460518494,0.7869852831571947,0.33627565600408715,0.5616304695806409,51.57890021259909,False,True
0.68,0.19,0.13,13.57695003807859,2.596928871509494,8.086939454794042,47.531951070671916,56.19933686076081,51.86564396571636,0.7886736043129723,0.2828341697947875,0.5357538870538798,52.492319568904115,False,True
0.68,0.19,0.15,13.644978894528606,2.5601398260379717,8.102559360283289,47.77309992919286,56.2334408963992,52.00327041279603,0.7865238759238136,0.28196349510262775,0.5342436855132207,52.63070968373219,False,True
0.68,0.19,0.17,13.647837304622046,2.429543995389808,8.038690650005927,47.60021810148398,51.97079729030857,49.78550769589627,0.788066139849609,0.38669576161867647,0.5873809507341428,50.430321473342204,False,True
0.68,0.19,0.19,13.521188421468539,2.1388413671992,7.830014894333869,47.47306317145026,54.18819039834302,50.83062678489664,0.7891969095150795,0.33324465893993627,0.5612207842275079,51.43016383982207,False,True
0.68,0.19,0.21,13.282093564979162,1.8906750265586854,7.586384295768924,47.70161912844703,54.47180428224435,51.08671170534569,0.7871622279793433,0.32624697418224924,0.5567046010807963,51.64692962363004,False,True
0.68,0.19,0.23,13.368304427889296,1.8047269702886397,7.5865156990889675,47.57670320821491,55.29800785156458,51.43735552988974,0.7882754822152687,0.3056536149748641,0.5469645485950664,51.99381467406293,False,True
0.68,0.19,0.25,13.089845903813327,1.5648501303504776,7.327348017081902,47.547390550827515,55.38440143699849,51.465895993913,0.7885362945863277,0.3034823275889964,0.546009311087662,51.98488702901743,False,True
0.68,0.19,0.27,13.230290617473637,1.5816255959735472,7.405958106723592,47.64019659555839,54.85938362158764,51.249790108573016,0.7877099921268256,0.31662505085167025,0.5521675214892479,51.782132069385995,False,True
0.68,0.19,0.29,13.048404467024218,1.0359091972646137,7.042156832144416,47.29675850350085,55.07110179474276,51.18393014912181,0.7907597560625065,0.3113401908061564,0.5510499734343315,51.666107637006085,False,True
0.68,0.19,0.31,12.929617949419942,0.9700721119635483,6.949845030691745,47.46126666126299,53.43910360082624,50.45018513104462,0.7893016607855922,0.3515514308749421,0.5704265458302671,50.926628846874465,False,True
0.68,0.19,0.33,13.075792477594192,1.178529211486031,7.127160844540112,47.863524568026854,55.9124512298648,51.88798789894582,0.7857149784386542,0.29013743855331253,0.5379262084959834,52.37518219448114,False,True
0.68,0.19,0.35,13.061021564288348,0.45061144411795656,6.755816504203152,47.792495904730345,55.01690978989912,51.40470284731473,0.7863504972555659,0.31269485749846326,0.5495226773770145,51.84674079881194,False,True
0.68,0.21,0.11,13.562820549645563,3.047867931574142,8.305344240609852,47.655348152241785,54.90198850357236,51.27866832790707,0.7875749366144023,0.31556319368807684,0.5515690651512395,51.94690143250635,False,True
0.68,0.21,0.13,13.728594108049421,2.483699183568792,8.106146645809106,47.63478783446379,53.96719624961857,50.80099204204118,0.7877581934709139,0.33867198778249363,0.5632150906267037,51.44366244639755,False,True
0.68,0.21,0.15,13.578927844657883,2.449988037993295,8.014457941325588,47.80315411999542,53.44158479635246,50.622369458173935,0.7862551945826587,0.3514912141073766,0.5688732043450176,51.252861633796975,False,True
0.68,0.21,0.17,13.178824486036742,1.8855238437788537,7.532174164907798,47.19524017706004,55.17588887292649,51.18556452499327,0.7916570235844291,0.30871698912659107,0.5501870063555101,51.73679216372768,False,True
0.68,0.21,0.19,13.378583830520693,1.9660712852341726,7.672327557877432,47.49868434225247,56.14405186196857,51.82136810211052,0.7889693076251039,0.2842444715010396,0.5366068895630718,52.3862463069249,False,True
0.68,0.21,0.21,13.209677330636746,1.955096367145063,7.582386848890904,47.54629225439184,55.80492911402891,51.67561068421037,0.7885460636671909,0.29286500759449596,0.5407055356308434,52.2289319239089,False,True
0.68,0.21,0.23,13.14774141267436,1.4158145847909411,7.28177799873265,47.63941235205592,54.862814878575875,51.2511136153159,0.7877169814216175,0.3165395628915242,0.5521282721565708,51.76582789478834,False,True
0.68,0.21,0.25,12.62086643112399,0.9781410067604971,6.799503718942243,47.22945885588021,55.3675294571258,51.298494156503004,0.791354797941705,0.3039066290843927,0.5476307135130489,51.7471617922054,False,True
0.68,0.21,0.27,12.778774086895295,1.193124628115933,6.985949357505614,47.41194958096289,52.310478187601895,49.86121388428239,0.7897393072699,0.37865245424335225,0.5841958807566261,50.34822875176234,False,True
0.68,0.21,0.29,13.070003290545626,0.8450470610281684,6.957525175786897,47.955214503250694,55.312121194097394,51.633667848674044,0.7848932003061695,0.30529914293198857,0.545096171619079,52.1003148942394,False,True
0.68,0.21,0.31,12.983265145372949,0.13765704074592142,6.560461093059435,48.05843419469635,55.935956305610155,51.997195250153254,0.7839662040212512,0.28954047383090964,0.5367533389260803,52.40942628608051,False,True
0.68,0.21,0.33,12.795231105481522,0.6415577266948924,6.718394416088207,47.4788682031832,53.61889533049118,50.548881766837184,0.7891453521321596,0.34718078078017656,0.5681630664561681,50.99339438993849,False,True
0.68,0.21,0.35,12.750106418184648,0.3070514678433009,6.528578943013975,47.30881156021988,56.81170414891186,52.06025785456587,0.7906530973417887,0.26712004977616477,0.5288865735589767,52.46801683787041,False,True
0.68,0.23,0.11,13.118024763164643,2.489286293495253,7.803655528329948,47.69362462512251,53.694423733220106,50.69402417917131,0.7872335626519946,0.3453403430215488,0.5662869528367718,51.29114082454434,False,True
0.68,0.23,0.13,13.276572847167031,2.1130673710266756,7.694820109096853,47.92248968499512,55.62189006727716,51.77218987613614,0.7851866795102768,0.2974961771936505,0.5413414283519636,52.340900843241656,False,True
0.68,0.23,0.15,13.242452388742226,1.8400818722710008,7.541267130506613,47.35853840794766,54.124250775738645,50.741394591843154,0.7902127720692305,0.3348172131291123,0.5625149925991714,51.29873132016804,False,True
0.68,0.23,0.17,13.489175710180493,2.3768086568318183,7.932992183506156,47.80768972745918,53.514306524342835,50.660998125901,0.7862146320488934,0.34972507011535925,0.5679698510821263,51.27834919433459,False,True
0.68,0.23,0.19,13.197230774871404,1.5729892977749689,7.385110036323186,47.5807133742463,55.39649234675191,51.48860286049911,0.7882397888529906,0.3031781823297489,0.5457089855913697,52.01553685943074,False,True
0.68,0.23,0.21,13.313810475352165,1.752723264730314,7.533266870041239,47.474607431396066,54.99322570882953,51.2339165701128,0.7891831947875253,0.3132864824006798,0.5512348385941026,51.7847884696707,False,True
0.68,0.23,0.23,12.96622924253926,1.5371319065417581,7.251680574540509,47.33956842850912,54.75870915156267,51.0491387900359,0.7903808035366731,0.3191309223744909,0.554755862955582,51.56162761550023,False,True
0.68,0.23,0.25,12.919832407186066,1.4546531048027107,7.187242755994388,47.24330037415749,54.026247905015225,50.634774139586355,0.7912324848923799,0.3372239273866069,0.5642282061394934,51.14231917502879,False,True
0.68,0.23,0.27,12.957683035153561,1.2014158917294497,7.079549463441506,47.27758776588588,55.1382006704236,51.20789421815474,0.7909293438734389,0.3096610361273773,0.550295190000408,51.694955758401036,False,True
0.68,0.23,0.29,12.795136155911957,0.8118946463848874,6.803515401148422,47.45691642836524,53.80383973958909,50.63037808397716,0.7893402836418577,0.34266955441417046,0.5660049190280141,51.08544809180143,False,True
0.68,0.23,0.31,12.896926280925195,0.9188164449006105,6.9078713629129025,47.725746760189416,55.16685743706839,51.446302098628905,0.7869468654739864,0.30894327518509246,0.5479450703295394,51.90800214215474,False,True
0.68,0.23,0.33,12.742010738986512,0.4586128728609199,6.600311805923716,47.62813169575284,53.27623802364685,50.45218485969984,0.7878175035788315,0.35549794234025256,0.5716577229595421,50.882089904530666,False,True
0.68,0.23,0.35,12.728306199777215,0.5997009548116181,6.664003577294417,47.441206825571804,54.45516318263168,50.948185004101745,0.7894797293946619,0.3266585734944728,0.5580691514445674,51.38216129057215,False,True
0.68,0.25,0.11,13.331853073158351,2.613271549337797,7.972562311248074,47.89749365662508,55.002776775906334,51.45013521626571,0.7854107112560119,0.3130479287844651,0.5492293200202385,52.06417351287503,False,True
0.68,0.25,0.13,13.305912810416821,1.970519926326541,7.638216368371681,47.47638541286888,55.312907773118326,51.3946465929936,0.7891674038031236,0.30527938447783565,0.5472233941404796,51.959138250251705,False,True
0.68,0.25,0.15,13.044508049139106,1.9429825467283803,7.493745297933743,47.43131145779566,52.26927537732523,49.850293417560444,0.7895675415893846,0.3796308885226418,0.5845992150560132,50.410395479575186,False,True
0.68,0.25,0.17,13.177846555302294,1.910823247447125,7.544334901374709,47.43650229194934,53.62111784535899,50.52881006865417,0.7895214800435502,0.34712666066144504,0.5683240703524977,51.088918916514835,False,True
0.68,0.25,0.19,12.968083013346824,1.7445322849443987,7.356307649145611,47.436474889770416,54.08007966039611,50.75827727508326,0.7895217232136036,0.3359024891680866,0.5627121061908451,51.28857547410643,False,True
0.68,0.25,0.21,12.742480296519545,1.001938170483242,6.872209233501394,47.55253223470717,55.097061147026714,51.32479669086695,0.7884905575521466,0.31069079845822667,0.5495906780051867,51.782835139724135,False,True
0.68,0.25,0.23,12.646636659731536,1.0147479787537705,6.830692319242654,47.39274244634471,53.29387166753317,50.34330705693894,0.7899096308884392,0.3550712305077245,0.5724904306980818,50.80459549085494,False,True
0.68,0.25,0.25,13.189497752075477,2.107046141287936,7.648271946681707,47.807287395197726,54.19606431891354,51.00167585705563,0.7862182303147421,0.3330508764944967,0.5596345534046194,51.57195947410346,False,True
0.68,0.25,0.27,12.567485329469863,0.7138586663838385,6.640671997926851,47.33452909983005,52.89290525517528,50.113717177502664,0.7904254293682736,0.36473920822405825,0.577582318796166,50.55178704982422,False,True
0.68,0.25,0.29,12.8672428561227,0.6707754744175052,6.769009165270103,47.47995370813476,54.74904354430576,51.11449862622026,0.789135710521504,0.3193712652307591,0.5542534878761316,51.56075498758124,False,True
0.68,0.25,0.31,12.472509001610256,-0.4463430818295309,6.013082959890363,47.137483701709684,56.886846221362944,52.012164961536314,0.7921666424775031,0.2651800784824292,0.5286733604799662,52.358595002812955,False,True
0.68,0.25,0.33,12.92670891589545,0.66151448521281,6.79411170055413,47.79190483214804,55.572978635183425,51.68244173366573,0.7863557818334064,0.29873113560461706,0.5425434587190117,52.12710175478165,False,True
0.68,0.25,0.35,12.341745512001085,0.006253840078955093,6.17399967604002,47.3151726043963,54.508054811273844,50.91161370783507,0.79059679686082,0.3253499218119602,0.55797335933639,51.28460473022643,False,True
0.68,0.27,0.11,13.304926519468049,2.4449522644028505,7.87493939193545,47.757516740479886,54.93230537027032,51.34491105537511,0.7866631214896718,0.3148070932606414,0.5507351073751565,51.94530355779084,False,True
0.68,0.27,0.13,13.012675522898665,1.9637987097424803,7.4882371163205725,47.55638104013788,54.53847920489026,51.04743012251407,0.7884563178767136,0.32459658185211726,0.5565264498644154,51.5937381590363,False,True
0.68,0.27,0.15,13.080423988395978,2.0017176915173853,7.5410708399566815,47.46351284197846,53.3582121086244,50.41086247530143,0.7892817170386731,0.3535130757640972,0.5713973964013852,50.97178439996974,False,True
0.68,0.27,0.17,13.147628857274823,1.9888026995299908,7.568215778402407,47.42960040514216,53.298295375124546,50.36394789013335,0.7895827237342927,0.3549641602344936,0.5722734419843931,50.92941328101598,False,True
0.68,0.27,0.19,13.267107495534466,1.8148116899064548,7.54095959272046,47.93341463426448,54.12985286899152,51.031633751628,0.7850887258293049,0.334679507431614,0.5598841166304594,51.58578985475884,False,True
0.68,0.27,0.21,12.630621562219096,0.8495828128329943,6.740102187526045,47.53080680406192,56.062844327256165,51.79682556565904,0.7886837789774782,0.28631353149168026,0.5374986552345793,52.23351525771172,False,True
0.68,0.27,0.23,12.960232366025304,1.3386057282372947,7.1494190471313,47.722182094098486,56.15643225351098,51.939307173804735,0.7869786904310951,0.283928772494318,0.5354537314627066,52.429055135547955,False,True
0.68,0.27,0.25,12.616553348260407,0.6426372687878787,6.629595308524143,47.32976036212199,55.15319438065197,51.24147737138698,0.790467654603586,0.30928553784870527,0.5498765962261456,51.668564303231506,False,True
0.68,0.27,0.27,12.607236543274581,0.6832681646308857,6.645252353952733,47.28195067629433,55.361075668148644,51.321513172221486,0.7908907548221348,0.3040688966785179,0.5474798257503264,51.749947759724535,False,True
0.68,0.27,0.29,12.61975525065594,0.6089559337733444,6.614355592214642,47.20301989156046,54.414751426998976,50.80888565927972,0.7915883309595017,0.32765759033118935,0.5596229606453456,51.23760886144103,False,True
0.68,0.27,0.31,12.488173142860326,0.2790127129651496,6.383592927912738,47.51053508022823,54.39653154109247,50.95353331066035,0.7888639918062159,0.3281077605816112,0.5584858761939135,51.3518530873996,False,True
0.68,0.27,0.33,12.111672800927199,-0.5006277889302463,5.805522505998476,46.95314035529306,55.936910964081534,51.445025659687296,0.7937890362819726,0.2895162228110705,0.5416526295465216,51.77156320504084,False,True
0.68,0.27,0.35,12.466409299162981,-0.055065333115163144,6.205671983023909,47.46038146507419,55.8002185208136,51.6302999929439,0.7893095201471597,0.29298438359806855,0.5411469518726142,52.00190613931638,False,True
0.68,0.29,0.11,13.186069046760476,2.5864755023678425,7.88627227456416,47.33622450931731,52.605844853364104,49.97103468134071,0.7904104161808456,0.37161587230437054,0.5810131442426081,50.589500862454805,False,True
0.68,0.29,0.13,13.10829840535152,1.964793819626656,7.536546112489089,47.44689254041728,55.558329484854454,51.50261101263587,0.7894292656719095,0.2991007986774583,0.5442650321746839,52.051113997920886,False,True
0.68,0.29,0.15,12.747404305391,1.3937248678969227,7.070564586643961,47.51471937816581,55.581095725507076,51.547907551836445,0.7888268002710945,0.29852626343240696,0.5436765318517507,52.03056463797583,False,True
0.68,0.29,0.17,12.859032360541061,1.5025145820150123,7.1807734712780364,47.45000651201314,55.63146287394448,51.54073469297881,0.7894016249659372,0.297254347512277,0.5433279862391072,52.03855148193346,False,True
0.68,0.29,0.19,12.89476585647954,1.795304746829773,7.345035301654656,47.28372962806297,53.99427387604854,50.639001752055755,0.7908750193351566,0.3380081887895676,0.5644416040623621,51.16891675643778,False,True
0.68,0.29,0.21,12.789502497428629,1.2238934514525948,7.006697974440612,47.582660816367145,56.147395755185926,51.86502828577653,0.7882224541320552,0.28415920934939864,0.5361908317407269,52.3361727258445,False,True
0.68,0.29,0.23,12.81421226215172,1.387280246942149,7.100746254546935,47.59069688609301,54.4367720099512,51.013734448022106,0.7881509153485448,0.3271133126440585,0.5576321139963016,51.505550183497505,False,True
0.68,0.29,0.25,12.518577679559026,0.5007951610451551,6.50968642030209,47.25863255743186,53.64158348767113,50.45010802255149,0.7910969574767877,0.3466281995095576,0.5688625784931727,50.86835378482166,False,True
0.68,0.29,0.27,12.333079095332925,0.07181561960577791,6.202447357469351,47.026552929279475,54.46069574534684,50.74362433731316,0.7931436987289625,0.3265217455907169,0.5598327221598397,51.121284844069976,False,True
0.68,0.29,0.29,12.381957098317567,-0.08822539001675928,6.146865854150404,47.414653531723985,54.93482233976976,51.174737935746876,0.7897153238320871,0.31474430146094434,0.5522298126465157,51.54258203292973,False,True
0.68,0.29,0.31,12.635949852207617,0.1695048992086207,6.4027273757081185,47.27390831816057,55.51596952134182,51.3949389197512,0.790961885069041,0.30016918019302596,0.5455655326310335,51.792225907105,False,True
0.68,0.29,0.33,12.424393185365377,-0.10259857392557138,6.160897305719903,47.3858297995355,54.52703081838995,50.95643030896272,0.7899709134617113,0.32488010526277056,0.5574255093622409,51.3275213257352,False,True
0.68,0.29,0.35,12.027422387474626,-0.32080907541266895,5.853306656030979,47.047554546413494,55.083867111159165,51.06571082878633,0.7929588973078101,0.31102089524313925,0.5519898962754747,51.40007802774974,False,True
0.7,0.05,0.11,11.88111796577138,1.555778440909463,6.718448203340422,46.10261886440662,53.87599274270238,49.9893058035545,0.8011920918919436,0.340905361838286,0.5710487268651148,50.43875732987735,False,True
0.7,0.05,0.13,11.869651255341708,1.5419885017347859,6.705819878538247,46.28890904178252,54.73670331384258,50.51280617781255,0.7995821708801792,0.31967805301511376,0.5596301119476466,50.9559771587265,False,True
0.7,0.05,0.15,11.670313454135234,1.1943680814972701,6.432340767816252,46.22420510138908,52.433092745058104,49.3286489232236,0.8001420786482887,0.37573619171217587,0.5879391351802323,49.74626229521128,False,True
0.7,0.05,0.17,11.644418700479024,0.7843008980527737,6.214359799265899,46.04523525898298,54.616932463456976,50.33108386121998,0.8016866934963802,0.3226520571445184,0.5621693753204493,50.713275090057934,False,True
0.7,0.05,0.19,11.82765458600624,1.075953187586051,6.451803886796146,46.21845641934093,54.74783698483324,50.48314670208708,0.8001917862938537,0.31940126429357485,0.5597965252937143,50.8937508377809,False,True
0.7,0.05,0.21,11.86685321713781,1.1612203672345223,6.514036792186166,45.993945408788825,53.208201134294875,49.60107327154185,0.8021282503577344,0.35714302530216613,0.5796356378299503,50.02698416873456,False,True
0.7,0.05,0.23,11.884203576717468,0.94699015924147,6.415596867979469,46.10293693365048,52.71103637722266,49.40698665543657,0.8011893486682095,0.3691003049882382,0.5851448268282238,49.82178452788414,False,True
0.7,0.05,0.25,11.401273811236127,0.03845401197393871,5.7198639116050325,46.09238263234558,53.68714969224335,49.889766162294464,0.8012803653137663,0.3455177058939506,0.5733990356038585,50.216587009629635,False,True
0.7,0.05,0.27,11.387177646993623,0.055488593435386,5.721333120214505,46.09490244955848,53.983250055290924,50.03907625242471,0.8012586371749814,0.33827847426894364,0.5697685557219625,50.3650951043323,False,True
0.7,0.05,0.29,11.293049524556672,0.04494702775640708,5.66899827615654,45.59000950615131,53.33160884277108,49.4608091744612,0.8055885548211268,0.35415756422776,0.5798730595244435,49.78462800551522,False,True
0.7,0.05,0.31,11.148995034228042,-0.9377188452055142,5.105638094511264,46.22109375535139,52.19752213984632,49.20930794759886,0.8001689825711481,0.3813329568471022,0.5907509697091251,49.47346287691757,False,True
0.7,0.05,0.33,11.35375446065005,-0.9350177736740529,5.2093683434879985,46.35338637090241,54.24391526011759,50.29865081551,0.7990234449729291,0.33187262738882173,0.5654480361808754,50.56769514619724,False,True
0.7,0.05,0.35,11.27393427525805,-1.0088709972200205,5.132531639019015,46.07925344781027,56.94450676243906,51.51188010512466,0.8013935577773146,0.2636896957218967,0.5325416267496057,51.766945756827,False,True
0.7,0.07,0.11,11.858822037481545,1.127799018436409,6.493310527958977,46.059860954739264,55.58682663601745,50.823343795378356,0.8015606899818739,0.2983815994810931,0.5499711447314835,51.23646510207087,False,True
0.7,0.07,0.13,11.866012177225544,1.5740726177608015,6.720042397493173,46.09766156585912,52.35517862251984,49.22642009418948,0.8012348442210524,0.37759009069971605,0.5894124674603842,49.68298909197923,False,True
0.7,0.07,0.15,11.858680454665425,1.1362453885035741,6.4974629215845,46.10473225967257,55.14841162427202,50.6265719419723,0.8011738643234249,0.30940532694889944,0.5552895956361621,51.041814338961956,False,True
0.7,0.07,0.17,11.75669253606143,1.0795227612119145,6.4181076486366715,46.08014516387146,55.908277872230784,50.99421151805112,0.8013858709223965,0.2902434042089934,0.5458146375656949,51.39651461079073,False,True
0.7,0.07,0.19,11.63444258533279,1.045659307730761,6.340050946531775,45.88923836745712,54.19020788087783,50.03972312416747,0.8030281506366137,0.3331950100298442,0.568111580333229,50.43976740973296,False,True
0.7,0.07,0.21,11.440309650617563,0.22135541744035836,5.830832534028961,46.03299082181713,53.35753510865011,49.695262965233624,0.8017921511814828,0.35352948069361934,0.5776608159375511,50.03616461344346,False,True
0.7,0.07,0.23,11.448605851057518,0.019143353275168,5.733874602166344,45.77679969376148,54.44303134834235,50.10991552105192,0.8039922163512128,0.326958561821588,0.5654753890864004,50.43690069265089,False,True
0.7,0.07,0.25,11.595753087997641,-0.0738459735229542,5.760953557237343,46.026067309336064,53.37718101236133,49.701624160848695,0.8018517689161488,0.3530533404195372,0.5774525546678431,50.03438847547659,False,True
0.7,0.07,0.27,11.509400287749099,-0.03965963770825644,5.734870325020421,46.18050249209668,53.83932882572222,50.00991565890945,0.8005198107784535,0.34180211630851387,0.5711609635434837,50.33766384980571,False,True
0.7,0.07,0.29,11.23912683313345,-0.4861121714981434,5.376507330817653,46.11305975716169,54.23667371034474,50.17486673375322,0.8011020333597039,0.3320510051716832,0.5665765192656935,50.462105414144496,False,True
0.7,0.07,0.31,11.208807947029449,-0.36339019376192816,5.42270887663376,45.6388199377832,54.35165603288864,49.99523798533592,0.8051720431131475,0.32921588522867906,0.5671939641709133,50.28846381399116,False,True
0.7,0.07,0.33,11.282143239701343,-0.7698371212411202,5.256153059230111,45.75082543735506,54.83000804032104,50.29041673883805,0.8042145871624227,0.31735670915216263,0.5607856481572926,50.56434673510631,False,True
0.7,0.07,0.35,10.977961735252018,-1.0252219047552982,4.97636991524836,45.61838497819263,54.01582406639312,49.81710452229288,0.8053464740081576,0.3374796550971546,0.5714130645526561,50.065039304073686,False,True
0.7,0.09,0.11,11.791149856678938,1.4871480628889424,6.63914895978394,46.107694936225016,54.21960768531703,50.16365131077102,0.8011483104842573,0.3324712905634989,0.5668098005238781,50.60108903708318,False,True
0.7,0.09,0.13,11.666205839546397,0.9352456039432782,6.300725721744837,46.11636068006318,55.833824439157944,50.97509255961056,0.8010735568129086,0.29213252084713226,0.5466030388300205,51.363013989460555,False,True
0.7,0.09,0.15,11.281207437428986,0.14099956020848758,5.711103498818737,45.59177236818483,54.00374435254375,49.797758360364284,0.8055735196331366,0.3377759446178983,0.5716747321255174,50.12418020168959,False,True
0.7,0.09,0.17,11.360318803442425,0.36525921530958955,5.862789009376007,45.8138559247383,54.48144175209535,50.14764883841683,0.8036747520649216,0.3260085444488142,0.5648416482568679,50.4891966562118,False,True
0.7,0.09,0.19,11.358240535014646,0.2399852573920439,5.799112896203345,45.815301996468335,55.378221829167096,50.59676191281771,0.8036623582218047,0.3036377491816088,0.5536500537017067,50.92800827094334,False,True
0.7,0.09,0.21,11.507848386337551,0.5398094399989973,6.023828913168274,45.92332825766181,55.35879947861756,50.64106386813968,0.8027353916778264,0.30412612239199266,0.5534307570349095,50.99807706641619,False,True
0.7,0.09,0.23,11.376925674619736,0.18655319590639044,5.781739435263063,46.05530589020364,53.94366266738007,49.999484278791854,0.8015999371332663,0.33924863525941984,0.5704242861963431,50.33266274540251,False,True
0.7,0.09,0.25,11.066059039283672,-0.7701459268488612,5.147956556217405,46.246055378209164,54.8807616136523,50.56340849593073,0.7999530874896532,0.31609234232377614,0.5580227149067147,50.82479449472533,False,True
0.7,0.09,0.27,11.23310600375533,-0.247912824158848,5.492596589798241,45.71562428944035,53.963678186110045,49.8396512377752,0.8045157498135111,0.33875820749648844,0.5716369786549997,50.141394603673824,False,True
0.7,0.09,0.29,11.354820508260511,-0.19932502065310664,5.577747743803703,46.31294151876991,53.94805526242992,50.13049839059991,0.79937400925783,0.3391410218271401,0.569257515542485,50.439846736319964,False,True
0.7,0.09,0.31,11.283160469954742,-0.5035103011638173,5.389825084395462,46.077711656900156,54.2779284149758,50.17782003593798,0.8014068481178291,0.3310344782813799,0.5662206631996045,50.46646250728653,False,True
0.7,0.09,0.33,11.1004339226169,-1.2300523423300909,4.935190790143405,46.083060105220945,55.31152508822581,50.69729259672337,0.8013607422320693,0.3053141166129636,0.5533374294225164,50.936937332086416,False,True
0.7,0.09,0.35,10.870329225855006,-1.3807719923096389,4.744778616772684,46.2141980736966,54.72608295500901,50.470140514352806,0.8002286033278151,0.31994202807449756,0.5600853157011563,50.692681993170375,False,True
0.7,0.11,0.11,11.45371454523907,1.1766230450294544,6.315168795134262,45.829628714097595,55.26523449344758,50.54743160377259,0.8035395471245349,0.30647640480844984,0.5550079759664923,50.940398493230354,False,True
0.7,0.11,0.13,11.387251434657635,0.6201983147392875,6.003724874698461,45.93292501286065,54.08692955031835,50.0099272815895,0.8026529369415907,0.3357342467036619,0.5691935918226263,50.36901367985026,False,True
0.7,0.11,0.15,11.44776581321335,1.0647081905123943,6.256237001862872,45.61497651870163,52.69324407729634,49.15411029799898,0.8053755606964441,0.36952614605969814,0.5874508533780711,49.550651465054706,False,True
0.7,0.11,0.17,11.390743462898447,0.7716684245607188,6.081205943729583,45.633792554488195,51.443157214433,48.5384748844606,0.8052149636299244,0.39908584208607234,0.6021504028579984,48.9179375059851,False,True
0.7,0.11,0.19,11.02650792075139,-0.10578391000901378,5.460362005371188,45.6476987206929,53.16298593376002,49.405342327226464,0.8050962303116209,0.358235133518055,0.581665681914838,49.70617068031027,False,True
0.7,0.11,0.21,11.264376581422626,0.18767810153772702,5.726027341480177,45.74912572585058,53.10139171273575,49.42525871929317,0.8042291343332689,0.3597213595957718,0.5819752469645203,49.75583974353607,False,True
0.7,0.11,0.23,11.197378807822586,-0.6847559573182462,5.25631142525217,46.14679123759655,53.613587154286556,49.880189195941554,0.8008109411289525,0.34731003028805063,0.5740604857085015,50.156376304734785,False,True
0.7,0.11,0.25,11.238330397008525,-0.6591205960905591,5.289604900458983,45.93664250069246,56.32416824247348,51.13040537158297,0.8026209918828775,0.2796446578226083,0.5411328248527429,51.40329049258773,False,True
0.7,0.11,0.27,11.113326499976559,-0.33204415797614345,5.390641171000207,45.83772225445229,54.73271093957609,50.285216597014184,0.80347015092601,0.31977729175681646,0.5616237213414133,50.573333096040976,False,True
0.7,0.11,0.29,10.896298449992388,-0.8300487783919946,5.033124835800197,45.764336335426734,54.50949543023801,50.13691588283237,0.8040989334088424,0.3253142600535739,0.5647065967312082,50.388914255567734,False,True
0.7,0.11,0.31,11.085707932349335,-1.0480807498567994,5.018813591246268,46.23068724521544,54.41238118505082,50.32153421513313,0.800086021497086,0.327716161929264,0.563901091713175,50.57119037187569,False,True
0.7,0.11,0.33,11.015742255533008,-1.540946688608291,4.737397783462359,46.02994345184388,55.61963026140282,50.82478685662335,0.8018183929113136,0.2975532586777454,0.5496858257945295,51.04509669674402,False,True
0.7,0.11,0.35,10.971381583659735,-1.3776704819962797,4.796855550831728,46.16896656941301,56.0231902424326,51.0960784059228,0.8006194589198293,0.2873227765767965,0.5439711177483129,51.3207467954214,False,True
0.7,0.13,0.11,11.376555380613677,1.213628843457562,6.295092112035619,45.90895250185423,51.60191985415682,48.755436178005525,0.80285887506133,0.3953710649252862,0.599114969993308,49.160154003080414,False,True
0.7,0.13,0.13,11.417842772043036,1.0705247246302565,6.2441837483366465,46.053350441288565,54.201125094371996,50.12723776783028,0.8016167843973987,0.3329263125657743,0.5672715484815865,50.514649329828885,False,True
0.7,0.13,0.15,11.445179465512071,0.5216867453685402,5.983433105440306,45.883105178507265,55.02448382072652,50.45379449961689,0.803080798485335,0.3125056055509303,0.5577932020181327,50.80735036524588,False,True
0.7,0.13,0.17,11.276808523996387,-0.13672544291262848,5.5700415405418795,46.1699311447546,53.52434437393403,49.847137759344314,0.8006111278014705,0.34948109894046553,0.575046113370968,50.15737737922919,False,True
0.7,0.13,0.19,11.43127112844299,0.561249081028724,5.996260104735857,45.62325343676443,54.428888555395474,50.02607099607995,0.8053049243918988,0.3273081914848729,0.5663065579383859,50.38415340708305,False,True
0.7,0.13,0.21,11.112202378540664,0.032515886947942566,5.572359132744303,45.70772867841145,53.23456186154899,49.47114526998022,0.8045832687127271,0.3565058913716569,0.580544580042192,49.78398739180867,False,True
0.7,0.13,0.23,11.085559461671654,-0.5576841066160755,5.263937677527789,45.82632392932708,55.361245167876184,50.59378454860163,0.8035678797173036,0.3040646351893195,0.5538162574533115,50.866885837676534,False,True
0.7,0.13,0.25,10.830053026043062,-0.5060841147218056,5.161984455660629,45.93378950581041,53.14791819146068,49.54085384863555,0.8026455084248968,0.3585988669352267,0.5806221876800617,49.80905824819769,False,True
0.7,0.13,0.27,10.764182872977702,-0.908014894587717,4.928083989194993,45.54950526519278,54.48012969165502,50.0148174784239,0.8059338493309974,0.32604100713148687,0.5659874282312422,50.25701920333733,False,True
0.7,0.13,0.29,10.87192251774348,-0.562419954263382,5.154751281740049,45.64250338561777,52.28667120056405,48.964587293090915,0.8051405932388207,0.3792178876860427,0.5921792404624318,49.235173093626074,False,True
0.7,0.13,0.31,10.845256815582426,-0.7086309935383087,5.068312911022058,45.949694894094264,53.63672671072634,49.7932108024103,0.8025088097845717,0.34674650837496523,0.5746276590797685,50.05049088447887,False,True
0.7,0.13,0.33,10.702028112568204,-1.4553924528559419,4.623317829856131,45.7482729725088,53.650218156381136,49.699245564444965,0.8042364325144415,0.3464178364761761,0.5753271344953088,49.91382651561457,False,True
0.7,0.13,0.35,10.78869456193924,-1.4507321100516077,4.668981225943816,45.93874577361392,53.801121149865,49.86993346173946,0.8026029169255292,0.3427359796602669,0.572669448292898,50.08801901818973,False,True
0.7,0.15,0.11,11.104695691997115,0.3044046897028271,5.704550190849971,45.7116513071011,55.121092220288645,50.41637176369487,0.8045497260191293,0.3100893706496076,0.5573195483343685,50.738076773711235,False,True
0.7,0.15,0.13,11.195608265643692,0.08537551662064462,5.640491891132168,45.7601967989527,55.17139251379714,50.46579465637492,0.8041343716124436,0.30882965174398946,0.5564820116782165,50.78003130240594,False,True
0.7,0.15,0.15,10.86257204489757,-0.15621693576174622,5.353177554567912,45.50079215723846,53.26032994078158,49.38056104901002,0.8063487170761203,0.355882776622774,0.5811157468494472,49.66987335846282,False,True
0.7,0.15,0.17,11.247842123231077,-0.20736485115348488,5.520238636038796,45.94040490960856,54.906260542746296,50.42333272617743,0.8025886581766476,0.3154566746097215,0.5590226663931845,50.724604659017416,False,True
0.7,0.15,0.19,10.94222661321387,-0.19898684837720282,5.371619882418334,46.07313781271915,56.305454690565426,51.18929625164229,0.8014462723434324,0.2801232505153842,0.5407847614294083,51.47036381161096,False,True
0.7,0.15,0.21,10.781977842393282,-0.39089590007707914,5.195540971158101,45.76992580322829,55.18437735593778,50.47715157958304,0.8040510773855706,0.30850427318896534,0.556277675287268,50.74383191651163,False,True
0.7,0.15,0.23,11.005426536072713,0.013760535204601694,5.509593535638658,45.99692169033714,54.89693327651971,50.446927483428425,0.8021026408525347,0.31568923007620886,0.5588959354643718,50.74690250100234,False,True
0.7,0.15,0.25,10.549952768044895,-1.4168800452975745,4.56653636137366,45.89900029825336,55.66535902228631,50.78217966026983,0.8029443388258177,0.29639772334650816,0.549671031086163,50.98708684939424,False,True
0.7,0.15,0.27,10.773305804918976,-0.9810773492761113,4.896114227821433,45.897446928577864,54.27732066034496,50.08738379446142,0.8029576765938194,0.33104945912642636,0.5670035678601228,50.3261159827137,False,True
0.7,0.15,0.29,10.895997889253893,-0.5290783023653872,5.183459793444253,45.7148157582173,52.07424935563566,48.89453255692648,0.8045226644613873,0.3842516683116839,0.5943871663865357,49.168522139582315,False,True
0.7,0.15,0.31,10.93552147894977,-1.3031335349012896,4.81619397202424,46.02628462310099,56.16896506714709,51.097624845124045,0.8018498977834501,0.28360911583801307,0.5427295068107316,51.32409754870709,False,True
0.7,0.15,0.33,10.682727148759577,-1.569554929804457,4.55658610947756,46.01123701174853,54.21430794817691,50.112772479962715,0.8019794410799836,0.33260178039718113,0.5672906107385824,50.31950360050854,False,True
0.7,0.15,0.35,10.739533555208814,-1.6566251193822241,4.541454217913294,45.99078906043469,54.50820928959226,50.249499175013476,0.802155407442682,0.32534609782823376,0.5637507526354579,50.4543057999323,False,True
0.7,0.17,0.11,11.369560810556603,0.6364519450944353,6.003006377825519,46.00720861829573,54.31867316811241,50.162940893204066,0.8020141139057717,0.3300297580842446,0.5660219359950082,50.520854353695356,False,True
0.7,0.17,0.13,11.049263622844432,0.2703463892109281,5.65980500602768,45.855107787076115,53.02840459829666,49.441756192686384,0.8033210412451849,0.3614802579068719,0.5824006495760283,49.764652597233095,False,True
0.7,0.17,0.15,10.927934062617027,-0.2611800511314702,5.333377005742778,45.84221181835795,54.99545629961714,50.41883405898754,0.8034316509097201,0.3132307734331954,0.5583312121714578,50.70013548456363,False,True
0.7,0.17,0.17,10.722029578047573,-0.5222185458998562,5.099905516073859,45.76298879927035,54.71645440787304,50.239721603571695,0.8041104698979484,0.32018130681900114,0.5621458883584748,50.49790751186894,False,True
0.7,0.17,0.19,11.142418997626583,0.18612221386347022,5.664270605745027,45.892472422623456,54.78114932862649,50.33681087562498,0.8030003863809096,0.3185727662917477,0.5607865763363287,50.654501188182124,False,True
0.7,0.17,0.21,10.704931935881245,-0.9675650107347675,4.868683462573238,46.05761462498236,55.37558394804958,50.71659928651597,0.8015800451969346,0.30370408851219266,0.5526420668545636,50.94975487524711,False,True
0.7,0.17,0.23,10.89951948212108,-0.23126597610757418,5.334126753006753,45.76901660079452,52.847317628659354,49.30816711472694,0.8040588622121656,0.365833780415197,0.5849463213136813,49.595849145175265,False,True
0.7,0.17,0.25,10.800579096779954,-0.4803000618396689,5.160139517470142,45.660223555953344,54.109557863480404,49.88489070971687,0.8049892600776067,0.33517831358218986,0.5700837868298982,50.15106540204459,False,True
0.7,0.17,0.27,10.533444351866699,-1.3890559128714197,4.572194219497639,45.459252265565304,56.2362877705568,50.847770018061055,0.8067021430688681,0.2818907906306538,0.544296466849761,51.052920345367475,False,True
0.7,0.17,0.29,10.684585022800848,-1.3739564104686603,4.655314306166094,46.01284265641844,55.23351553997667,50.623179098197554,0.8019656202734442,0.30727225884300124,0.5546189395582227,50.83678012322751,False,True
0.7,0.17,0.31,10.68718740540043,-1.1002660663496133,4.793460669525408,45.815197925607706,55.373031543707796,50.59411473465775,0.8036632501947156,0.3037682752032358,0.5537157626989757,50.82068192157598,False,True
0.7,0.17,0.33,10.329464236877028,-2.132347900176581,4.098558168350223,45.91640547901685,54.463494209163876,50.189949844090364,0.8027948610733856,0.3264525304283502,0.5646236957508679,50.357017826829825,False,True
0.7,0.17,0.35,10.282285708823178,-1.964377719578778,4.1589539946222,45.67679023949579,53.496260063037745,49.58652515126677,0.8048477247520898,0.350163576504252,0.5775056506281708,49.76063077279664,False,True
0.7,0.19,0.11,11.057829749498893,0.47528697595279723,5.766558362725845,45.85120096124682,54.8229598330529,50.33708039714986,0.8033545536602695,0.31753220072442145,0.5604433771923455,50.66630890700301,False,True
0.7,0.19,0.13,10.8250869764357,-0.2724090783505682,5.276338949042565,45.82583830418901,54.40353598990689,50.11468714704795,0.803572042908322,0.32793471507047034,0.5657533789893961,50.39168205717762,False,True
0.7,0.19,0.15,10.968441347652078,-0.222221149924011,5.373110098864034,45.99493263050841,55.17391077646304,50.584421703485724,0.8021197559620636,0.3087665542535116,0.5554431551077876,50.86898889510772,False,True
0.7,0.19,0.17,10.888834382092254,0.06986362763227025,5.479349004862262,45.90046388341984,53.36780364296189,49.63413376319086,0.802931771565571,0.35328063323622694,0.5781062024008989,49.93566360768031,False,True
0.7,0.19,0.19,10.886698821235104,-0.7784660627105986,5.054116379262252,45.68504836169156,55.81800276118827,50.75152556143991,0.8047771533738941,0.29253364201644216,0.5486553976951681,51.002563064895234,False,True
0.7,0.19,0.21,10.541499808160031,-0.8248967473891986,4.8583015303854165,45.8388435193355,54.99932663245838,50.41908507589694,0.8034605359319553,0.3131341065737595,0.5582973212528575,50.6526132953738,False,True
0.7,0.19,0.23,10.639069018868975,-0.7789540948691386,4.930057461999918,45.73534887887962,52.25924576450706,48.99729732169334,0.8043470250738266,0.3798689429051436,0.5921079839894852,49.244701353638426,False,True
0.7,0.19,0.25,10.759175492583394,-1.1435244573901735,4.80782551759661,45.79158757427748,54.51991693827364,50.15575225627556,0.8038655579617727,0.32505625307897,0.5644609055203713,50.385659374474244,False,True
0.7,0.19,0.27,10.692604874927431,-1.4217737676528488,4.635415553637291,45.84499167391712,55.22643040693372,50.535711040425426,0.8034078105161611,0.3074499680967774,0.5554288893064692,50.747858750062335,False,True
0.7,0.19,0.29,10.390222225602642,-1.5757930484822231,4.407214588560209,45.786295853789724,55.793520732676235,50.78990829323298,0.8039108863170691,0.2931541018082401,0.5485324940626546,50.980764263245746,False,True
0.7,0.19,0.31,10.324718384498377,-1.7290717981094075,4.297823293194485,46.019481206433596,55.506062350006815,50.762771778220205,0.8019084729251965,0.30041893626313965,0.5511637045941681,50.9443842211013,False,True
0.7,0.19,0.33,10.589645294845333,-1.237713604275003,4.675965845285165,46.10552111534755,53.975252780000524,50.04038694767404,0.8011670604028904,0.33847451942056495,0.5698207899117277,50.25838221092298,False,True
0.7,0.19,0.35,10.327280446518646,-1.8082362796171159,4.259522083450765,45.92859865125563,53.490515949585884,49.709557300420755,0.8026901109098211,0.35030312023077814,0.5764966155702996,49.89171890587875,False,True
0.7,0.21,0.11,10.964113142423324,0.42443152849474114,5.694272335459033,45.75625407227816,54.49536038457546,50.12580722842681,0.8041681219641968,0.3256641248676817,0.5649161234159392,50.44820400898113,False,True
0.7,0.21,0.13,10.903464742686277,0.5832151158465878,5.743339929266432,45.71327441450486,52.55160009080168,49.13243725265327,0.8045358458634211,0.3729111266111248,0.588723486237273,49.46698236125807,False,True
0.7,0.21,0.15,10.937989024605004,-0.34435796345991954,5.296815530572542,46.16787847004875,55.4508986178112,50.80938854392997,0.8006288567166462,0.3018087781676144,0.5512188174421303,51.08473567488586,False,True
0.7,0.21,0.17,10.779747151087847,0.27312779369669693,5.526437472392272,45.66324959978581,53.19623770022347,49.42974365000464,0.8049634112947893,0.35743207519544085,0.5811977432451151,49.737722791071114,False,True
0.7,0.21,0.19,10.711906535119123,-0.6853139336213951,5.0132963007488645,45.839027118137,54.407322987365006,50.123175052751,0.8034589615256422,0.3278411476924984,0.5656500546090704,50.37326490478677,False,True
0.7,0.21,0.21,10.560554934277357,-0.9100677014324657,4.825243616422446,45.57930666901828,55.3614247317759,50.47036570039709,0.8056798252470507,0.30406012065680343,0.5548699729519271,50.70050088401144,False,True
0.7,0.21,0.23,10.561277714779731,-1.325944510453897,4.617666602162917,46.15674585270018,54.403671510395036,50.280208681547606,0.8007249952060698,0.32793136680542634,0.5643281810057481,50.49180359136229,False,True
0.7,0.21,0.25,10.478028646811586,-0.8870915826109549,4.795468532100315,45.86874215695873,54.16700133517579,50.01787174606726,0.8032040644254472,0.33376599610707114,0.5684850302662592,50.24722890317831,False,True
0.7,0.21,0.27,10.395283938346115,-1.7167866858246534,4.339248626260731,45.776302835119274,55.04623028587224,50.41126656049576,0.8039964712416101,0.3119620828792449,0.5579792770604275,50.59767657584549,False,True
0.7,0.21,0.29,10.060586890120375,-1.7728458530984643,4.143870518510955,45.86490956117913,54.03147495562176,49.94819225840045,0.8032369499037122,0.3370956737396976,0.5701663118217049,50.11979222578959,False,True
0.7,0.21,0.31,10.48779806461219,-1.771920022819612,4.357939020896289,45.91531927744853,54.347105537789965,50.131212407619245,0.8028041911590198,0.3293282009250522,0.566066196042036,50.32027513803644,False,True
0.7,0.21,0.33,10.29446993075818,-1.6512500518585655,4.321609939449807,45.89823376363875,54.0425869621721,49.970410362905426,0.802950920612916,0.336822982509984,0.56988695156145,50.15693595412221,False,True
0.7,0.21,0.35,9.94473399198027,-2.2016996138332816,3.871517189073494,45.86491725164038,53.353940706987004,49.60942897931369,0.8032368839186813,0.35361657603782726,0.5784267299782543,49.76026616688119,False,True
0.7,0.23,0.11,10.882579338289217,0.05681462715495378,5.469696982722085,45.99717686764582,53.70308418081207,49.850130524228945,0.8021004450944829,0.3451291440743183,0.5736147945844006,50.14930805470263,False,True
0.7,0.23,0.13,10.793977889096167,0.0316315108536015,5.412804699974885,45.473645897192064,53.871228176876464,49.672437037034264,0.8065797170069597,0.341021931789826,0.5738008243983929,49.96648332550735,False,True
0.7,0.23,0.15,10.448326276772223,-0.5475048923149973,4.950410692228613,45.4648878372792,53.734918002734446,49.599902920006826,0.8066542139277835,0.34435253240197594,0.5755033731648798,49.84633322217225,False,True
0.7,0.23,0.17,10.689472348563998,-0.28365390530488127,5.202909221629558,45.689727838684085,54.77466207516768,50.23219495692588,0.8047371583366322,0.3187341476971016,0.5617356530168669,50.50092746236576,False,True
0.7,0.23,0.19,10.651573818485746,-0.8768267952276162,4.887373511629065,46.04999342936147,53.909843213830634,49.97991832159605,0.8016457052269043,0.34007687880467075,0.5708612920157875,50.218309960367904,False,True
0.7,0.23,0.21,10.778568506475747,-0.47589438984175053,5.151337058316998,45.79740829160461,52.810626103321134,49.30401719746287,0.8038156922215928,0.36671406911745685,0.5852648806695249,49.572395395987314,False,True
0.7,0.23,0.23,10.532238322216768,-0.4757093603562086,5.02826448093028,45.49810158405155,53.403053099160225,49.450577341605886,0.8063716185474912,0.3524260342838439,0.5793988264156675,49.705563502573135,False,True
0.7,0.23,0.25,10.338250227943359,-1.5073016142211901,4.415474306861085,45.64189384992967,57.45840112187112,51.550147485900396,0.8051457977285259,0.25034009976464566,0.5277429487465858,51.738903343351154,False,True
0.7,0.23,0.27,10.153718346405318,-1.871047719241729,4.141335313581795,45.81605534651202,55.39572559418233,50.60589047034718,0.8036559013316116,0.3031974718623167,0.5534266865969641,50.77506089091666,False,True
0.7,0.23,0.29,10.126346888046783,-2.0389170655260793,4.043714911260352,45.75951247864004,53.974437639567306,49.86697505910367,0.8041402297090088,0.3384945001364391,0.5713173649227239,50.03065891859528,False,True
0.7,0.23,0.31,10.453442451193135,-1.6159414467537083,4.418750502219713,45.810271431709445,53.62461069409118,49.71744106290031,0.8037054719830992,0.34704160230463355,0.5753735371438664,49.91341805410478,False,True
0.7,0.23,0.33,9.93063361055047,-2.240336063713885,3.845148773418292,45.639083104749396,54.274489736471246,49.95678642061032,0.8051697962351502,0.3311192377613208,0.5681445169982355,50.10454748387811,False,True
0.7,0.23,0.35,9.918014651139941,-2.4368088701060877,3.740602890516927,45.787154091090656,54.9744723806604,50.38081323587553,0.8039035350969806,0.3137547571012841,0.5588291460991324,50.51948586726427,False,True
0.7,0.25,0.11,10.478716589168577,0.07323545984477378,5.275976024506676,45.54033368774638,53.202106210070234,49.371219948908305,0.8060119934744262,0.3572902935824098,0.581651143528418,49.652324036792585,False,True
0.7,0.25,0.13,10.446952321129759,-0.7694632021999394,4.83874455946491,45.76579437908916,53.385926195643854,49.57586028736651,0.8040864504633187,0.3528413348218745,0.5784638926425967,49.81143816578914,False,True
0.7,0.25,0.15,10.571848921810906,-0.5459024377199698,5.012973242045468,45.61926855262216,53.28375727061451,49.45151291161834,0.805338933515705,0.3553160033629754,0.5803274684393402,49.70494975325314,False,True
0.7,0.25,0.17,10.312056403989287,-1.0612187065871272,4.62541884870108,45.61065028698523,54.01194618195287,49.81129823446905,0.8054124762254296,0.337574778522874,0.5714936273741518,50.025592763396006,False,True
0.7,0.25,0.19,10.56156309527186,-0.782615661802202,4.889473716734829,45.94764523630053,54.39667337408356,50.17215930519205,0.8025264281966209,0.3281042568063689,0.565315342501495,50.40984549244532,False,True
0.7,0.25,0.21,10.354051969964582,-1.0468751656067306,4.653588402178926,45.89822407084336,53.31595899560252,49.60709153322294,0.8029510038386112,0.35453654594854467,0.578743774893578,49.824887510183636,False,True
0.7,0.25,0.23,10.48187315702675,-0.8215750656812386,4.830149045672755,45.74624006042156,55.36164718584951,50.55394362313554,0.8042538303856372,0.30405452777428876,0.554154179079963,50.784166387315835,False,True
0.7,0.25,0.25,10.271732217053593,-1.7767004625338236,4.247515877259884,45.85223272769861,54.54182395647219,50.1970283420854,0.8033457035340801,0.3245137366405796,0.5639297200873299,50.37641358318097,False,True
0.7,0.25,0.27,9.803932711199778,-2.340220072761554,3.731856319219112,45.589475474669186,53.950728118594235,49.77010179663171,0.8055931093814466,0.33907553569450255,0.5723343225379746,49.909816513731826,False,True
0.7,0.25,0.29,9.872805609244377,-2.1223467235125075,3.875229442865935,45.16677037186884,54.94903142193277,50.057900896900804,0.8091814732624365,0.3143897680941642,0.5617856206783003,50.207677156375176,False,True
0.7,0.25,0.31,9.900570396513643,-2.5573554481373484,3.6716074741881473,45.856172465761524,55.81871732174788,50.83744489375471,0.8033119080281315,0.29251552847717366,0.5479137182526526,50.969858787032756,False,True
0.7,0.25,0.33,9.950802370755644,-2.45055179744987,3.750125286652887,45.47730266821098,54.5604859432152,50.01889430571309,0.8065486079058557,0.3240514098831555,0.5653000088945056,50.15927857567023,False,True
0.7,0.25,0.35,10.16191044933457,-1.9977788046196474,4.082065822357461,45.49271737931872,53.737285895192755,49.61500163725574,0.8064174434555735,0.3442947473728748,0.5753560954142242,49.782644052349696,False,True
0.7,0.27,0.11,10.570015687972925,0.05284613790876725,5.311430912940846,45.566811238834084,52.82039174158149,49.19360149020778,0.8057863552284972,0.36647983545729534,0.5861330953428963,49.47950814145506,False,True
0.7,0.27,0.13,10.310014382752101,-0.4660938509152655,4.921960265918417,45.55253409174759,52.48221291029389,49.01737350102074,0.8059080395115568,0.3745660030757769,0.5902370212936668,49.26386706093879,False,True
0.7,0.27,0.15,10.399957526059557,-0.8777821126711228,4.761087706694218,45.80655410364523,54.36971870549519,50.08813640457021,0.8037373277887612,0.3287699681023756,0.5662536479455684,50.313908262364855,False,True
0.7,0.27,0.17,10.166349769263872,-1.0388900998579147,4.563729834702979,45.5784186973933,54.86942678894569,50.223922743169496,0.8056873966268343,0.31637481554967783,0.561031106088256,50.4308441899996,False,True
0.7,0.27,0.19,10.2719021770273,-0.6683580960526321,4.801772040487334,45.76754011323076,54.075123177058046,49.921331645144406,0.8040715039514137,0.336024213745032,0.5700478588482228,50.15173344913715,False,True
0.7,0.27,0.21,10.388562083653367,-1.124347558162774,4.632107262745297,45.71520459994992,55.19381758793853,50.45451109394423,0.8045193390594212,0.3082676686007024,0.5563935038300618,50.66669623552062,False,True
0.7,0.27,0.23,9.971416824260263,-1.8708936212962448,4.050261601482009,45.661095104755454,55.284982115011275,50.47303860988336,0.8049818153922492,0.30598069033307695,0.5554812528626631,50.635286565351,False,True
0.7,0.27,0.25,10.04506545856083,-2.139910899944707,3.952577279308061,45.93544824517159,56.373500077427416,51.154474161299504,0.8026312546227379,0.2783822507829107,0.5405067527028242,51.30694976187886,False,True
0.7,0.27,0.27,10.105219290664575,-1.914599691282537,4.0953097996910195,45.90722724913438,53.5655920015088,49.736409625321585,0.8028736918607846,0.34847808991243656,0.5756758908866106,49.904729282636396,False,True
0.7,0.27,0.29,10.078624391668697,-1.902449713101282,4.088087339283708,45.841901834139705,56.326750289723606,51.084326061931655,0.8034343092840697,0.2795786103612127,0.5415064598226411,51.247642163277725,False,True
0.7,0.27,0.31,9.942241447981884,-2.252014979056438,3.8451132344627226,45.70923199920579,54.449385925765284,50.07930896248554,0.804570414043493,0.3268014381853459,0.5656859261144195,50.226706859458,False,True
0.7,0.27,0.33,9.941314001401883,-2.356847636852578,3.7922331822746527,45.71333899270951,54.91237008860767,50.31285454065859,0.8045352936066323,0.3153043247143378,0.5599198091604851,50.455568221339206,False,True
0.7,0.27,0.35,10.00705923962494,-2.2234998132621433,3.8917797131813985,45.45725384714912,54.41641378781452,49.93683381748182,0.8067191376953553,0.3276165098256447,0.5671678237605,50.088255320491314,False,True
0.7,0.29,0.11,10.446965615715493,-0.49838776602945545,4.974288924843019,45.76842648227891,53.591941626778116,49.68018405452851,0.8040639148768958,0.34783694771762286,0.5759504312972593,49.928591388097914,False,True
0.7,0.29,0.13,10.120725888360498,-1.117883788438937,4.501421049960781,45.35635446295696,55.55726391995018,50.45680919145357,0.8075762187803202,0.2991276838064839,0.553351951293402,50.657204672699656,False,True
0.7,0.29,0.15,10.322918324721577,-1.0716194811574826,4.625649421782048,45.32354004647251,54.25331570698986,49.788427876731184,0.8078545475855162,0.33164103495818886,0.5697477912718525,50.00284174934156,False,True
0.7,0.29,0.17,10.08764752016002,-0.8472483280294121,4.620199596065304,45.69630628076456,52.43813034737954,49.06721831407205,0.8046809261011347,0.37561623144601797,0.5901485787735763,49.28425871805611,False,True
0.7,0.29,0.19,10.211029444269675,-0.9108653010621243,4.650082071603776,45.704833371486146,54.533721580238634,50.11927747586239,0.8046080248540647,0.32471441336642326,0.564661219110244,50.33453325476594,False,True
0.7,0.29,0.21,10.053257026089076,-1.4685757673597826,4.292340629364647,45.7445680350916,55.50698665404482,50.62577734456821,0.8042681391713269,0.30039563679066217,0.5523318879809945,50.807415992355786,False,True
0.7,0.29,0.23,10.144236856773576,-1.2746801400626842,4.434778358355446,45.46200552236523,54.06742596148815,49.76471574192669,0.806678728044252,0.33621322491020156,0.5714459764772268,49.961927424414924,False,True
0.7,0.29,0.25,10.208714602758501,-1.7272232800685787,4.2407456613449614,45.75424227885616,54.73706787379219,50.24565507632418,0.8041853421073666,0.3196689907608814,0.561927166434124,50.424297494493246,False,True
0.7,0.29,0.27,9.786435699677948,-2.481113266443327,3.652661216617311,45.686186085136264,53.47833268120018,49.58225938316822,0.8047674297385613,0.3505990429709457,0.5776832363547535,49.716620757078346,False,True
0.7,0.29,0.29,9.828398285132291,-2.374344659775636,3.7270268126783277,45.57850066695636,53.99290858085091,49.785704623903634,0.8056866977112522,0.3380416665178134,0.5718641821145328,49.92501490997277,False,True
0.7,0.29,0.31,10.007079753984684,-1.7720758155154823,4.117501969234601,45.668589807858744,54.4156739048018,50.04213185633027,0.8049177905000705,0.3276347940787113,0.5662762922893909,50.2112416017867,False,True
0.7,0.29,0.33,9.592650147061633,-3.10607617097358,3.2432869880440265,45.73006982517073,54.222016829659566,49.97604332741515,0.8043921893932687,0.3324119685281496,0.5684020789607092,50.08117228211109,False,True
0.7,0.29,0.35,9.733788511611257,-2.766155105962849,3.483816702824204,45.875942246624014,53.58098326809477,49.728462757359395,0.8031422768321719,0.3481036260937368,0.5756229514629543,49.8503459068135,False,True
0.72,0.05,0.11,9.144238027058877,-1.7325613830889524,3.7058383219849627,44.24892157799442,55.1494951593186,49.699208368656514,0.8168580455948632,0.3093781895986045,0.5631181175967339,49.837180399174166,False,True
0.72,0.05,0.13,8.999621791645659,-1.1707537683760243,3.914434011634817,44.287283711479894,53.25814415334816,48.77271393241403,0.8165403537115151,0.35593564428033875,0.586237998995927,48.92954545021379,False,True
0.72,0.05,0.15,9.233220972076955,-1.7007039528415553,3.7662585096176997,44.485980670574875,55.29771082550927,49.89184574804207,0.8148904603547902,0.3056610741373863,0.5602757672460883,50.03379832980594,False,True
0.72,0.05,0.17,9.24037003788179,-1.6620465071818646,3.789161765349963,44.74020880283306,54.69785505260264,49.71903192771785,0.8127686898093421,0.32064339963946453,0.5667060447244033,49.863211716789934,False,True
0.72,0.05,0.19,9.298463058162783,-1.6058909497222777,3.8462860542202524,44.57030084528471,56.89203069556946,50.73116577042708,0.8141880700337277,0.26504613438877245,0.5396171022112501,50.87676382040667,False,True
0.72,0.05,0.21,8.863265489585148,-2.4649898418173093,3.199137823883919,44.12519671743782,54.372061579756725,49.248629148597274,0.8178807839186926,0.328712118200416,0.5732964510595543,49.352426037959575,False,True
0.72,0.05,0.23,8.924392748543276,-2.261591549140229,3.3314005997015235,44.612707636868265,55.398626752653676,50.005667194760974,0.8138343171428445,0.30312448473303577,0.5584794009379401,50.11651406022656,False,True
0.72,0.05,0.25,9.050602566697941,-2.4004517514332866,3.3250754076323275,44.44530204415456,54.98113199315296,49.71321701865376,0.8152288392744019,0.3135884834106978,0.5644086613425499,49.82429199507211,False,True
0.72,0.05,0.27,8.892855532132165,-2.77790733675197,3.0574740976900974,44.45230361524941,54.5918561113883,49.52207986331886,0.8151706198335407,0.3232738978614088,0.5692222588474747,49.6163737272987,False,True
0.72,0.05,0.29,8.781560537104157,-2.822158413504303,2.9797010617999273,44.223837360771626,55.56358868718658,49.8937130239791,0.8170656289784743,0.2989680968767917,0.558016862927633,49.982609152953124,False,True
0.72,0.05,0.31,8.743846051120956,-3.0060352117402807,2.8689054196903374,44.32594871092913,55.42713696355951,49.87654283724432,0.8162198750999308,0.3024070236150722,0.5593134493575015,49.95898461440741,False,True
0.72,0.05,0.33,8.75168553189485,-3.135059420539916,2.808313055677467,44.3210272656457,54.99741829468445,49.659222780165074,0.8162606825115952,0.313181770771489,0.5647212266415421,49.73856682041366,False,True
0.72,0.05,0.35,8.841416576818178,-3.0620298544987765,2.8896933611597007,44.27679176649164,54.299821620136036,49.28830669331384,0.8166272689770532,0.33049470996085495,0.5735609894689541,49.372943039844166,False,True
0.72,0.07,0.11,9.220986691956886,-1.221405590778197,3.9997905505893447,44.36503062871908,54.897082643875905,49.631056636297494,0.8158956566086876,0.31568550623141556,0.5657905814200516,49.791968300961486,False,True
0.72,0.07,0.13,9.153298825351904,-1.1711323122896184,3.9910832565311427,44.52055684762258,53.321345697766155,48.92095127269437,0.8146026003401263,0.35440611239383424,0.5845043563669803,49.08348213998167,False,True
0.72,0.07,0.15,9.050062298247877,-1.7377822860888608,3.656140006079508,44.19658687476809,53.68154146441479,48.93906416959144,0.8172910058310546,0.34565443485513936,0.5814727203430969,49.075445607140885,False,True
0.72,0.07,0.17,8.814127401997016,-2.207351265343508,3.303388068326754,44.397212223666436,53.61985194786216,49.0085320857643,0.8156284677807137,0.3471574866122451,0.5813929771964794,49.11973727465725,False,True
0.72,0.07,0.19,8.827424822102165,-1.7617125343443698,3.5328561438788975,44.0956693922114,52.97032583481588,48.53299761351364,0.8181244403549428,0.36287815509813715,0.59050129772654,48.66141109633653,False,True
0.72,0.07,0.21,8.97427126406585,-2.3446085640621104,3.31483135000187,44.536514140753816,55.2410221366024,49.88876813867811,0.8144696742919535,0.3070839535710157,0.5607768139314846,49.998772917680085,False,True
0.72,0.07,0.23,8.742653536728799,-2.3951219007271076,3.1737658180008457,44.19623306296181,53.607727798958685,48.90198043096025,0.8172939311402274,0.34745268567359333,0.5823733084069104,49.00486179490286,False,True
0.72,0.07,0.25,8.99725069775774,-2.2529541091639116,3.3721482942969145,44.41147039263952,55.54712620801601,49.97929830032777,0.8155100268945282,0.2993834413036981,0.5574467340991132,50.09293006714496,False,True
0.72,0.07,0.27,8.843168281383036,-2.2208356230393895,3.311166329171823,44.16805991314192,52.62314539004693,48.39560265159442,0.8175267910231796,0.3712024897107199,0.5943646403669498,48.50874331984343,False,True
0.72,0.07,0.29,8.559598421391845,-3.1002430245039116,2.729677698443967,44.248406798282986,55.67286552106394,49.96063615967346,0.8168623068157327,0.2962079483828761,0.5565351275993045,50.03515070244771,False,True
0.72,0.07,0.31,8.539399027567073,-3.8432135570085575,2.348092735279258,44.66048519190345,55.28464337570003,49.97256428380174,0.8134353588911756,0.3059891950261683,0.559712276958672,50.02769953328024,False,True
0.72,0.07,0.33,8.60898792768411,-2.8576592247572825,2.8756643514634135,44.45848889496736,52.02971464605702,48.24410177051219,0.8151191803867741,0.38530441309550867,0.6002117967411413,48.32972999206404,False,True
0.72,0.07,0.35,8.24265104422007,-3.517185251869506,2.362732896175282,44.474679134573,55.84034969208801,50.1575144133305,0.814984501504786,0.2919670554039523,0.5534757784543691,50.213133330455754,False,True
0.72,0.09,0.11,9.074445075851854,-1.9732287946366789,3.5506081406075873,44.20941333137736,56.7687962412219,50.489104786299634,0.8171849411228579,0.26822666928552663,0.5427058052041922,50.613797726411455,False,True
0.72,0.09,0.13,8.648020696649317,-1.5278896598543479,3.5600655183974843,44.30121413636212,53.426285763075335,48.86374994971872,0.8164249222582214,0.35186246572286284,0.5841436939905421,48.99326612549851,False,True
0.72,0.09,0.15,8.89775080841934,-1.6653837730651797,3.6161835176770802,44.246902923589545,53.02773596260182,48.63731944309568,0.8168747552396116,0.3614963600092467,0.5891855576244291,48.77156575140122,False,True
0.72,0.09,0.17,9.001245620383612,-1.7551684776719227,3.6230385713558446,44.24038784399348,53.9819853353654,49.11118658967944,0.8169286793622228,0.3383094795379674,0.577619079450095,49.2446449549171,False,True
0.72,0.09,0.19,8.882065943894606,-2.114794732783212,3.383635605555697,44.24274648751804,54.417386159658435,49.33006632358824,0.8169091582180129,0.327592479847551,0.572250819032782,49.44597489584768,False,True
0.72,0.09,0.21,8.88921676693618,-1.9986607602717814,3.445278003332199,44.56681379750794,53.822172412657274,49.19449310508261,0.8142171436418812,0.34222153147641077,0.578219337559146,49.314988516537895,False,True
0.72,0.09,0.23,8.773661009118022,-2.144959863153567,3.314350572982228,44.34804031632238,53.70306513553187,49.02555272592713,0.8160366411321298,0.3451296085614859,0.5805831248468079,49.13745760418714,False,True
0.72,0.09,0.25,8.692421853701532,-2.572369960724169,3.0600259464886816,44.351301653190156,52.56458072528319,48.45794118923668,0.8160095829558964,0.3726012971573922,0.5943054400566443,48.55446244262935,False,True
0.72,0.09,0.27,8.50042378074721,-2.8527890656832833,2.8238173575319636,43.986610748642676,54.91668914532245,49.45164994698256,0.8190229672961041,0.3151966128910112,0.5671097900935577,49.53220797569597,False,True
0.72,0.09,0.29,8.564169318831011,-2.8874804392609468,2.838344439785032,44.477419493747625,53.446736592560676,48.96207804315415,0.8149617009113432,0.35136617492101174,0.5831639379161775,49.044278824984026,False,True
0.72,0.09,0.31,8.40146423944551,-3.616022315725248,2.392720961860131,44.59948724154407,54.15732042773996,49.378403834642015,0.813944636349349,0.3340041179599672,0.5739743771546582,49.43634168158395,False,True
0.72,0.09,0.33,8.305660208765875,-3.436367869898872,2.4346461694335018,44.309279982446874,54.22569630134737,49.26748814189712,0.8163580697737411,0.33232136125278633,0.5743397155132637,49.32760778491402,False,True
0.72,0.09,0.35,8.233358921944033,-4.057289568488639,2.088034676727697,44.450833625472974,56.11056094270141,50.280697284087196,0.8151828438482605,0.285098138458446,0.5501404911533532,50.32403410086706,False,True
0.72,0.11,0.11,9.092662178209526,-1.2784892768798484,3.907086450664839,44.286976954872955,53.206560134470024,48.74676854467149,0.8165428951752938,0.35718267753219113,0.5868627863537424,48.903095690157926,False,True
0.72,0.11,0.13,8.856588696302897,-1.7529037248441743,3.5518424857293613,44.74718462070363,55.405144273392835,50.07616444704823,0.8127102996776775,0.30296050349156134,0.5578354015846194,50.20197038733887,False,True
0.72,0.11,0.15,8.75540809367868,-2.066649990472066,3.344379051603307,44.285583193507286,51.97935394381591,48.132468568661594,0.8165544421996802,0.3864937918915712,0.6015241170456257,48.24851709383408,False,True
0.72,0.11,0.17,8.7167905426622,-2.056307336017145,3.330241603322527,44.532876065689145,54.00277952990916,49.26782779779916,0.8144999840589522,0.3377996067938439,0.5761497954263981,49.38025278438833,False,True
0.72,0.11,0.19,8.41810834541121,-2.337675896141065,3.0402162246350724,44.295983731206796,53.76871153037776,49.03234763079227,0.8164682671358083,0.34352760854518605,0.5799979378404971,49.12651044883398,False,True
0.72,0.11,0.21,8.66321745271975,-2.2625140633917784,3.2003516946639854,43.918794618021494,53.781409922739535,48.85010227038052,0.8195805779343565,0.343217497771656,0.5813990378530063,48.954823488561104,False,True
0.72,0.11,0.23,8.648090662346029,-2.470713321558015,3.088688670394007,44.19491623545919,52.14055546104219,48.167735848250686,0.8173048184387808,0.38268260616131367,0.5999937123000472,48.26666317914959,False,True
0.72,0.11,0.25,8.309255348728378,-3.5416382312041006,2.383808558762139,44.39605581480527,56.1844604779862,50.290258146395736,0.815638072261996,0.2832137978096031,0.5494259350357995,50.346723902116516,False,True
0.72,0.11,0.27,8.172461352729707,-3.496418910198801,2.338021221265453,44.21118269449823,54.12679949843603,49.168991096467124,0.8171703074658299,0.33475456445092844,0.5759624359583791,49.22454701341142,False,True
0.72,0.11,0.29,8.357180530562134,-3.4812111427148342,2.4379846939236502,44.04796798339958,54.226673325611465,49.13732065450552,0.818517722868731,0.3322973009215414,0.5754075118951363,49.19776468978546,False,True
0.72,0.11,0.31,8.652630106785006,-2.9612573724760196,2.845686367154493,44.41763935395427,54.41073949299295,49.414189423473616,0.8154587702916059,0.3277567286666049,0.5716077494791054,49.496060926897414,False,True
0.72,0.11,0.33,8.27917923894339,-4.355059902623098,1.9620596681601463,44.30000518065692,54.66177561759443,49.48089039912567,0.8164349414467997,0.32153932941442276,0.5689871354306113,49.519775775256775,False,True
0.72,0.11,0.35,8.112109094864085,-4.454888336337263,1.8286103792634107,44.5987307714757,54.48112624739697,49.539928509436336,0.8139509478174284,0.32601635066129053,0.5699836492393595,49.5736657171851,False,True
0.72,0.13,0.11,8.562682725489196,-1.5976444895531918,3.4825191179680024,44.10670355668908,53.617362200744054,48.86203287871656,0.8180334066568024,0.3472181124801128,0.5826257595684576,48.985979590570516,False,True
0.72,0.13,0.13,8.772084036107444,-1.8576464003585373,3.457218817874453,44.234358949433386,54.35410461738286,49.29423178340812,0.8169785723463434,0.3291554451722173,0.5730670087592804,49.41531795982931,False,True
0.72,0.13,0.15,8.557851703653228,-2.0935853778452205,3.2321331629040033,44.10677184812884,53.29053223498483,48.698652041556834,0.818032843170109,0.35515205138189754,0.5865924472760033,48.805792642342894,False,True
0.72,0.13,0.17,8.707352983044572,-2.2067686140489498,3.250292184497811,44.34975296005382,54.95314895150031,49.651450955777065,0.8160224321716103,0.314287013738057,0.5651547229548337,49.757722830717874,False,True
0.72,0.13,0.19,8.523907483502414,-2.2229576624664413,3.1504749105179863,44.17231350826833,54.324475440908394,49.248394474588366,0.8174916432476951,0.3298866191780929,0.573689131212894,49.34906129286016,False,True
0.72,0.13,0.21,8.613357991865666,-2.6449739269367325,2.984192032464467,44.45819013535478,55.02292999585825,49.740560065606516,0.8151216651647244,0.31254443302298396,0.5638330490938541,49.82999817104987,False,True
0.72,0.13,0.23,8.492135034319205,-2.747839379794596,2.872147827262304,44.33501078650375,54.05065546614903,49.19283312632639,0.8161447227491717,0.336624944401824,0.5763848335754979,49.27660767683022,False,True
0.72,0.13,0.25,8.518693922171213,-2.9099116133732417,2.804391154398986,44.385104165008364,55.105229258061925,49.74516671153515,0.8157290180993666,0.3104864038380014,0.563107710968684,49.82415298733432,False,True
0.72,0.13,0.27,8.611830061406152,-3.166381762713792,2.7227241493461802,44.495159967252214,54.25332060923294,49.374240288242575,0.8148140609740572,0.33164091417448327,0.5732274875742702,49.44925510899582,False,True
0.72,0.13,0.29,8.189711242321335,-3.8815944374456754,2.1540584024378298,44.134414573923756,54.829938751704724,49.48217666281424,0.817804685713162,0.31735843446211154,0.5675815600876368,49.52903971299132,False,True
0.72,0.13,0.31,8.17282521559296,-3.449798024745692,2.361513595423634,44.23766150630597,54.532685741083895,49.38517362369493,0.8169512424041033,0.32474006650682163,0.5708456544554625,49.44160313242142,False,True
0.72,0.13,0.33,8.016951563609691,-4.030025994562516,1.9934627845235875,44.48771212405697,53.97711092710236,49.232411525579664,0.8148760506558484,0.3384289714055181,0.5766525110306833,49.272753510406844,False,True
0.72,0.13,0.35,8.273994198568367,-3.2683753464706666,2.5028094260488505,44.04402593035401,52.78777175802741,48.41589884419071,0.8185502047644126,0.3672620726030761,0.5929061386837444,48.48054574686661,False,True
0.72,0.15,0.11,8.833082087971302,-1.2597380211129618,3.7866720334291704,44.14458127925372,52.49669383101578,48.32063755513475,0.817720735832345,0.37422081528315865,0.5959707755577518,48.468782724795695,False,True
0.72,0.15,0.13,8.526999651302008,-2.4243492929166406,3.0513251791926836,44.27959523801075,55.97688714650397,50.12824119225736,0.8166040470369219,0.28850034339570807,0.552552195216315,50.22102299215243,False,True
0.72,0.15,0.15,8.62118716164827,-1.8904772711288467,3.3653549452597122,43.90080139037183,53.402964674869345,48.65188303262059,0.8197283808402795,0.3524281787762642,0.5860782798082719,48.768138538674805,False,True
0.72,0.15,0.17,8.439467598688875,-2.8750464804622773,2.782210559113299,44.215019414440846,54.79651272259277,49.505766068516806,0.8171385735595237,0.3181904996470516,0.5676645366032876,49.58388417244006,False,True
0.72,0.15,0.19,8.56852153842269,-2.387598321171744,3.090461608625473,44.464097212690646,54.28314334238685,49.37362027753875,0.8150725330174057,0.33090592605664626,0.572989229537026,49.4702469395997,False,True
0.72,0.15,0.21,8.545137834466454,-2.5803385456952124,2.9823996443856204,44.07960739358801,54.76986204189753,49.42473471774277,0.8182569138148028,0.3188535443432786,0.5685552290790408,49.51463530672602,False,True
0.72,0.15,0.23,8.171777495518548,-2.5137804420503285,2.8289985267341096,44.161542435236285,52.831718829652786,48.496630632444536,0.8175806388655213,0.3662080954006439,0.5918943671330826,48.57907384218045,False,True
0.72,0.15,0.25,8.158676582956478,-3.261226094582019,2.448725244187229,44.30181633303242,55.726221478310755,50.01401890567159,0.8164199314671527,0.29485829653241125,0.555639113999782,50.07392876955427,False,True
0.72,0.15,0.27,8.055239459545968,-3.689697526389119,2.182770966578424,44.038992373553874,52.91089314753289,48.474942760543385,0.818591676253049,0.36430705401578467,0.5914493651344168,48.52406170891401,False,True
0.72,0.15,0.29,8.24590117069047,-3.2212290385487066,2.5123360660708816,44.36853781384749,54.348201699030966,49.35836975643923,0.815866547487029,0.32930114624244133,0.5725838468647352,49.42226722361344,False,True
0.72,0.15,0.31,8.236496044435679,-3.4799380844982535,2.3782789799687127,44.36458002251422,54.000555613720955,49.18256781811759,0.8158993964072182,0.3378541464995237,0.5768767714533709,49.240036434697096,False,True
0.72,0.15,0.33,7.988861521135027,-3.9147363988486767,2.037062561143175,44.143627164899605,56.34165004926197,50.24263860708079,0.8177286150953444,0.27919742291016125,0.5484630190027528,50.28391748938955,False,True
0.72,0.15,0.35,7.780903062862735,-4.205535009729887,1.7876840265664238,44.06189644732195,55.6321296965438,49.84701307193288,0.8184029312395189,0.29723750058908294,0.5578202159143009,49.87905899645951,False,True
0.72,0.17,0.11,8.455924774639588,-1.6006985942178469,3.4276130902108704,44.16713558607846,52.65232153176178,48.40972855892012,0.8175344283593396,0.3705050410523597,0.5940197347058497,48.5309215927795,False,True
0.72,0.17,0.13,8.399990149345046,-1.8350762032484411,3.282456973048302,44.2212938608909,54.470219135486445,49.34575649818868,0.8170866710317262,0.32628618646460494,0.5716864287481656,49.454809757580136,False,True
0.72,0.17,0.15,8.553627500069457,-2.385804918407452,3.0839112908310025,44.21418612854518,52.996328703255614,48.6052574159004,0.8171454659871955,0.36225248170158575,0.5896989738443906,48.702993309607315,False,True
0.72,0.17,0.17,8.300511577467894,-2.943501437292618,2.6785050700876383,44.48350448931293,54.82305637776906,49.653280433541,0.8149110669373496,0.31752979703377116,0.5662204319855604,49.72547282050067,False,True
0.72,0.17,0.19,8.13362570991279,-3.3097938474035846,2.411915931254603,44.07792998756261,54.00579091793166,49.04186045274714,0.8182707456597467,0.33772575141268735,0.577998248536217,49.101134560477966,False,True
0.72,0.17,0.21,8.310414992935602,-2.6942114720589916,2.808101760438305,44.0627340120872,52.727726400578376,48.39523020633278,0.8183960272810357,0.36870071513397795,0.5935483712075068,48.47663088768568,False,True
0.72,0.17,0.23,8.342814459097388,-2.3841927514108026,2.979310853843293,44.01976839617687,52.391295929471205,48.20553216282404,0.8187500190380735,0.37673105347785296,0.5977405362579633,48.29751157425082,False,True
0.72,0.17,0.25,7.952632152523301,-3.535992897621134,2.2083196274510835,44.042754237920974,52.97234024458336,48.50754724125217,0.8185606826894197,0.3628296959334667,0.5906951893114432,48.55778840659134,False,True
0.72,0.17,0.27,7.93790893693526,-3.570162534611401,2.1838732011619295,44.45022424027673,53.721712670835316,49.08596845555603,0.8151879112028086,0.3446747429453326,0.5799313270740707,49.13452555361245,False,True
0.72,0.17,0.29,7.729855874571751,-4.483060406907021,1.6233977338323649,44.18545100345842,55.71372420852353,49.94958760599097,0.8173830657689747,0.2951745339422285,0.5562787998556016,49.975961443585845,False,True
0.72,0.17,0.31,7.985054400359558,-3.950824795987566,2.017114802185996,44.426197663606295,54.81187768692665,49.61903767526647,0.8153876493061335,0.317808086720784,0.5665978680134587,49.66002065993037,False,True
0.72,0.17,0.33,8.04938066946252,-4.155653574983528,1.946863547239496,44.39241353942112,55.01429947038125,49.70335650490119,0.8156683213169571,0.31276007539144046,0.5642141983541988,49.741470882201234,False,True
0.72,0.17,0.35,7.610389882447645,-4.640156788014985,1.4851165472163301,44.132006262655665,54.39631592134771,49.264161092001686,0.8178245691107758,0.32811308713247567,0.5729688281216258,49.286541157373875,False,True
0.72,0.19,0.11,8.336559130410373,-2.5023931793120022,2.9170829755491856,43.85783103075196,53.97981182955668,48.918821430154324,0.820081109946803,0.3383627624703234,0.5792219362085632,49.00571867855388,False,True
0.72,0.19,0.13,8.412548577692762,-2.188617995091083,3.1119652913008395,44.08481523141511,52.358424153165416,48.22161969229026,0.8182139667702611,0.37751292113979873,0.5978634439550299,48.32193015311099,False,True
0.72,0.19,0.15,8.058779945195194,-2.887361783900573,2.5857090806473106,43.564151202354026,55.403475837791724,49.48381352007287,0.8224825803051772,0.3030024832757925,0.5627425317904848,49.5513238162119,False,True
0.72,0.19,0.17,8.101508063645579,-2.5052476030897326,2.798130230277923,44.3813423500326,53.97399954187401,49.1776709459533,0.8157602521801196,0.33850523865897475,0.5771327454195472,49.2572111721122,False,True
0.72,0.19,0.19,8.099938415318661,-2.540180657025024,2.7798788791468185,43.96428681841501,55.7368676860953,49.85057725225516,0.8192066183375792,0.29458884341003977,0.5568977308738094,49.92802598707249,False,True
0.72,0.19,0.21,7.980117508401455,-3.3892049383214986,2.295456285039978,44.24529569586571,56.05214522711894,50.148720461492324,0.8168880587074407,0.2865859070542083,0.5517369828808245,50.20122790810428,False,True
0.72,0.19,0.23,8.101960847390744,-3.3114933278994703,2.3952337597456372,43.93900124747135,54.80623704259207,49.37261914503171,0.8194145211421318,0.31794848709076884,0.5686815041164504,49.430685469697636,False,True
0.72,0.19,0.25,8.056340445689502,-3.5145379415550293,2.2709012520672363,43.95308549498568,55.2313679828634,49.59222673892454,0.8192987325195832,0.3073261262621628,0.563312429390873,49.64419347135718,False,True
0.72,0.19,0.27,8.003694288631499,-3.6089764439493055,2.1973589223410963,43.79199417100415,53.37894566041626,48.585469915710206,0.8206208723433375,0.3530105636368749,0.5868157179901061,48.63513414357951,False,True
0.72,0.19,0.29,7.735669821203557,-4.256486469494012,1.7395916758547725,44.15726574277233,54.396760517788664,49.277013130280494,0.8176159688693349,0.3281021040448938,0.5728590364571143,49.30770935909048,False,True
0.72,0.19,0.31,7.893077593316054,-4.126418416309,1.883329588503527,44.466749753980814,55.88811837635429,50.17743406516755,0.8150504683673162,0.2907551622544734,0.5529028153108948,50.21276550542869,False,True
0.72,0.19,0.33,7.73952898621241,-4.013717464490691,1.8629057608608597,44.02321254528771,54.67568830374042,49.34945042451407,0.818721655582083,0.32119391759732496,0.569957786589704,49.38459957390988,False,True
0.72,0.19,0.35,7.616883100110726,-4.8813344364215245,1.3677743318446005,44.25639338528672,55.021683561886505,49.63903847358661,0.8167961902151268,0.31257557852059725,0.564685884367862,49.65787900429361,False,True
0.72,0.21,0.11,8.110180399569767,-2.417296370061237,2.846442014754265,44.392296889093544,54.148872588716046,49.270584738904795,0.8156692900555651,0.33421187518091233,0.5749405826182388,49.35273804620121,False,True
0.72,0.21,0.13,7.900185024457695,-2.8464157030309236,2.5268846607133857,44.292615734010795,55.6199280431669,49.956271888588844,0.8164961753482469,0.2975457370027983,0.5570209561755226,50.02013841539386,False,True
0.72,0.21,0.15,8.264689788296655,-2.080299264573385,3.092195261861635,44.381672174177176,52.832608484845956,48.607140329511566,0.8157575137797106,0.3661867498522001,0.5909721318159553,48.705397673669694,False,True
0.72,0.21,0.17,8.166675579766935,-3.115787758394567,2.525443910686184,44.216017263771256,54.994212264988654,49.605114764379955,0.8171303197935713,0.31326184345584684,0.565196081624709,49.669359546236635,False,True
0.72,0.21,0.19,7.905546191866305,-3.347691823113115,2.2789271843765952,44.11825869559421,54.57197715149052,49.34511792354236,0.8179380504174931,0.32376665127563486,0.5708523508465639,49.39771423861627,False,True
0.72,0.21,0.21,7.846967580962762,-3.1740386479005513,2.336464466531105,44.203765691464675,53.723223375739,48.96349453360184,0.8172316464553842,0.34463788570642373,0.5809347660809039,49.01920912403035,False,True
0.72,0.21,0.23,7.805444421360301,-3.8154266364086946,1.9950088924758032,44.26572431756325,54.408754578269146,49.3372394479162,0.8167189293982824,0.3278057749115588,0.5722623521549206,49.37755823065855,False,True
0.72,0.21,0.25,7.770310683977676,-4.368043334583596,1.70113367469704,44.29579556661726,56.09510278306799,50.19544917484262,0.8164698263787429,0.28549198748284843,0.5509809069307956,50.22426678054541,False,True
0.72,0.21,0.27,7.787102084909391,-4.397174972415461,1.694963556246965,44.18592554676153,55.84014108636106,50.01303331656129,0.8173791432059336,0.29197234546578166,0.5546757443358576,50.04174660201695,False,True
0.72,0.21,0.29,7.6590056700775095,-4.027907955709446,1.815548857184032,44.300972307723086,53.345397769649104,48.82318503868609,0.8164269264285771,0.353823554976087,0.585125240702332,48.85693006088904,False,True
0.72,0.21,0.31,7.616671711675563,-4.35767996366181,1.6294958740068766,44.529052416363804,54.357653779218964,49.44335309779139,0.8145318372255708,0.3290678339920593,0.571799835608815,49.47019731470942,False,True
0.72,0.21,0.33,7.832057741949161,-4.27792512439672,1.7770663087762202,44.14016425399287,55.555879585461156,49.84802191972702,0.8177572110603802,0.2991626109991994,0.5584599110297899,49.87968778947371,False,True
0.72,0.21,0.35,7.414983717116972,-4.892970991708188,1.2610063627043924,44.10824454091534,55.76569514481731,49.93696984286632,0.8180206914672358,0.29385896853214954,0.5559398299996927,49.95288874663928,False,True
0.72,0.23,0.11,8.084121304032815,-2.7721025880049357,2.6560093580139394,44.16517592565005,54.311309410612964,49.238242668131505,0.8175506197026535,0.3302113959519839,0.5738810078273187,49.309825864179075,False,True
0.72,0.23,0.13,7.881054730571746,-2.4785749372938084,2.7012398966389686,43.823300588253886,53.33397928332329,48.57863993578859,0.8203643083192388,0.35410015117924687,0.5872322297492428,48.65368387892316,False,True
0.72,0.23,0.15,7.673770669553683,-3.0916258597014834,2.2910724049260995,43.76826608369893,54.60411926755634,49.18619267562764,0.8208152078864996,0.3229698330957662,0.5718925204911329,49.239522364545536,False,True
0.72,0.23,0.17,7.982955249483845,-3.1289434373782594,2.4270059060527926,43.93874501132864,54.35180708202405,49.145276046676344,0.8194166273525733,0.3292121568601706,0.5743143921063719,49.205167567767056,False,True
0.72,0.23,0.19,8.058464917776876,-3.1307912322140607,2.4638368427814075,43.95025687059096,56.70812203458318,50.32918945258707,0.8193219900251885,0.26979006474550404,0.5445560273853463,50.38946122893406,False,True
0.72,0.23,0.21,7.987540924714227,-3.2491284032877723,2.369206260713227,44.03521202119641,52.387935105296435,48.21157356324642,0.8186228194701406,0.376811014475947,0.5977169169730439,48.26975205809663,False,True
0.72,0.23,0.23,7.376311535301448,-3.760623997629057,1.8078437688361955,43.63171997056885,53.664751043993256,48.64823550728106,0.821931487950647,0.34606370100635964,0.5839975944785033,48.68181505515588,False,True
0.72,0.23,0.25,7.607297796947867,-4.233965717995282,1.6866660394762922,43.90886142157098,54.94184295249227,49.42535218703163,0.8196621803058439,0.3145691403487261,0.567115660327285,49.45412299435544,False,True
0.72,0.23,0.27,7.562858296320724,-4.043128635873359,1.7598648302236826,44.367030210071206,54.077837791043024,49.222434000557115,0.8158790606590072,0.33595754785169474,0.575918304255351,49.25388444742058,False,True
0.72,0.23,0.29,7.431033260267979,-4.567828183416501,1.431602538425739,43.945556611274455,55.16346994836985,49.55451327982215,0.8193606331708494,0.3090281404495602,0.5641943868102048,49.57518807052675,False,True
0.72,0.23,0.31,7.558333267011137,-4.221647724297585,1.6683427713567758,43.922719696309365,54.05324568099008,48.98798268864972,0.8195483278688884,0.3365613623759943,0.5780548451224414,49.016383133664434,False,True
0.72,0.23,0.33,7.237192349720173,-5.393379789340814,0.9219062801896794,44.131940078028606,55.20888973693366,49.67041490748113,0.8178251155261751,0.3078898249669837,0.5628574702465794,49.678969678031535,False,True
0.72,0.23,0.35,7.332517770791355,-5.159741925459302,1.0863879226660265,44.233307620656106,56.41854964376347,50.32592863220979,0.8169872720726071,0.277228462004532,0.5471078670385696,50.33765321717718,False,True
0.72,0.25,0.11,7.817616776747044,-2.77822279871708,2.5196969890149816,44.12048517165261,54.666888792470615,49.39368698206161,0.8179196740439799,0.3214123942657221,0.569666034154851,49.457913285927596,False,True
0.72,0.25,0.13,7.995716956569426,-2.3390222251549506,2.8283473657072378,44.17699884616982,53.70150357110418,48.939251208637,0.8174529240317855,0.3451676923258913,0.5813103081788384,49.02091245257662,False,True
0.72,0.25,0.15,7.8412536123288685,-2.946599319599012,2.447327146364928,44.04398370524318,55.57910925836084,49.81154648180201,0.8185505526769333,0.298576403848404,0.5585634782626687,49.871630944556614,False,True
0.72,0.25,0.17,7.797080627448014,-2.9957957014917036,2.400642462978155,43.945893941854294,54.00492464694232,48.975409294398304,0.8193578599477559,0.33774699744417924,0.5785524286959676,49.0342105043906,False,True
0.72,0.25,0.19,7.6383374946894,-3.3838671668360325,2.1272351639266835,44.11942356445536,54.41159812894239,49.265510846698874,0.8179284362077793,0.32773551164954917,0.5728319739286643,49.3114153967299,False,True
0.72,0.25,0.21,7.75119583261223,-3.6008992742309407,2.0751482791906444,44.11854125059702,54.55287752890633,49.33570938975167,0.8179357183816909,0.3242399176740911,0.571087818027891,49.379332330142525,False,True
0.72,0.25,0.23,7.540828434293561,-3.6967496475924357,1.9220393933505628,43.908600393673794,54.482225199854796,49.195412796764295,0.8196643244316725,0.32598916020069746,0.572826742316185,49.2329450233645,False,True
0.72,0.25,0.25,7.327612500955039,-4.716716125859321,1.3054481875478587,43.865812069108976,53.49388797184286,48.67985002047592,0.8200156224303607,0.3502212043489311,0.5851184133896459,48.697350985309264,False,True
0.72,0.25,0.27,7.580146486076389,-4.654852320048686,1.4626470830138514,44.400180590663545,56.989435629581955,50.69480811012275,0.8156038130495046,0.2625273487176445,0.5390655808835745,50.71590387454034,False,True
0.72,0.25,0.29,7.239910228807236,-4.578564836081885,1.3306726963626758,44.15602159658615,53.662805708275286,48.909413652430715,0.8176262461904629,0.34611111024828567,0.5818686782193743,48.9275120320809,False,True
0.72,0.25,0.31,7.364453595058566,-4.857332573799857,1.2535605106293546,44.30218782329287,56.069211786835595,50.18569980506423,0.816416852654632,0.28615140529692573,0.5512841289757788,50.20135335703444,False,True
0.72,0.25,0.33,7.2143917779480775,-4.477193979102656,1.368598899422711,43.64685476607925,53.29054620763942,48.46870048685933,0.8218079311465971,0.355151713226565,0.588479822186581,48.48801903390547,False,True
0.72,0.25,0.35,7.0957516056965515,-5.3725133002770935,0.861619152709729,44.30576276376094,54.770424477901535,49.53809362083123,0.8163872231787627,0.3188395547788201,0.5676133889787913,49.54558615205351,False,True
0.72,0.27,0.11,8.001695279448937,-2.5794274468473044,2.711133916300816,44.506861784259534,53.6425171007469,49.074689442503214,0.8147166437752205,0.34660545589443637,0.5806610498348284,49.14952076053492,False,True
0.72,0.27,0.13,7.847245754342391,-2.8809577024421116,2.48314402595014,44.02245767944211,55.22981795641827,49.62613781793019,0.8187278722868454,0.30736500445025006,0.5630464383685477,49.68822354419419,False,True
0.72,0.27,0.15,7.741423705248435,-3.182337950416088,2.2795428774161737,43.991738379861,55.71815512758268,49.85494675372184,0.8189807709297282,0.2950624197792443,0.5570215953544863,49.90703388848528,False,True
0.72,0.27,0.17,7.751656104736303,-3.3287710550056295,2.211442524865337,44.210446361350904,55.231617838503865,49.721032099927385,0.81717639743826,0.3073198592123997,0.5622481283253298,49.770186970944685,False,True
0.72,0.27,0.19,7.645844243636109,-3.821415846747859,1.912214198444125,44.09821199530936,54.711929371139114,49.40507068322424,0.8181034654746389,0.3202937438323886,0.5691986046535138,49.44206278418321,False,True
0.72,0.27,0.21,7.3584874236113,-4.084622018255104,1.6369327026780982,44.12468918887244,54.95431023496532,49.53949971191888,0.8178849733696083,0.3142580321207423,0.5660715027451753,49.56653690122307,False,True
0.72,0.27,0.23,7.22165301478517,-4.519855589787134,1.350898712499018,43.873058120979586,54.566346923559415,49.2197025222695,0.8199561554427196,0.3239061789850316,0.5719311672138756,49.238237617852796,False,True
0.72,0.27,0.25,7.25551373770242,-4.578580387815875,1.3384666749432723,43.85725077942064,54.88445116953204,49.37085097447634,0.8200858706694572,0.31600038294621446,0.5680431268078359,49.38899086824801,False,True
0.72,0.27,0.27,7.393817106908583,-4.25773987287887,1.5680386170148566,44.103905028232845,54.58157150481122,49.34273826652203,0.8180564971393429,0.32352885186478897,0.5707926745020659,49.36764694354945,False,True
0.72,0.27,0.29,7.265268621898073,-4.519587696468797,1.3728404627146382,43.890671734581645,55.40334332485518,49.64700752971841,0.8198115628650888,0.3030058174015261,0.5614086901333075,49.665984814478236,False,True
0.72,0.27,0.31,7.158271915663344,-4.98217396490823,1.088048975377557,44.01605312141531,54.85979973596732,49.43792642869131,0.8187806127957002,0.31661468386601577,0.567697648330858,49.4498980801934,False,True
0.72,0.27,0.33,7.2914844804975125,-5.1855928309484565,1.052945824774528,44.3259110246969,56.97392526146994,50.64991814308342,0.8162201876020982,0.2629287183963541,0.5395744529992261,50.66086164694557,False,True
0.72,0.27,0.35,7.250358210403333,-5.028928448756254,1.1107148808235396,44.1077596082897,57.104022975209,50.605891291749344,0.818024692860613,0.2595587286984835,0.5387917107795482,50.618078993367924,False,True
0.72,0.29,0.11,7.63665590052423,-2.922740354287791,2.356957773118219,43.672826357136266,54.659465583836884,49.166145970486575,0.8215958055092702,0.32159667237182854,0.5715962389405493,49.22260821548829,False,True
0.72,0.29,0.13,7.526977040557928,-3.2952362060849776,2.1158704172364753,43.980941258235895,54.40267150961417,49.191806383925034,0.8190696170110519,0.32795607333579957,0.5735128451734257,49.23728996336115,False,True
0.72,0.29,0.15,7.520553864560623,-3.4090049971418033,2.0557744337094097,43.939491997512505,55.8165644912408,49.87802824437665,0.8194104872395135,0.2925701003073813,0.5559902937734473,49.92037570040041,False,True
0.72,0.29,0.17,7.407633892214806,-3.5413720492524594,1.9331309214811732,43.96720277697158,53.2774614353717,48.62233210617164,0.8191826350761936,0.355468341885845,0.5873254884810193,48.660745725917884,False,True
0.72,0.29,0.19,7.727259339781105,-3.750498704830169,1.988380317475468,43.842706061712775,54.94148695942131,49.39209651056704,0.8202051834973919,0.3145780227535754,0.5673916031254836,49.43210347533365,False,True
0.72,0.29,0.21,7.318915170305269,-4.334241565698544,1.4923368023033627,44.10005135505452,58.240742391767185,51.17039687341085,0.8180882911568667,0.22978670367190313,0.5239374974143849,51.19215355221818,False,True
0.72,0.29,0.23,7.268598267174651,-4.177484744610799,1.5455567612819259,44.07433807819719,54.036183158366946,49.05526061828206,0.8183003626773483,0.3369801401935866,0.5776402514354675,49.0796020769313,False,True
0.72,0.29,0.25,7.220256082119228,-4.416656849621868,1.40179961624868,44.36507729229241,54.375749039205644,49.37041316574903,0.8158952693229842,0.3286210629522408,0.5722581661376125,49.39031016627533,False,True
0.72,0.29,0.27,7.269335037741429,-4.578778314382381,1.345278361679524,44.117053708811355,55.017840146773445,49.5674469277924,0.8179479954721458,0.312671612119066,0.5653098037956059,49.585699236875946,False,True
0.72,0.29,0.29,7.233158678351047,-5.058243610432687,1.08745753395918,43.85106629988983,56.03434871132903,49.942707505609434,0.8201366078579069,0.2870388520606024,0.5535877299592546,49.954545307499515,False,True
0.72,0.29,0.31,7.136382520430612,-5.1484602041971295,0.9939611581167411,44.00010614807465,55.14590747353133,49.573006810802994,0.8189119002250602,0.30946804186119914,0.5641899710431297,49.58297049439218,False,True
0.72,0.29,0.33,7.227537477889386,-5.2857023303048525,0.9709175737922666,44.03754293251939,54.95108225169132,49.49431259210536,0.8186036173228702,0.31433858989979313,0.5664711036113317,49.50383479994391,False,True
0.72,0.29,0.35,6.942484976756361,-5.509432667147596,0.7165261548043822,44.34706451825512,54.78670599120559,49.56688525473035,0.8160447366021367,0.3184345197126234,0.56723962815738,49.572063943173916,False,True
0.74,0.05,0.11,6.6385531690457755,-3.7988472944261886,1.4198529373097935,42.64281744718661,54.66689673452628,48.654857090856446,0.8299117763688441,0.3214121970940502,0.5756619867314472,48.67556985691334,False,True
0.74,0.05,0.13,6.8149010528298986,-3.5581253885092763,1.6283878321603111,43.0645754984338,53.858033959846374,48.46130472914008,0.8265306287676798,0.3413446879320269,0.5839376583498533,48.48865540497594,False,True
0.74,0.05,0.15,6.98664429444132,-3.5545505538437765,1.716046870298772,43.45370376409202,52.74058867363025,48.097146218861134,0.8233815529649984,0.36839268235071887,0.5958871176578586,48.127749700765875,False,True
0.74,0.05,0.17,6.385627189898632,-4.440828964066365,0.9723991129161336,42.855549999331174,54.447464238864384,48.65150711909778,0.8282105024834452,0.3268489558572911,0.5775297291703682,48.66122383370996,False,True
0.74,0.05,0.19,6.471020659171247,-4.119172291118241,1.1759241840265027,42.96126891967395,52.749241412122984,47.85525516589847,0.8273618935598039,0.3681854195423919,0.5977736565510979,47.869700695532146,False,True
0.74,0.05,0.21,6.271632939960711,-5.172694219701879,0.5494693601294163,42.779494108547915,55.72504301640097,49.25226856247444,0.8288197122346066,0.29488811997387065,0.5618539161042386,49.25533346885217,False,True
0.74,0.05,0.23,6.3009933271308824,-4.88078648303019,0.7101034220503464,43.13523352969646,56.648114377623074,49.89167395365976,0.825960923415696,0.2713346407909998,0.548647782103348,49.896727114794814,False,True
0.74,0.05,0.25,6.379723919025373,-5.223980261149894,0.5778718289377398,43.39426983061616,55.25368370579587,49.323976768206016,0.8238643633762259,0.30676627625130404,0.565315319813765,49.327361779049234,False,True
0.74,0.05,0.27,6.04851947242598,-5.414194356058976,0.3171625581835018,43.01388381592169,55.36185234644868,49.18786808118519,0.8269387729913252,0.30404936965989404,0.5654940713256096,49.188890600016485,False,True
0.74,0.05,0.29,6.025844254127074,-5.69968268775812,0.16308078318447716,42.91441946304301,52.445048606663434,47.679734034853226,0.8277382135188195,0.37545146837286825,0.6015948409458438,47.68001292969817,False,True
0.74,0.05,0.31,6.246218700565845,-5.082281062134264,0.5819688192157906,42.8185961789317,53.24625392634723,48.03242505263947,0.8285066387465999,0.35622319528900914,0.5923649170178045,48.03595053857025,False,True
0.74,0.05,0.33,6.047357467751495,-6.205745861975495,-0.07919419711199982,43.17302505934908,56.435134530467046,49.80407979490806,0.8256558324918248,0.2768034654026311,0.5512296489472279,49.80414275879493,False,True
0.74,0.05,0.35,5.979700025851186,-5.62662695464893,0.17653653560112836,42.68002760375404,54.04103877030313,48.36053318702859,0.829614808618588,0.33686097886127875,0.5832378937399334,48.360855402712794,False,True
0.74,0.07,0.11,6.482254789415208,-3.659915057950859,1.4111698657321745,42.92701599142551,54.93228855061082,48.92965227101817,0.8276370718060031,0.3148075128574356,0.5712222923317194,48.949997668566894,False,True
0.74,0.07,0.13,6.850651497104204,-3.8294529335227554,1.5105992817907243,43.16382137674872,51.541588330402845,47.35270485357579,0.8257301584091074,0.3967840689539819,0.6112571136815446,47.37679355064045,False,True
0.74,0.07,0.15,6.388259475367791,-4.209113938111123,1.0895727686283339,42.864696770207026,54.18296084421602,48.52382880721152,0.8281371637043119,0.3333733462006674,0.5807552549524897,48.53606010926007,False,True
0.74,0.07,0.17,6.185261093183216,-4.577452055947026,0.8039045186180953,42.74473456908496,54.429651580720005,48.58719307490249,0.8290977767961776,0.3272893307476098,0.5781935537718936,48.59384316323321,False,True
0.74,0.07,0.19,6.32074675272056,-4.432873107526412,0.9439368225970743,42.609812068466155,55.20247075658696,48.90614141252656,0.8301749697520531,0.3080507549681416,0.5691128623600974,48.91525002069498,False,True
0.74,0.07,0.21,6.009452106788479,-4.771063298635654,0.6191944040764126,42.95545235252255,53.17620659318708,48.065829472854816,0.8274086376708174,0.3579159035290117,0.5926622705999145,48.069817605474626,False,True
0.74,0.07,0.23,6.157678759180682,-4.8818271043039445,0.6379258274383686,42.91196738508649,54.51218458602454,48.712075985555515,0.8277578986161351,0.32524768890660993,0.5765027937613725,48.716252895556806,False,True
0.74,0.07,0.25,6.169122774757666,-4.621098933670392,0.7740119205436371,42.96018228947377,54.110905590996815,48.53554394023529,0.827370626607614,0.3351451952321549,0.5812579109198844,48.54171525634065,False,True
0.74,0.07,0.27,6.190554018669288,-5.090561550693697,0.5499962339877955,42.878346395314296,55.26586589186617,49.07210614359023,0.8280276919494773,0.30646055787658777,0.5672441249130326,49.07518820366547,False,True
0.74,0.07,0.29,5.898575286171837,-5.581638136199514,0.1584685749861614,42.93033505663995,55.69563917473268,49.31298711568631,0.8276104169872401,0.2956320414488941,0.5616212292180671,49.31324173648598,False,True
0.74,0.07,0.31,5.766832580684931,-5.903441294902411,-0.06830435710873983,43.07827795087755,55.859137977007336,49.46870796394244,0.826420220900577,0.2914905196116524,0.5589553702561147,49.4687551198433,False,True
0.74,0.07,0.33,6.376021944857168,-5.719814083673837,0.32810393059166554,42.92039917901057,54.978417914205494,48.94940854660803,0.8276902040929065,0.3136562495332621,0.5706732268130843,48.95050816132569,False,True
0.74,0.07,0.35,6.001500162863198,-5.908476606627313,0.04651177811794227,42.90848260789903,53.88835709254045,48.39841985021974,0.8277858722100192,0.34060280734665405,0.5841943397783367,48.39844219955481,False,True
0.74,0.09,0.11,6.474936649037984,-3.488037965770812,1.493449341633586,42.961952716750204,53.868172762098524,48.415062739424364,0.8273563978947607,0.34109668019626216,0.5842265390455115,48.43809132282591,False,True
0.74,0.09,0.13,6.1391739221943675,-3.8993555135113294,1.119909204341519,42.83339421064027,52.66892846474443,47.75116133769235,0.8283880826542676,0.370107883665049,0.5992479831596582,47.76429216186809,False,True
0.74,0.09,0.15,6.136564725893498,-4.499533908545901,0.8185154086737985,42.81779174749346,55.536505437101546,49.1771485922975,0.8285130823653861,0.29965133550805956,0.5640822089367228,49.18395989693331,False,True
0.74,0.09,0.17,6.455179663755146,-4.021298578069262,1.2169405428429423,43.12488018974946,54.35304270426331,48.73896144700639,0.8260444592786909,0.3291816574216919,0.5776130583501914,48.75415169211326,False,True
0.74,0.09,0.19,6.210802056207554,-4.7230268195971385,0.7438876183052079,42.83300488808528,54.433426067787515,48.633215477936396,0.8283912022803315,0.32719602771563217,0.5777936149979819,48.6389043514763,False,True
0.74,0.09,0.21,5.984723519826043,-4.861614954148343,0.5615542828388502,43.03704182449178,53.76173571242757,48.39938876845967,0.8267523758618991,0.3436979356629376,0.5852251557624184,48.40264637778677,False,True
0.74,0.09,0.23,5.881371643650693,-5.156012894280831,0.36267937468493106,42.954453830347724,53.897652436697655,48.426053133522686,0.8274166615322835,0.34037530542214556,0.5838959834772146,48.42741122979407,False,True
0.74,0.09,0.25,6.128687334749204,-5.070508609072151,0.5290893628385263,42.919498286842675,54.77750701420433,48.8485026505235,0.8276974375259314,0.3186633773782306,0.573180407452081,48.8513679107563,False,True
0.74,0.09,0.27,6.139403022273551,-4.97712214290313,0.5811404396852105,42.61909986901583,54.465295467682736,48.54219766834928,0.8301009270451063,0.3264079775329647,0.5782544522890355,48.54567620997499,False,True
0.74,0.09,0.29,6.095539676434021,-5.146803755643766,0.47436796039512785,43.091096553618435,52.685946221288795,47.888521387453615,0.826316902876417,0.36970077143581115,0.5980088371561141,47.89087079641016,False,True
0.74,0.09,0.31,5.876872773925624,-5.7533293637832434,0.06177170507119012,42.90772611487696,53.343681964295506,48.12570403958623,0.8277919445588707,0.3538651216423687,0.5908285331006198,48.125743683078746,False,True
0.74,0.09,0.33,5.709993610640183,-6.421157969649596,-0.3555821795047067,43.01484400517466,55.770444402326405,49.392644203750535,0.8269310464914027,0.29373868711565365,0.5603348668035282,49.39392412154224,False,True
0.74,0.09,0.35,5.610395536716354,-6.32072667536703,-0.3551655693253384,43.16806551821435,55.15615885944114,49.16211218882775,0.8256958860856813,0.3092112841839886,0.567453585134835,49.16339509684538,False,True
0.74,0.11,0.11,6.389675298102597,-3.7226020002829,1.3335366489098486,42.96070055336511,54.8635646796412,48.91213261650316,0.8273664614432359,0.3165208812811535,0.5719436713621947,48.93030796028549,False,True
0.74,0.11,0.13,6.40613768245598,-4.299628297020437,1.0532546927177715,42.745680454200134,54.06702771265321,48.40635408342667,0.8290902130267775,0.3362230034906146,0.5826566082586961,48.41781140342683,False,True
0.74,0.11,0.15,5.797906844349378,-4.673889860108893,0.5620084921202424,42.404691995608026,54.948431345083314,48.67656167034567,0.8318060812567036,0.3144047425739974,0.5731054119153505,48.67980597323885,False,True
0.74,0.11,0.17,5.9843794749394705,-4.887908675091593,0.5482353999239389,42.680409063075615,54.61006207784762,48.64523557046162,0.8296117629171857,0.322822456639813,0.5762171097784994,48.648324799107264,False,True
0.74,0.11,0.19,5.867512673809976,-4.646641989724255,0.6104353420428605,42.9593651476092,53.236283174679855,48.09782416114453,0.82737719368154,0.356464276573758,0.591920735127649,48.101697686705336,False,True
0.74,0.11,0.21,6.135753860168886,-4.839153298944884,0.6483002806120006,42.93817704819063,52.061749278239034,47.49996316321483,0.8275474311696865,0.38454724541949137,0.606047338294589,47.50438710014694,False,True
0.74,0.11,0.23,5.727140526882339,-5.314077839873059,0.20653134350463986,42.959369252397416,55.54114740632667,49.25025832936204,0.8273771606931524,0.299534254579482,0.5634557076363171,49.250691372860395,False,True
0.74,0.11,0.25,5.6733882412988645,-5.848176551282696,-0.08739415499191594,42.8772693089368,55.53414701847564,49.20570816370622,0.82803633158787,0.2997108163936867,0.5638735739907783,49.20578577393263,False,True
0.74,0.11,0.27,5.907807312398382,-5.46772715001255,0.22004008119291596,42.659245998086284,55.10992532837038,48.884585663228336,0.8297806949125717,0.31036887806626423,0.570074786489418,48.88508088469161,False,True
0.74,0.11,0.29,5.752300213849289,-5.693319782415341,0.029490215716974078,42.877513245929514,53.41265529310936,48.14508426951944,0.82803437491385,0.35219313786750805,0.5901137563906791,48.1450933013111,False,True
0.74,0.11,0.31,5.803983342770379,-5.854632793366835,-0.025324725298228046,42.835203998669584,54.8181181882015,48.82666109343555,0.8283735805228942,0.3176527385724277,0.573013159547661,48.82666766097113,False,True
0.74,0.11,0.33,5.749653528625432,-6.636560072836768,-0.4434532721056681,42.90783402048072,56.26124989313104,49.58454195680588,0.8277910784100793,0.2812531415537888,0.554522109981934,49.58652490214235,False,True
0.74,0.11,0.35,5.575696098178363,-6.696735849161538,-0.5605198754915874,43.085502480937095,55.58071671146357,49.33310959620033,0.826361994920036,0.29853583026398334,0.5624489125920097,49.33629379028723,False,True
0.74,0.13,0.11,5.9560926843530355,-4.41240623411564,0.771843225118698,42.92554510699752,54.97247791778679,48.949011512392154,0.8276488835566074,0.3138045498786216,0.5707267167176144,48.9550964660929,False,True
0.74,0.13,0.13,5.994639859982509,-4.410085455957637,0.792277202012436,42.6363328936255,54.268501787128386,48.45241734037694,0.8299635019536701,0.3312668210254909,0.5806151614895805,48.458894429102365,False,True
0.74,0.13,0.15,6.3546311210081505,-3.8493841410194185,1.252623489994366,43.282777545163384,53.10207611066162,48.1924268279125,0.8247682862783745,0.3597048550114942,0.5922365706449344,48.20870325129464,False,True
0.74,0.13,0.17,6.025676327230148,-5.008414034053446,0.5086311465883506,43.00790105988465,55.45434627174484,49.23112366581475,0.826986911452847,0.3017219555334044,0.5643544334931256,49.233751055978104,False,True
0.74,0.13,0.19,5.972038251182077,-5.044978833856844,0.46352970866261645,42.980283820799755,55.05632777333324,49.018305797066496,0.8272090385312111,0.31170963720174616,0.5694593378664786,49.02049737615415,False,True
0.74,0.13,0.21,5.641544455358264,-5.286841961828365,0.17735124676494918,42.90158601341808,55.04304976749459,48.97231789045634,0.8278412270248939,0.31204158892385947,0.5699414079743768,48.97263902454756,False,True
0.74,0.13,0.23,5.750134139656892,-5.046702971710508,0.351715583973192,42.58052993429578,54.53087333754284,48.55570163591931,0.8304083024223055,0.32478495052970213,0.5775966264760037,48.55697545367119,False,True
0.74,0.13,0.25,5.624587813578579,-5.6697957944143935,-0.022603990417907394,42.87501803436272,55.35886957467301,49.11694380451786,0.8280543890470908,0.30412436014117594,0.5660893745941333,49.11694900578158,False,True
0.74,0.13,0.27,5.558968613454657,-5.643994336006076,-0.0425128612757093,42.73688498043158,53.544703333144994,48.14079415678829,0.8291605395663213,0.3489861313998246,0.589073335483073,48.14081292821752,False,True
0.74,0.13,0.29,5.512730874499401,-6.126339162962573,-0.30680414423158586,43.10606844868463,53.990777267399956,48.548422858042294,0.8261961903832046,0.33809392570856533,0.5821450580458849,48.549392280297404,False,True
0.74,0.13,0.31,5.450854243154247,-6.256149851803721,-0.402647804324737,42.513112694907136,55.321208237089,48.917160465998066,0.8309449022676422,0.305070864031428,0.5680078831495351,48.91881757882678,False,True
0.74,0.13,0.33,5.503080307582088,-6.345987313640725,-0.4214535030293183,42.68005166145009,55.90392820242651,49.2919899319383,0.8296146165345369,0.2903538381861459,0.5599842273603415,49.29379164261481,False,True
0.74,0.13,0.35,5.36074362333787,-6.184362296803163,-0.4118093367326465,42.85444820574153,55.30279171501904,49.07861996038028,0.8282193356046645,0.30553347314319845,0.5668764043739315,49.08034763676046,False,True
0.74,0.15,0.11,5.954720484138528,-4.278000197667827,0.8383601432353509,42.534524745519505,53.1247653054067,47.8296450254631,0.8307745676271827,0.3591575737757001,0.5949660707014415,47.83699186813038,False,True
0.74,0.15,0.13,5.883337297893357,-4.39458622520493,0.7443755363442137,42.61455666700545,54.76498435325685,48.689770510131154,0.83013714764435,0.31897486188039303,0.5745560047623715,48.69546023263714,False,True
0.74,0.15,0.15,5.820454128940191,-5.178449608631953,0.3210022601541187,42.79972595046015,54.28254186028029,48.541133905370216,0.8286577602739438,0.3309207537124763,0.57978925699321,48.54219528688527,False,True
0.74,0.15,0.17,5.749411153857174,-4.676176168696614,0.5366174925802802,43.023265066340215,54.11254208172951,48.56790357403486,0.8268632760768958,0.33510497985717724,0.5809841279670365,48.57086797567129,False,True
0.74,0.15,0.19,5.783040960672915,-5.0534123526226695,0.3648143040251228,42.982007809860775,54.6732370170973,48.827622413479034,0.8271951765612431,0.3212547823448798,0.5742249794530614,48.828985244726326,False,True
0.74,0.15,0.21,5.771109289742816,-5.822791300758707,-0.02584100550794588,43.121727329407975,54.52410307392922,48.82291520166859,0.8260698941308802,0.3249526023504653,0.5755112482406728,48.82292204023524,False,True
0.74,0.15,0.23,5.596416834208593,-5.243804714179913,0.17630606001434002,42.63908351036421,54.07111405320675,48.35509878178548,0.8299415619652794,0.33612266428295823,0.5830321131241187,48.35542019280806,False,True
0.74,0.15,0.25,5.482624962232524,-5.593431000417956,-0.055403019092715944,42.96982195569765,54.171747155984086,48.570784555840866,0.8272931466645367,0.3336492473252646,0.5804711969949006,48.5708161539873,False,True
0.74,0.15,0.27,5.542001895826014,-5.7889793050447,-0.12348870460934291,42.742985659250024,55.20160976585613,48.97229771255308,0.8291117615111308,0.3080723394092719,0.5685920504602013,48.97245340706444,False,True
0.74,0.15,0.29,5.435592358988398,-6.0646047986439315,-0.31450621982776683,42.78144443903251,56.05979903379804,49.42062173641528,0.8288041035533495,0.2863910632591615,0.5575975834062555,49.42162246402027,False,True
0.74,0.15,0.31,5.6148613770832165,-6.113294503410961,-0.24921656316387208,43.04199904404391,54.20844716256437,48.62522310330414,0.8267124625251421,0.3327460694827763,0.5797292660039592,48.62586174806013,False,True
0.74,0.15,0.33,5.168455129705957,-6.530680479569805,-0.6811126749319238,42.9362545877738,54.710405709484455,48.823330148629125,0.8275628731766984,0.3203316013143003,0.5739472372454993,48.82808086826668,False,True
0.74,0.15,0.35,5.157068062888781,-6.6250878459417,-0.7340098915264597,42.962226808851526,56.88743854361993,49.924832676235724,0.8273541949968178,0.2651647760886675,0.5462594855427427,49.930228201671504,False,True
0.74,0.17,0.11,5.997432559551061,-3.9085163662875106,1.0444580966317754,42.6248347293885,55.62794537426573,49.126390051827116,0.8300552004568711,0.2973432119545024,0.5636992062056867,49.13749171701663,False,True
0.74,0.17,0.13,5.803689129970474,-4.5863951914555745,0.6086469692574497,43.24757238076641,53.99074388597197,48.61915813336919,0.8250532288239437,0.33809474419513785,0.5815739865095408,48.62296770797465,False,True
0.74,0.17,0.15,5.711059360705155,-5.551557127527777,0.07975111658868927,43.093603024062176,55.086741895318745,49.090172459690464,0.8262966971148906,0.31094897879989625,0.5686228379573934,49.0902372408481,False,True
0.74,0.17,0.17,5.733320867775053,-5.25123621960726,0.24104232408389636,42.94308017845439,54.273529717192936,48.60830494782366,0.8275080440440691,0.3311429001762275,0.5793254721101483,48.608902593070525,False,True
0.74,0.17,0.19,5.945101675002041,-4.981536797541548,0.48178243873024673,42.68370788988234,54.01347870220391,48.34859329604313,0.8295854228225901,0.33753718704392566,0.5835613049332579,48.35099366119021,False,True
0.74,0.17,0.21,5.4280256125710995,-5.672276952838763,-0.12212567013383158,43.01146996741018,56.009371345945844,49.51042065667801,0.8269581961090124,0.28767431664841925,0.5573162563787158,49.51057127806661,False,True
0.74,0.17,0.23,5.316890995466745,-6.044679213676383,-0.3638941091048187,42.757325734155536,53.28301623510394,48.02017098462974,0.8289970778419044,0.3553339349217495,0.592165506381827,48.02154974920861,False,True
0.74,0.17,0.25,5.572002060968282,-5.703724922779344,-0.06586143090553076,42.7825748724226,54.76393666918726,48.77325577080493,0.8287950562611446,0.3190009183970455,0.573897987329095,48.77330023909021,False,True
0.74,0.17,0.27,5.221453875456755,-6.6619515101661335,-0.720248817354689,42.97019638172046,54.24162702302103,48.60591170237075,0.82729013682093,0.3319289950601291,0.5796095659405296,48.61124778050408,False,True
0.74,0.17,0.29,5.308911903454753,-6.184481897597554,-0.4377849970714007,43.21450149238111,53.35559534655323,48.285048419467174,0.8253206858264344,0.3535764834726487,0.5894485846495415,48.287033006532404,False,True
0.74,0.17,0.31,5.394047834896223,-6.5349524266854,-0.5704522958945888,43.173027747131705,55.47866648594659,49.32584711653915,0.8256558107838607,0.30110934365887276,0.5633825772213668,49.329145640139416,False,True
0.74,0.17,0.33,5.324391452547265,-6.770169901355502,-0.7228892244041187,42.959441444760245,55.203431638443625,49.08143654160193,0.8273765805141908,0.30802666592818384,0.5677016232211873,49.0867597404642,False,True
0.74,0.17,0.35,5.125761020072039,-7.162996130713956,-1.0186175553209584,43.050149473589215,55.46315858196711,49.25665402777816,0.8266468288826732,0.30150000965943424,0.5640734192710537,49.26718530356938,False,True
0.74,0.19,0.11,5.685135550691767,-4.840604624374804,0.42226546315848124,42.94332639954319,54.838697828604175,48.89101211407368,0.8275060660173982,0.3171403132057131,0.5723231896115557,48.89283560665996,False,True
0.74,0.19,0.13,5.605414090712557,-5.161272319534648,0.2220708855889546,42.706619342530516,55.01127817824209,48.8589487603863,0.8294024259083728,0.31283555742382285,0.5711189916660978,48.859453429692394,False,True
0.74,0.19,0.15,5.730166957025242,-5.011951531648647,0.35910771268829755,42.65069224784082,53.78118736799811,48.21593980791947,0.8298489505703319,0.34322293346989197,0.5865359420201119,48.21727708934034,False,True
0.74,0.19,0.17,5.37114831794369,-5.680322021997627,-0.15458685202696865,42.79673633047155,55.80357202204289,49.30015417625722,0.8286816964222615,0.2928994000963009,0.5607905482592812,49.30039653894837,False,True
0.74,0.19,0.19,5.304549228168807,-5.6977283118530675,-0.19658954184213018,42.65617539969953,54.29905174897372,48.47761357433662,0.829805198688969,0.3305136945227376,0.5801594466058533,48.478012183985726,False,True
0.74,0.19,0.21,5.7014420655235325,-5.438612066657997,0.13141499943276758,42.83747064577247,55.30386944620669,49.07067004598958,0.8283554166397944,0.3055064055936453,0.5669309111167198,49.07084601537307,False,True
0.74,0.19,0.23,5.43606571768768,-5.4028071790020205,0.016629269342829822,42.88595108985462,53.245689697444696,48.06582039364966,0.827966686199288,0.356236838898791,0.5921017625490395,48.06582327025291,False,True
0.74,0.19,0.25,5.44576026526515,-5.509425785848372,-0.031832760291611084,42.940748649773944,54.46845160703625,48.7046001284051,0.8275267739080279,0.32632990903562,0.5769283414718239,48.704610531164974,False,True
0.74,0.19,0.27,5.314761656837478,-6.509648999835928,-0.5974436714992253,42.65673723592207,55.20910989127445,48.932923563598266,0.8298007152943326,0.30788430515436416,0.5688425102243484,48.93657065448666,False,True
0.74,0.19,0.29,5.307849232849948,-5.913806325420354,-0.3029785462852028,42.79097234642115,51.85414910284679,47.32256072463397,0.8287278405704381,0.3894457883639071,0.6090868144671726,47.323530611485225,False,True
0.74,0.19,0.31,5.160693925101452,-6.603915564925947,-0.7216108199122475,42.83890168496448,55.38567763825569,49.11228966161009,0.828343948445012,0.30345022804662036,0.5658970882458162,49.11759071841073,False,True
0.74,0.19,0.33,4.563773686429813,-7.179962501552565,-1.3080944075613763,42.50663218959374,53.94396238209494,48.225297285844334,0.8309964383179755,0.33924129287860094,0.5851188655982882,48.24303482666859,False,True
0.74,0.19,0.35,5.128130337730953,-7.120120882800209,-0.9959952725346279,42.9918278566214,54.82076193311583,48.906294894868616,0.827116206527812,0.31758692107770325,0.5723515638027576,48.91643575452696,False,True
0.74,0.21,0.11,5.327674598427541,-5.198346169995931,0.06466421421580515,42.64382457400234,53.58447138344442,48.11414797872338,0.829903742076357,0.3480187465852068,0.5889612443307819,48.11419143224888,False,True
0.74,0.21,0.13,5.559405465402388,-5.168308822312668,0.19554832154485968,42.892712457274115,54.511509770536,48.70211111390506,0.8279124366324009,0.32526439454758127,0.5765884155899911,48.70250369434013,False,True
0.74,0.21,0.15,5.555206161582865,-5.004114818219877,0.27554567168149413,43.123496135520185,54.237910066258586,48.68070310088939,0.8260556249926467,0.3320205522679206,0.5790380886302837,48.681482925380614,False,True
0.74,0.21,0.17,5.311668294333952,-5.541788287204389,-0.11505999643521836,42.89547851724423,54.94036031319373,48.917919415218975,0.8278902407934634,0.3146061333930915,0.5712481870932775,48.91805473152665,False,True
0.74,0.21,0.19,5.3634777679436025,-5.6862587418717485,-0.161390486964073,42.90122149176948,54.04745021462447,48.474335853196976,0.8278441525732929,0.33670361952036687,0.58227388604683,48.47460451925132,False,True
0.74,0.21,0.21,5.222039167332782,-6.1784921450241725,-0.4782264888456953,42.966408140947195,54.53199982669579,48.74920398382149,0.82732058758731,0.32475705329501714,0.5760388204411635,48.75154961261099,False,True
0.74,0.21,0.23,5.140378108690165,-5.789109502861305,-0.32436569708556995,42.71978134232644,53.84657443488577,48.283177888606104,0.8292972547999047,0.3416249459898397,0.5854611003948722,48.284267418365445,False,True
0.74,0.21,0.25,5.0353062197100495,-6.055070585451017,-0.5098821828704838,42.82397972921968,56.22831764319257,49.52614868620613,0.8284635125698406,0.282094325270261,0.5552789189200509,49.52877328915593,False,True
0.74,0.21,0.27,5.255970113698915,-6.163657195722722,-0.4538435410119037,43.120195541053754,53.119671585285424,48.11993356316959,0.8260822507499259,0.3592804586656171,0.5926813547077715,48.1220737300833,False,True
0.74,0.21,0.29,4.812954748088039,-7.240553480531537,-1.2137993662217488,42.7332890827931,56.157567696464895,49.445428389629,0.8291892873502558,0.2838998153039528,0.5565445513271043,49.46032447867047,False,True
0.74,0.21,0.31,5.143970541802663,-6.478038578016202,-0.6670340181067695,42.67915221249302,53.28692863765458,47.9830404250738,0.8296217979382443,0.3552392598851669,0.5924305289117056,47.9876765723824,False,True
0.74,0.21,0.33,4.87858161927837,-7.456516453294117,-1.288967417007873,43.088701640411664,56.70372709778504,49.89621436909835,0.8263362082279806,0.26990324437623514,0.5481197263021078,49.9128605208029,False,True
0.74,0.21,0.35,4.6953079328123835,-7.626566385267081,-1.4656292262273487,43.06212587167906,54.61217354440632,48.83714970804269,0.8265503629980657,0.3227700902690517,0.5746602266335588,48.85913692068809,False,True
0.74,0.23,0.11,5.432420964501754,-4.69855804742253,0.36693145853961173,42.419825705777626,52.649240106770215,47.534532906273924,0.8316860071748379,0.37057872003483994,0.6011323636048389,47.535949104997414,False,True
0.74,0.23,0.13,5.508265108292811,-5.54320245913465,-0.017468675420919677,42.91516670995275,55.72662130913278,49.32089400954277,0.8277322144532414,0.29484817783457384,0.5612901961439076,49.32089710310603,False,True
0.74,0.23,0.15,5.0484289182092486,-5.5519274320132945,-0.251749256902023,42.888853120504805,54.855978001128804,48.872415560816805,0.82794340291754,0.3167098948041698,0.5723266488608549,48.87306395590028,False,True
0.74,0.23,0.17,5.271278747778085,-5.447454062090417,-0.08808765715616573,42.673486730255476,52.938175871884106,47.80583130106979,0.8296670289496062,0.36365131354991487,0.5966591712497605,47.80591245674208,False,True
0.74,0.23,0.19,5.137940341098191,-6.081822059909316,-0.4719408594055623,42.556430507239604,53.43558887288204,47.99600969006082,0.8306002167159032,0.35163672591932094,0.5911184713176121,47.998329912020786,False,True
0.74,0.23,0.21,5.247328436717337,-5.796395689292597,-0.2745336262876297,43.044388171291516,53.652241901023515,48.348315036157516,0.8266932246887619,0.3463685278845705,0.5865308762866662,48.34909446460706,False,True
0.74,0.23,0.23,5.291431012748622,-6.046058742186827,-0.37731386471910255,42.726478054826096,55.40480022248241,49.06563913865425,0.8292437322035374,0.3029691603169131,0.5661064462602252,49.06708988555515,False,True
0.74,0.23,0.25,5.238674279104254,-6.499616082067177,-0.6304709014814613,42.83790679829998,54.931755757007124,48.884831277653554,0.8283519214007502,0.3148208042899856,0.5715863628453679,48.88889672105794,False,True
0.74,0.23,0.27,5.255492527864005,-6.292450159545308,-0.5184788158406515,42.865198967614596,53.715994560380324,48.290596763997456,0.8281331366338813,0.34481424046286635,0.5864736885483739,48.29338004432365,False,True
0.74,0.23,0.29,4.8864254474722415,-7.028682064513976,-1.0711283085208674,42.55039051304495,55.23557592416917,48.89298321860706,0.8306482988076753,0.30722057602343966,0.5689344374155575,48.90471474069045,False,True
0.74,0.23,0.31,4.725286870932761,-7.5684433209497675,-1.4215782250085032,42.9221792971842,56.29821105945651,49.61019517832035,0.8276759107421507,0.2803084612103247,0.5539921859762378,49.630558633576335,False,True
0.74,0.23,0.33,4.75455560956996,-7.387924246098239,-1.3166843182641395,43.03201825196329,55.51514948943734,49.273583870700314,0.8267928187535775,0.30018985458154823,0.5634913366675629,49.291172891876904,False,True
0.74,0.23,0.35,4.4677742931693825,-7.547978817567097,-1.5401022621988574,42.67868759612368,56.43443638432611,49.55656199022489,0.8296255074810385,0.27682135828978327,0.5532234328854109,49.58048760620485,False,True
0.74,0.25,0.11,5.3914159030449555,-4.936059928056559,0.22767798749419832,42.666948172736454,54.512924518645,48.58993634569073,0.8297192227912294,0.32522937099702764,0.5774742968941285,48.590469758423474,False,True
0.74,0.25,0.13,5.172443682687793,-5.241555257285438,-0.03455578729882269,42.96735162232796,54.967281162437445,48.9673163923827,0.827313003914099,0.3139342810262048,0.5706236424701518,48.96732858523269,False,True
0.74,0.25,0.15,5.2384456692063965,-4.870871330914596,0.1837871691459001,42.70994819964375,52.94077368348016,47.825360941561954,0.829375829699652,0.36358885750450587,0.596482343602079,47.82571407636505,False,True
0.74,0.25,0.17,5.149154755561948,-5.9011569860365025,-0.3760011152372771,42.58401687430471,53.91644308228115,48.25022997829293,0.8303805253941852,0.339915287817527,0.585147906605856,48.251694994029144,False,True
0.74,0.25,0.19,4.950471665674487,-6.125323064646657,-0.5874256994860847,42.70428044916086,56.378818466971566,49.541549458066214,0.8294211114711676,0.2782460866163424,0.5538335990437551,49.54503195738638,False,True
0.74,0.25,0.21,4.917144822571002,-5.8241070776947526,-0.4534811275618753,42.87749482277522,54.65318489351447,48.76533985814484,0.8280345226905433,0.3217525683862261,0.5748935455383848,48.767448329940585,False,True
0.74,0.25,0.23,5.018912575600069,-6.6351550761605385,-0.8081212502802346,42.744710202827804,55.92217749677273,49.33344384980027,0.8290979716387178,0.2898904483709983,0.5594942100048581,49.34006224192011,False,True
0.74,0.25,0.25,5.178658455653169,-6.530826622486058,-0.6760840834164443,43.0604475474558,54.43607779817906,48.74826267281743,0.8265638829555028,0.3271304746786131,0.5768471788170579,48.75295071383736,False,True
0.74,0.25,0.27,4.644270507450178,-7.289959951450029,-1.322844721999925,42.619298187393376,56.622043106712596,49.62067064705299,0.8300993458673247,0.2720051965764956,0.5510522712219101,49.63830047072351,False,True
0.74,0.25,0.29,4.58735680555451,-7.200103383458574,-1.3063732889520319,42.734374536323266,54.85738904784855,48.79588179208591,0.8291806098321078,0.3166747421481765,0.5729276759901422,48.813365905633965,False,True
0.74,0.25,0.31,4.664936335936925,-7.139925594978025,-1.2374946295205498,43.083906128358755,54.35990522783525,48.721905678097,0.8263748615376284,0.3290122539412287,0.5776935577394285,48.73761879558205,False,True
0.74,0.25,0.33,4.711119931561282,-6.829708236427094,-1.0592941524329058,42.78242553109294,54.32242559545644,48.55242556327469,0.8287962515108177,0.3299371894942904,0.5793667205025541,48.56397978109607,False,True
0.74,0.25,0.35,4.625573596258156,-7.5931337856458985,-1.4837800946938713,42.73756575571943,54.7768755263165,48.757220641017966,0.8291550967639632,0.3186790865029472,0.5739170916334552,48.779792619550136,False,True
0.74,0.27,0.11,5.122985022844258,-5.3013460832620805,-0.08918053020891126,42.365915974416716,55.95149453622905,49.158705255322886,0.8321135429432327,0.2891457074597956,0.5606296252015142,49.15878614801914,False,True
0.74,0.27,0.13,5.242640861652671,-5.351340292552192,-0.05434971544976053,42.66059722423095,53.75220879097208,48.20640300760151,0.8297699113924852,0.3439305168525292,0.5868502141225072,48.206433645550476,False,True
0.74,0.27,0.15,4.993189676622134,-5.733407804483692,-0.3701090639307787,42.90076959763033,55.64304244685579,49.27190602224306,0.8278477793142593,0.2969617669831339,0.5624047731486966,49.27329605155266,False,True
0.74,0.27,0.17,5.070682591421892,-5.948391041855466,-0.4388542252167871,42.91435215269929,53.12519421624901,48.01977318447415,0.8277387538962082,0.3591472258570667,0.5934429898766375,48.02177849392225,False,True
0.74,0.27,0.19,4.749477693710978,-6.198562897067248,-0.7245426016781349,42.47679681592759,55.40638502971168,48.941590922819636,0.8312336020059083,0.30292928379689155,0.5670814429014,48.94695377690289,False,True
0.74,0.27,0.21,4.7498426608388025,-6.425101043065713,-0.8376291911134555,42.86484971500087,54.10021842742372,48.4825340712123,0.8281359372604108,0.3354077933275599,0.5817718652939854,48.48976936043382,False,True
0.74,0.27,0.23,4.749977795328641,-6.9182432279388415,-1.0841327163051004,42.97544927398516,55.74347111426236,49.35946019412376,0.8272479084006445,0.29442168626503396,0.5608347973328393,49.37136472087693,False,True
0.74,0.27,0.25,4.664795775085563,-7.200397625041849,-1.2678009249781432,42.66849947034869,54.5566076588964,48.612553564622544,0.8297068403276813,0.3241475024160646,0.5769271713718729,48.6290826898747,False,True
0.74,0.27,0.27,4.519014398560899,-7.167166498155994,-1.3240760497975472,42.40391942157679,54.461479510637375,48.43269946610708,0.8318122098742695,0.32650236087038775,0.5791572853723286,48.45079519429889,False,True
0.74,0.27,0.29,4.501505144263077,-7.219000753430543,-1.3587478045837331,42.875986774666764,54.6656466108958,48.77081669278128,0.8280466189034098,0.32144323265665764,0.5747449257800337,48.78974027884689,False,True
0.74,0.27,0.31,4.596337520699761,-7.235309613567809,-1.3194860464340241,42.547052184032424,54.880460310446836,48.71375624723963,0.8306748710441698,0.31609985180424915,0.5733873614242095,48.73162311212517,False,True
0.74,0.27,0.33,4.217237734541815,-8.330879511900749,-2.056820888679467,42.802305996053285,57.025627147698785,49.91396657187603,0.8286371020054561,0.26159037752514025,0.5451137397652982,49.95632663743869,False,True
0.74,0.27,0.35,4.110530863842025,-8.1743731383643,-2.0319211372611377,42.57983198868454,55.63792471640259,49.10887835254356,0.8304138619966523,0.2970910839491626,0.5637524729729075,49.150896599685446,False,True
0.74,0.29,0.11,4.885605413909834,-5.508801635154857,-0.3115981106225112,42.640529642765216,53.8843854713552,48.26245755706021,0.8299300264833952,0.34070000011683155,0.5853150133001134,48.26346343591166,False,True
0.74,0.29,0.13,5.06041212872111,-5.627918023360952,-0.28375294731992096,42.8324430666291,54.02906528496789,48.4307541757985,0.8283957040832087,0.3371548002204384,0.5827752521518236,48.43158541460042,False,True
0.74,0.29,0.15,4.7327525730721085,-5.948983673899369,-0.6081155504136304,42.553836246081936,55.55163352846941,49.052734887275676,0.8306208694763713,0.29926973491839337,0.5649453021973823,49.05650420121685,False,True
0.74,0.29,0.17,4.605514464834861,-6.199895443475291,-0.7971904893202151,42.73567963163013,54.277770173883866,48.506724902757,0.8291701761243004,0.3310383788606175,0.580104277492459,48.51327522924018,False,True
0.74,0.29,0.19,4.730061757058755,-6.5123256139704875,-0.8911319284558661,42.423628889295735,55.585926260655505,49.00477757497562,0.831655825169685,0.29840432842042486,0.5650300767950549,49.01287934091147,False,True
0.74,0.29,0.21,4.593375876791494,-6.534286434658701,-0.9704552789336036,42.810834905422,55.4034238860084,49.1071293957152,0.828568802683384,0.3030037904229148,0.5657862965531494,49.1167175301437,False,True
0.74,0.29,0.23,4.44045728382678,-6.397871760338888,-0.978707238256054,42.539039120479586,53.35234035576109,47.945689738120336,0.8307386444518515,0.3536553519924135,0.5921969982221325,47.95567779025037,False,True
0.74,0.29,0.25,4.267845320624168,-6.965991208193619,-1.349072943784725,42.67348992975756,54.97554499170767,48.824517460732615,0.8296670034077179,0.31372797807539843,0.5716974907415582,48.843152059229716,False,True
0.74,0.29,0.27,4.694874410841841,-6.818650432802258,-1.0618880109802085,42.82804439444163,54.172491303496365,48.500267848969,0.8284309480352703,0.33363094011950734,0.5810309440773889,48.51189119761875,False,True
0.74,0.29,0.29,4.379608577189195,-7.54018399588562,-1.5802877093482124,42.49057491839871,56.20106541012848,49.34582016426359,0.8311240994999475,0.28279005270459,0.5569570761022687,49.37111784158994,False,True
0.74,0.29,0.31,4.510328130453494,-7.090696806424046,-1.2901843379852762,42.719817973338394,55.32268810159433,49.021253037466366,0.8292969620541657,0.3050336842680108,0.5671653231610883,49.03822819993895,False,True
0.74,0.29,0.33,4.361958780127882,-7.774710413110888,-1.7063758164915033,42.635033537773765,57.00684530152931,49.82093941965154,0.8299738656288351,0.2620766996490699,0.5460252826389524,49.85015268866983,False,True
0.74,0.29,0.35,4.125543453724278,-8.320635484616208,-2.097546015445965,42.75650761440926,53.69680515832652,48.22665638636789,0.8290036217277277,0.3452822715345174,0.5871429466311225,48.27224964196005,False,True
0.76,0.05,0.11,4.260115321216001,-5.719525633382586,-0.7297051560832926,42.01124326804469,53.762295227873025,47.88676924795885,0.8349127506924314,0.34368427490411546,0.5892985127982735,47.89232859886928,False,True
0.76,0.05,0.13,4.111089685022143,-6.071215127709049,-0.9800627213434532,42.063561826454816,55.34958690209773,48.70657436427627,0.8345013129756863,0.30435771187650607,0.5694295124260962,48.716433667095764,False,True
0.76,0.05,0.15,3.9949092661707026,-6.587731790208136,-1.2964112620187167,41.85390916853775,55.72186789037642,48.787888529457085,0.836146954445325,0.2949684700347084,0.5655577122400167,48.80510986897806,False,True
0.76,0.05,0.17,4.108075514838711,-6.34573707317158,-1.1188307791664345,41.847608923653084,54.347341855855404,48.097475389754244,0.8361962801420524,0.3293223683345171,0.5827593242382847,48.110486603031,False,True
0.76,0.05,0.19,3.895634122256359,-6.422343936935036,-1.2633549073393384,41.978171160349795,54.97612350219904,48.477147331274416,0.8351725684858228,0.3137135346477403,0.5744430515667815,48.493606578599454,False,True
0.76,0.05,0.21,3.555721153136552,-6.890084436512095,-1.6671816416877714,41.50444725697025,53.19885249950417,47.35164987823721,0.838871734517481,0.3573689042828343,0.5981203194001576,47.38099028954063,False,True
0.76,0.05,0.23,3.471641692681849,-7.61966821438409,-2.07401326085112,41.97809973887116,52.82546840860177,47.401784073736465,0.8351731293587021,0.3663580519802673,0.6007655906694847,47.44713547074599,False,True
0.76,0.05,0.25,3.5796568229695134,-7.784317542845942,-2.1023303599382146,41.78453163367208,54.45905228906647,48.121791961369276,0.8366897137226579,0.3265623919817101,0.5816260528521839,48.16769305785386,False,True
0.76,0.05,0.27,3.705269234896048,-7.569472846372964,-1.932101805738458,41.658486503410025,55.739689805130666,48.69908815427034,0.8376734949673971,0.29451740758186196,0.5660954512746295,48.73740046868659,False,True
0.76,0.05,0.29,3.451283997421104,-8.322756735051216,-2.435736368815056,41.901869397299784,55.53958310647772,48.72072625188875,0.8357712221815528,0.2995737108413835,0.5676724665114681,48.78157416658313,False,True
0.76,0.05,0.31,3.550375438196781,-7.693279131804531,-2.071451846803875,41.96470492970733,54.65739205708583,48.311048493396584,0.8352783019245511,0.3216481423505856,0.5784632221375683,48.355437329063044,False,True
0.76,0.05,0.33,3.642215995633154,-7.77988101436394,-2.068832509365393,41.899937691012326,54.0323728094246,47.96615525021846,0.8357863639618466,0.33707364228059133,0.586430003121219,48.01075001955153,False,True
0.76,0.05,0.35,3.334401621729641,-8.295614530030306,-2.4806064541503328,42.03407336964565,53.20453080389419,47.61930208676992,0.834733275749012,0.3572317114846538,0.595982493616833,47.68386875675486,False,True
0.76,0.07,0.11,3.8177411064466904,-6.123561122544451,-1.15291000804888,41.53167802660554,55.16567626224217,48.34867714442386,0.8386602349640165,0.30897286723025585,0.5738165510971363,48.36242118734745,False,True
0.76,0.07,0.13,3.9456563178837825,-6.571294481940204,-1.3128190820282108,42.007670648472036,52.69158231453248,47.349626481502256,0.8349408274078187,0.36956591136441697,0.6022533693861178,47.36782264237947,False,True
0.76,0.07,0.15,3.8539385183110024,-7.251831412258147,-1.6989464469735722,41.88313709502701,54.6175772235978,48.2503571593124,0.8359180268707498,0.32263606468528894,0.5792770457780194,48.28025875066219,False,True
0.76,0.07,0.17,3.744550831477758,-6.685535259679856,-1.470492214101049,42.20543538391065,54.620692885480274,48.41306413469546,0.8333830299115181,0.32255878197536003,0.577970905943439,48.435391257445914,False,True
0.76,0.07,0.19,3.6063241069149496,-6.97244183475688,-1.6830588639209654,41.89999807660196,53.06271933566759,47.48135870613477,0.8357858906368284,0.3606536169162361,0.5982197537765322,47.51117880794017,False,True
0.76,0.07,0.21,3.650502337278611,-7.116701643356496,-1.7330996530389424,42.02914036334365,54.588933404815265,48.30903688407946,0.83477206399333,0.3233463562470611,0.5790592101201956,48.34011459517565,False,True
0.76,0.07,0.23,3.9098637677572254,-7.279356689984374,-1.684746461113574,42.134538117787415,54.673440027937794,48.4039890728626,0.8339423306747825,0.3212497417473055,0.5775960362110439,48.43329979264304,False,True
0.76,0.07,0.25,3.4497931181580817,-7.661766533920597,-2.1059867078812573,41.83943905360489,53.87729384504863,47.85836644932676,0.8362602323967171,0.34087352725329423,0.5885668798250057,47.90468055641137,False,True
0.76,0.07,0.27,3.3979438132460524,-8.209927133671888,-2.405991660212918,41.67590344461429,55.769010531972555,48.72245698829342,0.8375377328479316,0.29377500291522296,0.5656563678815774,48.78182664522841,False,True
0.76,0.07,0.29,3.3484248927533913,-8.290333595813463,-2.470954351530036,42.07164210263156,56.65990941203853,49.365775757335044,0.8344377233278717,0.2710311698686928,0.5527344465982822,49.42757764174605,False,True
0.76,0.07,0.31,3.2658061925420667,-8.50333511667125,-2.6187644620645916,41.5769690950697,55.186041382651595,48.38150523886065,0.8383081550559591,0.3084625699111312,0.5733853624835452,48.45232684284288,False,True
0.76,0.07,0.33,3.4006568185560733,-8.138456243679753,-2.36889971256184,41.825973270630925,53.63216794443429,47.729070607532606,0.8363656128420562,0.34685754809062264,0.5916115804663394,47.787821324130356,False,True
0.76,0.07,0.35,3.1736987485580355,-8.612173333114374,-2.7192372922781693,41.870305767386526,57.20059106476665,49.53544841607659,0.8360185478536228,0.25705230430652015,0.5465354260800714,49.610028232540856,False,True
0.76,0.09,0.11,3.8753680194561833,-6.445004405021135,-1.2848181927824758,41.88986917073234,53.46546197201002,47.67766557137118,0.8358652752806637,0.3509115899278329,0.5933884326042482,47.69497407614368,False,True
0.76,0.09,0.13,3.751958527621193,-6.755499885301863,-1.501770678840335,41.64267766981011,55.40398514455723,48.523331407183676,0.8377966730280761,0.30298966865804267,0.5703931708430594,48.546565337036995,False,True
0.76,0.09,0.15,3.5010890752799866,-7.015167346336456,-1.7570391355282349,41.567318331641715,54.61794818687793,48.09263325925983,0.8383832095235406,0.3226268633250896,0.5805050364243152,48.124718807837645,False,True
0.76,0.09,0.17,3.7664444475153616,-6.657315198951674,-1.4454353757181564,41.736265085486245,54.95782582743001,48.347045456458126,0.8370667848962919,0.3141702913631055,0.5756185381296988,48.368647777193495,False,True
0.76,0.09,0.19,3.3875684924395597,-7.775480803592605,-2.1939561555765223,41.760429735641665,56.45652612252835,49.10847792908501,0.8368780586684195,0.2762551099368238,0.5565665843026216,49.15746177462809,False,True
0.76,0.09,0.21,3.4593754467704323,-7.34681902157726,-1.9437217874034138,41.89219311070116,54.43937803605721,48.16578557337918,0.8358470632482453,0.3270488855231042,0.5814479743856747,48.20498889417535,False,True
0.76,0.09,0.23,3.417738871690137,-7.7212420180895105,-2.151751573199687,42.060384872745615,53.64817801619787,47.85428144447174,0.8345263114203878,0.3464675426629654,0.5904969270416767,47.90263340777289,False,True
0.76,0.09,0.25,3.4857530570673805,-7.545917393414555,-2.030082168173587,41.92764263043662,55.81905243277645,48.87334753160654,0.8355691305623645,0.2925070336004727,0.5640380820814186,48.91549174397338,False,True
0.76,0.09,0.27,2.9028453931565332,-8.527890241312095,-2.812522424077781,41.62450258241528,54.60116755625386,48.11283506933457,0.8379382305101153,0.3230430269723207,0.5804906287412179,48.19497049272808,False,True
0.76,0.09,0.29,3.158599840638613,-8.22838327612103,-2.534891717741208,41.687255890721225,54.57697353184607,48.13211471128365,0.8374492118956347,0.3236428194532839,0.5805460156744593,48.19881889217661,False,True
0.76,0.09,0.31,3.1407595873317184,-8.615847332210883,-2.7375438724395824,42.1977961585509,55.46026825939852,48.82903220897471,0.8334433401241927,0.3015728088916876,0.5675080745079402,48.9057106370884,False,True
0.76,0.09,0.33,3.114431966485923,-8.509955123096793,-2.697761578305435,41.771856359479436,53.87638593262224,47.82412114605084,0.8367887785492837,0.34089574158628133,0.5888422600677825,47.90015115764802,False,True
0.76,0.09,0.35,3.040944605458659,-8.614905088297705,-2.7869802414195233,42.05990413248159,54.37508336884647,48.21749375066403,0.8345300940491185,0.3286375009537571,0.5815837975014377,48.29797058325938,False,True
0.76,0.11,0.11,3.614768310461099,-6.689463067795484,-1.5373473786671925,41.69587154886389,56.24529452299534,48.970583035929614,0.8373820150167527,0.2816607487815179,0.5595213818991354,48.99470828407464,False,True
0.76,0.11,0.13,3.3929285311649684,-6.983439441114742,-1.7952554549748867,41.845968703041606,52.942124928991376,47.39404681601649,0.836209120492032,0.3635563699296449,0.5998827452108384,47.42803617848182,False,True
0.76,0.11,0.15,3.4538402930278633,-7.303100358124991,-1.9246300325485637,41.74205313180097,54.98418549879115,48.36311931529606,0.8370215901292896,0.31351223835854647,0.575266914243918,48.401399883347906,False,True
0.76,0.11,0.17,3.539993300071424,-6.926841705159534,-1.693424202544055,42.025163455937886,54.76959489800796,48.39737917697292,0.8348033311145978,0.3188601890074415,0.5768317600610197,48.4269965693667,False,True
0.76,0.11,0.19,3.382188332765615,-7.502775508578825,-2.060293587906605,41.7397896072351,53.928924068494474,47.83435683786479,0.8370392651406771,0.33960964963824625,0.5883244573894617,47.878706162140084,False,True
0.76,0.11,0.21,3.2522626580011775,-7.777765862905245,-2.2627516024520338,41.75626520205157,54.99426173012304,48.375263466087304,0.8369105915199984,0.31326060806728195,0.5750855997936402,48.42815462339816,False,True
0.76,0.11,0.23,3.0214989857045036,-7.747968109724285,-2.3632345620098905,41.62333259915569,55.68346143950078,48.65339701932824,0.837947340860067,0.29594002494254923,0.5669436829013081,48.710757734975296,False,True
0.76,0.11,0.25,3.198593305309673,-7.900637881947054,-2.35102228831869,41.61757590748226,54.28513472948732,47.95135531848479,0.8379921629645962,0.33085683347777406,0.5844244982211851,48.00895523420345,False,True
0.76,0.11,0.27,3.060364998962481,-8.582759144006694,-2.7611970725221067,41.94549381349214,54.791964371142335,48.36872909231724,0.8354290840330509,0.3183036813213199,0.5768663826771854,48.44747839959558,False,True
0.76,0.11,0.29,3.0561085275199003,-8.436907978697262,-2.690399725588681,41.54869089790978,55.63577727773058,48.59223408782018,0.8385280267323957,0.297145342790303,0.5678366847613494,48.666656596986,False,True
0.76,0.11,0.31,3.1204655152554546,-8.675330414780102,-2.777432449762324,41.60714376574736,53.80941072011325,47.70827724293031,0.8380733727350724,0.34253342417837584,0.5903033984567241,47.78905573979564,False,True
0.76,0.11,0.33,2.8522346715416127,-8.894566783954932,-3.02116605620666,41.93711328984502,54.23645318377437,48.086783236809694,0.8354948385420313,0.3320564369281488,0.58377563773509,48.18159572288051,False,True
0.76,0.11,0.35,2.720593661496044,-9.229302054077019,-3.254354196290487,42.10065282993574,53.9994390704741,48.05004595020492,0.8342093158868585,0.3378815279525307,0.5860454219196947,48.16012600743189,False,True
0.76,0.13,0.11,3.8232690223273793,-6.692107808234014,-1.4344193929533173,41.78787074970634,54.80615230783555,48.29701152877095,0.8366636115378142,0.31795059609979126,0.5773071038188027,48.31830793400277,False,True
0.76,0.13,0.13,3.260245293427244,-7.417591274488256,-2.0786729905305057,41.65839477262164,55.257034258227414,48.45771451542453,0.837674209843195,0.30668219909274963,0.5721782044679723,48.502278064642965,False,True
0.76,0.13,0.15,3.383305487657705,-6.720419964567075,-1.668557238454685,42.03796949336534,53.542549851907275,47.79025967263631,0.8347026372981448,0.34903849579339674,0.5918705665457707,47.819378946573615,False,True
0.76,0.13,0.17,3.202115647014748,-7.885256158107847,-2.341570255546549,41.95499501116695,56.18517494968829,49.07008498042762,0.8353545207008721,0.28319556761891407,0.559275044159893,49.125921785225046,False,True
0.76,0.13,0.19,3.459744442067296,-7.218850980472675,-1.8795532692026897,42.03745582580078,54.693000283866326,48.36522805483355,0.8347066768545742,0.3207639883834644,0.5777353326190193,48.401735560698945,False,True
0.76,0.13,0.21,2.7558442257291142,-8.416993698471002,-2.8305747363709437,41.781075215322886,55.17925592600527,48.48016557066408,0.8367167306737447,0.3086326168525082,0.5726746737631265,48.562728579613236,False,True
0.76,0.13,0.23,3.0245918942024463,-8.540362668333412,-2.7578853870654827,41.824198208332625,55.0698602163161,48.44702921232437,0.8363795015836759,0.3113712421378444,0.5738753718607601,48.525463123065606,False,True
0.76,0.13,0.25,3.017314015618948,-8.146255616308027,-2.564470800344539,41.719836102685484,54.62741010795771,48.173623105321596,0.8371950330820185,0.32239214904022606,0.5797935910611223,48.24183323195123,False,True
0.76,0.13,0.27,3.276261394816566,-8.020496454056289,-2.3721175296198616,42.29959346522809,54.34135990101563,48.32047668312186,0.8326387734433567,0.32947000177421726,0.581054387608787,48.37866687351413,False,True
0.76,0.13,0.29,2.727436172241687,-9.05231896869292,-3.1624413982256163,41.889081521830626,54.007045527252515,47.94806352454157,0.8358714476236572,0.3376949804497076,0.5867832140366824,48.05224064859707,False,True
0.76,0.13,0.31,2.855184427196171,-9.036906035018754,-3.0908608039112915,41.96473587653994,56.3456363883239,49.15518613243192,0.8352780589767353,0.27909542145596233,0.5571867402163488,49.25226638666675,False,True
0.76,0.13,0.33,2.686180458102123,-8.704083322640937,-3.0089514322694066,41.94331903840225,53.32312144279258,47.63322024059742,0.8354461488196475,0.35436311163272105,0.5949046302261842,47.72816211851254,False,True
0.76,0.13,0.35,2.696288146236247,-9.62199859552476,-3.4628552246442563,41.673545412440156,54.63437556660573,48.153960489522944,0.8375561166325012,0.3222193365138202,0.5798877265731607,48.27831062841141,False,True
0.76,0.15,0.11,3.3304042056906455,-7.1111822655710215,-1.890389029940188,41.960376002654876,54.11820963956499,48.03929282110993,0.8353122843599023,0.33496569501942663,0.5851389896896645,48.07647268089519,False,True
0.76,0.15,0.13,3.4764862722820866,-7.269323194035924,-1.8964184608769188,42.007041154647716,55.936935603551916,48.97198837909981,0.8349457742639371,0.28951559689349526,0.5622306855787162,49.00869360410908,False,True
0.76,0.15,0.15,3.2593231565419925,-7.639566523738461,-2.1901216835982344,41.616463391020446,55.05891239587184,48.337687893446144,0.8380008244001885,0.31164501202190986,0.5748229182110491,48.387278326779004,False,True
0.76,0.15,0.17,3.181760211833579,-7.619077597321872,-2.2186586927441465,41.7754346387403,55.15818012736838,48.466807383054345,0.8367608152077496,0.3091606535857496,0.5729607343967495,48.51756243156678,False,True
0.76,0.15,0.19,3.1275346028221698,-7.897584766574426,-2.3850250818761283,41.707127239475774,54.8778010039537,48.29246412171474,0.8372942065737716,0.31616612880085915,0.5767301676873153,48.3513229972902,False,True
0.76,0.15,0.21,2.991727039762062,-7.616056635409646,-2.312164797823792,41.86053704978918,55.14704934128998,48.50379319553958,0.8360950556125415,0.30943944483999275,0.5727672502262671,48.5588721080707,False,True
0.76,0.15,0.23,3.169200474828339,-7.756091501603289,-2.293445513387475,41.69990661867972,52.73766528404028,47.218785951360005,0.8373505391584182,0.36846269988864333,0.6029066195235308,47.274450171770695,False,True
0.76,0.15,0.25,2.8207389803620706,-8.893942853116652,-3.0366019363772905,42.1204441998506,57.159894324941405,49.640169262396,0.834053404005058,0.25810910433629386,0.5460812541706759,49.732960456012826,False,True
0.76,0.15,0.27,2.485957382188626,-8.978669959234002,-3.246356288522688,41.683717203702464,55.022747210124,48.35323220691323,0.8374768074731032,0.3125490004592095,0.5750129039661563,48.46208718171043,False,True
0.76,0.15,0.29,2.4947872164472873,-8.711233666684471,-3.108223225118592,41.703622908228375,54.4574013166933,48.08051211246084,0.8373215472745127,0.3266032230276489,0.5819623851510808,48.1808748012493,False,True
0.76,0.15,0.31,2.755432306103803,-8.808067823259845,-3.0263177585780214,41.84202778867956,55.431624434092754,48.636826111386156,0.8362399696014957,0.30229406253429236,0.5692670160678941,48.730888083074156,False,True
0.76,0.15,0.33,2.416332270152348,-9.55268867629126,-3.5681782030694555,42.17550876053131,56.24028563926198,49.20789719989664,0.833619232450563,0.28178868544213564,0.5577039589463493,49.337096008221394,False,True
0.76,0.15,0.35,2.7342295291958507,-9.735979884972052,-3.5008751778881004,41.9206556649595,55.49095683679713,48.70580625087831,0.8356239286387657,0.3007996547871834,0.5682117917129745,48.83146208705254,False,True
0.76,0.17,0.11,3.0111219320798965,-7.339143801481425,-2.164010934700764,41.58077140976486,54.181787629527214,47.881279519646036,0.8382785794806286,0.33340221460146,0.5858403970410443,47.93015618338813,False,True
0.76,0.17,0.13,3.2093360314891037,-7.20850322345474,-1.9995835959828183,41.67753205902089,53.75140198095492,47.71446701998791,0.8375250351719727,0.3439502116509514,0.5907376234114621,47.75634719656475,False,True
0.76,0.17,0.15,2.870688098274444,-7.963124391589005,-2.5462181466572806,41.62940661408033,55.37464830608052,48.50202746008043,0.837900041327425,0.3037276179498034,0.5708138296386143,48.56881607151612,False,True
0.76,0.17,0.17,3.0758560844995912,-7.813212691955646,-2.3686783037280272,41.88684299273855,54.2146013460393,48.050722169388926,0.8358889890310592,0.33259455670482907,0.5842417728679441,48.10906918561568,False,True
0.76,0.17,0.19,2.713206077257206,-8.139112053865873,-2.712952988304333,41.54804313485846,54.549383915005244,48.048713524931856,0.8385330615366458,0.3243264674338495,0.5814297644852476,48.125242703987674,False,True
0.76,0.17,0.21,2.761807675856077,-8.16704255575768,-2.7026174399508016,41.969253096703234,55.480271298747475,48.724762197725354,0.8352425946610113,0.3010689099222792,0.5681557522916452,48.79965770629556,False,True
0.76,0.17,0.23,3.1335752284715253,-8.039749913205704,-2.4530873423670894,41.959323047644496,54.26078323602257,48.11005314183353,0.8353205496137485,0.33145703391068315,0.5833887917622158,48.17255287836973,False,True
0.76,0.17,0.25,2.64234697262567,-8.614458357611893,-2.986055692493111,41.39022687145088,54.47628253590642,47.93325470367865,0.839757365320788,0.326136188023355,0.5829467766720715,48.02617447899012,False,True
0.76,0.17,0.27,2.628899830162119,-9.151477407432647,-3.261288788635264,41.83254216186988,55.512528894901166,48.672535528385524,0.8363142102892427,0.3002559221459954,0.5682850662176191,48.7816740110959,False,True
0.76,0.17,0.29,2.734251222884833,-9.144981428295537,-3.2053651027053522,41.798949091686026,55.66553023858256,48.732239665134294,0.8365769961542804,0.29639339504024276,0.5664851955972616,48.83754240563022,False,True
0.76,0.17,0.31,2.438932573912832,-9.743862132736732,-3.6524647794119502,41.9725972107206,55.80080900499799,48.88670310785929,0.8352163378440047,0.29296942008145244,0.5640928789627286,49.022956252360224,False,True
0.76,0.17,0.33,2.4151269242239723,-9.727968252685573,-3.6564206642308,41.434475578548444,57.505924012662945,49.470199795605694,0.8394145636475682,0.2490995244018357,0.5442570440247019,49.60514166788519,False,True
0.76,0.17,0.35,2.565370118372821,-9.480885998641781,-3.4577579401344805,41.8805179792318,55.84086682462325,48.86069240192752,0.8359385475996338,0.29195394128238517,0.5639462444410095,48.98288835877628,False,True
0.76,0.19,0.11,2.81886305100722,-7.813194258253015,-2.4971656036228973,41.693472052237176,55.16560365333337,48.42953785278527,0.8374007310221674,0.30897468628501734,0.5731877086535924,48.49387562039437,False,True
0.76,0.19,0.13,3.2222937360397808,-7.068325139154174,-1.9230157015571967,41.81838615560292,53.2509011263922,47.53464364099756,0.8364249731015954,0.35611081592213034,0.5962678945118629,47.573525573212095,False,True
0.76,0.19,0.15,3.0914947399383683,-6.948839218273117,-1.9286722391673745,42.10946699549014,53.28169539881888,47.69558119715451,0.8341398889583902,0.35536589586678347,0.5947528924125869,47.73456025083392,False,True
0.76,0.19,0.17,2.9368334953886057,-7.914251890025664,-2.488709197318529,42.095935126128,54.964239944442475,48.53008753528523,0.8342464700622028,0.31401019592125223,0.5741283329917275,48.59385835320411,False,True
0.76,0.19,0.19,2.762677924063641,-8.233137141498082,-2.73522960871722,42.04686971341583,55.92847478235873,48.987672247887275,0.8346326368362795,0.2897305113076615,0.5621815740719704,49.06397368007231,False,True
0.76,0.19,0.21,2.745533458728109,-8.09520604074888,-2.674836291010386,41.96280091141142,55.64513505974349,48.80396798557746,0.8352932490574966,0.29690888653424685,0.5661010677958718,48.87721391733551,False,True
0.76,0.19,0.23,2.498960465591948,-8.582040712833344,-3.041540123620698,41.79984372492505,53.72930016502466,47.764571944974854,0.8365700005135259,0.3444896175102875,0.5905298090119067,47.86131318100532,False,True
0.76,0.19,0.25,2.5098374517126176,-9.090394275563769,-3.2902784119255757,41.79418141306246,54.76217639311813,48.27817890309029,0.8366142747913414,0.3190446963718847,0.5778294855816131,48.390169355219,False,True
0.76,0.19,0.27,2.3663131585070585,-8.82156072015557,-3.2276237808242563,42.32517133040481,54.23585248161969,48.28051190601225,0.8324363111128645,0.33207123261968197,0.5822537718662733,48.38827735285823,False,True
0.76,0.19,0.29,2.5531240386296155,-9.183749251116135,-3.3153126062432596,41.90602401415203,54.53339323359678,48.21970862387441,0.8357386536358747,0.32472254510879195,0.5802305993723333,48.3335452604965,False,True
0.76,0.19,0.31,2.5249046127039367,-9.52393946324173,-3.4995174252688965,41.84034224897728,54.08630178161985,47.963322015298566,0.8362531629617546,0.3357496664300488,0.5860014146959016,48.09081909214049,False,True
0.76,0.19,0.33,2.308212988994761,-9.553135009429077,-3.622461010217158,41.84756084865162,54.95869007676467,48.40312546270815,0.8361966565009293,0.314148720912638,0.5751726887067836,48.538487598288526,False,True
0.76,0.19,0.35,2.1297961194786414,-10.15836166187504,-4.014282771198199,41.18995961472851,55.15716782956298,48.173563722145744,0.8413042868054921,0.3091860107942478,0.57524514879987,48.340528626182554,False,True
0.76,0.21,0.11,2.9748565043914454,-7.522977709635192,-2.2740606026218737,41.69212042507876,54.61038893870832,48.15125468189354,0.8374112732013018,0.32281435031329875,0.5801128117573002,48.20492380519828,False,True
0.76,0.21,0.13,2.793107611043615,-7.634161434050241,-2.420526911503313,41.78530594406674,54.179472426602274,47.98238918533451,0.8366836610510626,0.33345918120359774,0.5850714211273302,48.04340352704227,False,True
0.76,0.21,0.15,2.7173010565632345,-8.014014304774117,-2.648356624105441,41.66981824001929,55.55895070064795,48.61438447033362,0.8375851724414476,0.29908512462491654,0.568335148533182,48.68646804028669,False,True
0.76,0.21,0.17,2.724704675700377,-8.302638097182049,-2.7889667107408362,41.90924502196548,55.5899481917696,48.74959660686754,0.8357134015425993,0.298302796549474,0.5670080990460367,48.82930989319767,False,True
0.76,0.21,0.19,2.844109210662642,-8.37755250835668,-2.766721648847019,41.84406791375113,56.6613638083839,49.252715861067514,0.8362240000557465,0.2709937457633377,0.5536088729095421,49.330363554034854,False,True
0.76,0.21,0.21,2.6644806472795555,-9.091372903765881,-3.213446128243163,41.744638882654215,57.30236057715762,49.52349972990592,0.8370013978012443,0.2544062936873168,0.5457038457442805,49.62764614120957,False,True
0.76,0.21,0.23,2.608224762390482,-8.131902383611619,-2.7618388106105685,41.810576771462244,53.6464655061132,47.72852113878773,0.8364860611091551,0.34650926497684365,0.5914976630429993,47.80836206890487,False,True
0.76,0.21,0.25,2.224390705518161,-9.093599219342876,-3.4346042569123574,41.88750383115524,53.72811931145194,47.80781157130359,0.8358838107121216,0.3445184305887622,0.5902011206504418,47.93102704552522,False,True
0.76,0.21,0.27,2.3555827917703946,-8.926227604280426,-3.2853224062550153,41.79436498885346,56.27479748396923,49.03458123641134,0.8366128394848655,0.2809069544096262,0.5587598969472458,49.14451648295326,False,True
0.76,0.21,0.29,2.2619024988105414,-9.041451118519582,-3.3897743098545203,41.28582096289038,52.615900596680454,46.950860779785415,0.8405647625376466,0.37137561484081616,0.6059701886892314,47.07306977279623,False,True
0.76,0.21,0.31,2.177258860452503,-9.635957770779786,-3.7293494551636415,41.910319582244995,56.728860983358,49.3195902828015,0.8357049767610853,0.2692558712280565,0.5524804239945709,49.460388524779475,False,True
0.76,0.21,0.33,2.239932992393833,-10.238039840276869,-3.9990534239415183,41.791004115407894,54.904356700687494,48.347680408047694,0.836639115825732,0.31550414605527766,0.5760716309405048,48.51278830500528,False,True
0.76,0.21,0.35,1.9855983126113852,-9.830844522194813,-3.9226231047917137,41.57945507029997,56.84729693670122,49.2133760035006,0.8382888186806872,0.26620145695468644,0.5522451378176868,49.36945766042173,False,True
0.76,0.23,0.11,2.74196225715947,-7.461663262254735,-2.3598505025476326,41.67163741918477,54.436004969073295,48.05382119412903,0.8375709910443393,0.32713227511887344,0.5823516330816063,48.11173064598381,False,True
0.76,0.23,0.13,2.8135346497782856,-7.951594139076692,-2.569029744649203,41.59537168210057,53.88705992546106,47.74121580378082,0.8381649889318008,0.34063455216434746,0.5893997705480741,47.81028759850817,False,True
0.76,0.23,0.15,2.7727468308963426,-8.205264656406703,-2.71625891275518,42.066856160449525,56.57101528492363,49.318935722686575,0.8344753889085428,0.27331674409965834,0.5538960665041006,49.39367857630784,False,True
0.76,0.23,0.17,2.626108086537588,-8.033744989490913,-2.7038184514766623,41.73519252077182,54.083056655818375,47.9091245882951,0.8370751591085733,0.3358293727940955,0.5864522659513345,47.985360820101455,False,True
0.76,0.23,0.19,2.7897575924926943,-8.412648547475477,-2.8114454774913913,41.84601341997177,54.51584224301397,48.180927831492866,0.8362087704354095,0.325157136846557,0.5806829536409832,48.26288462552182,False,True
0.76,0.23,0.21,2.5758951081784973,-8.452313163633097,-2.9382090277272996,41.4508782823158,54.12052821078829,47.785703246552046,0.8392873962743098,0.33490871004366585,0.5870980531589878,47.875949150467534,False,True
0.76,0.23,0.23,2.414746760570696,-9.105813793704339,-3.345533516566822,41.64930222796637,56.518041766557936,49.08367199726216,0.8377450619933843,0.27467705008396903,0.5562110560386766,49.19755533809876,False,True
0.76,0.23,0.25,2.356996196156747,-9.166562857864516,-3.404783330853885,41.58917668396846,54.24535593827867,47.91726631112357,0.8382131910702666,0.3318371369824853,0.5850251640263759,48.03807823238975,False,True
0.76,0.23,0.27,2.1288358416026263,-9.724235760567506,-3.79769995948244,41.673983761529435,55.888847551954825,48.781415656742126,0.8375526992365427,0.29073665501467894,0.5641446771256109,48.929020411797524,False,True
0.76,0.23,0.29,2.173174808934193,-9.323803237819812,-3.5753142144428094,41.54834607581155,53.77547957159206,47.661912823701805,0.8385307069070234,0.3433623335477256,0.5909465202273745,47.79582414548521,False,True
0.76,0.23,0.31,1.956642023870781,-9.846834880486876,-3.945096428308047,41.76182105537548,54.239261281064266,48.00054116821987,0.8368671891175972,0.331987269460324,0.5844272292889605,48.162389250021846,False,True
0.76,0.23,0.33,2.089470906056224,-9.959958380610953,-3.9352437372773643,41.95996724868408,55.702497995458856,48.83123262207147,0.8353154929312376,0.2954585473981072,0.5653870201646725,48.98954401362231,False,True
0.76,0.23,0.35,2.006352804227873,-10.286957665250748,-4.140302430511437,41.86911994165802,56.65498860109312,49.262054271375575,0.8360278360910882,0.2711577836267465,0.5535928098589173,49.43573702547633,False,True
0.76,0.25,0.11,2.8613738029808227,-7.456896162836071,-2.2977611799276243,41.89667084922852,55.74601848078703,48.82134466500777,0.8358119696827123,0.2943571977210283,0.5650845837018703,48.875386457187886,False,True
0.76,0.25,0.13,2.5219786570710263,-7.911000337615459,-2.6945108402722164,41.73357268892593,54.459427502672554,48.09650009579924,0.837087805784357,0.3265531122086244,0.5818204589964907,48.171918273342214,False,True
0.76,0.25,0.15,2.396515077579605,-8.255152515108191,-2.9293187187642933,41.82631403703267,55.08221116308578,48.454262600059224,0.8363629464926995,0.31106231922194527,0.5737126328573223,48.542728315079295,False,True
0.76,0.25,0.17,2.4359606805120406,-8.578407730358567,-3.071223524923263,41.75012099175642,55.078376072833755,48.41424853229509,0.8369585834509917,0.3111582502366518,0.5740584168438218,48.51156434178225,False,True
0.76,0.25,0.19,2.1742479053882753,-9.317536850619687,-3.5716444726157057,41.98537239600884,56.09790674385003,49.04163956992944,0.8351160122827057,0.28542055513249087,0.5602682837075983,49.17152688239033,False,True
0.76,0.25,0.21,2.2301277696510984,-8.709436687344645,-3.2396544588467737,41.45082751662981,53.858343329101665,47.654585422865736,0.8392877899296878,0.3413371210650752,0.5903124554973815,47.76457759509586,False,True
0.76,0.25,0.23,2.3880907308990627,-8.647342660438035,-3.1296259647694864,41.91586284556665,55.35951631497553,48.637689580271086,0.8356615129643802,0.30410810065270755,0.5698848068085438,48.73827455282111,False,True
0.76,0.25,0.25,2.2655697867714855,-8.936624351035098,-3.3355272821318063,41.608918940350364,55.291011844377344,48.44996539236385,0.8380595551959549,0.3058292938178001,0.5719444245068774,48.564646490745716,False,True
0.76,0.25,0.27,1.7414915004005378,-9.742284762436864,-4.0003966310181625,41.5418012576817,54.549306940712995,48.045554099197346,0.8385815731398599,0.32432837430984063,0.5814549737248502,48.211808116937085,False,True
0.76,0.25,0.29,1.8927817399461824,-9.856866985299927,-3.9820426226768726,41.63766188813035,54.55322208074037,48.09544198443536,0.8378357448421128,0.3242313815483514,0.5810335631952321,48.260006248725276,False,True
0.76,0.25,0.31,1.96035236367967,-9.920386474409467,-3.9800170553648986,41.624898595478435,54.79337206366392,48.209135329571176,0.8379351468032085,0.31826865315075226,0.5781018999769804,48.37314611420166,False,True
0.76,0.25,0.33,1.989116601728796,-9.75436830522738,-3.8826258517492924,41.93107112657486,54.84798917836879,48.38953015247182,0.8355422378674771,0.3169088990426,0.5762255684550386,48.54504518364003,False,True
0.76,0.25,0.35,1.8618061447177334,-9.820903323055513,-3.9795485891688895,41.708981751603105,55.53228193003522,48.62063184081916,0.8372797367890842,0.2997578533754004,0.5685187950822423,48.78322096350377,False,True
0.76,0.27,0.11,2.6976283915121284,-7.819035078518068,-2.56070334350297,41.94584971655307,54.23792235483846,48.091886035695765,0.8354262912877097,0.3320202495822264,0.5837232704349681,48.16001146266243,False,True
0.76,0.27,0.13,2.3037933703753652,-8.305918099311494,-3.0010623644680647,41.77686698958792,55.31532132297479,48.546094156281356,0.836749621079184,0.3052187556123037,0.5709841883457438,48.638766772462084,False,True
0.76,0.27,0.15,2.347695511082221,-8.543101239141988,-3.0977028640298836,41.796755010124684,55.07671427911534,48.43673464462002,0.8365941522788479,0.31119981629961624,0.5738969842892321,48.53568816929613,False,True
0.76,0.27,0.17,2.2272731670546633,-8.510946168541587,-3.1418365007434614,41.68804721441132,54.127406567079596,47.90772689074546,0.8374430406326154,0.3347396420127773,0.5860913413226964,48.01063874221691,False,True
0.76,0.27,0.19,2.2308239302326194,-8.663044927893681,-3.216110498830531,41.63688041415948,53.671266612630085,47.65407351339478,0.8378418319252693,0.34590489935677116,0.5918733656410202,47.76247574362872,False,True
0.76,0.27,0.21,1.9673479285696929,-9.500662020333445,-3.7666570458818764,41.64907636475979,55.54184390507313,48.595460134916465,0.837746821798195,0.299516686466635,0.5686317541324151,48.74121921972764,False,True
0.76,0.27,0.23,1.9131059310420866,-9.447141527647503,-3.767017798302708,41.53210921030703,55.42090681613454,48.47650801322078,0.8386568848736029,0.302563837156849,0.570610361015226,48.62265163736535,False,True
0.76,0.27,0.25,2.06457701584266,-9.542649146249223,-3.7390360652032815,41.89734180192405,56.40775958493184,49.15255069342794,0.8358067108742496,0.27750489596854,0.5566558034213949,49.29455984555389,False,True
0.76,0.27,0.27,1.9822814979666339,-9.417079564995007,-3.7173990335141864,41.91307601616202,54.68554182672064,48.29930892144133,0.8356833647442121,0.32094922990360786,0.57831629732391,48.44215414144167,False,True
0.76,0.27,0.29,1.8768686598391944,-9.578007284116289,-3.850569312138547,41.84080484941813,55.26178489706687,48.5512948732425,0.8362495420650944,0.3065629800972751,0.5714062610811848,48.70374849943407,False,True
0.76,0.27,0.31,1.861086589282893,-10.05212540012057,-4.095519405418838,41.565793902222765,55.613707517320655,48.58975070977171,0.8383950634935424,0.2977028530114947,0.5680489582525186,48.76204623719068,False,True
0.76,0.27,0.33,1.359661977651204,-10.487723158849954,-4.564030590599375,41.82493551485037,54.32462738667786,48.074781450764114,0.8363737326973165,0.3298828705533765,0.5831283016253466,48.290941042504656,False,True
0.76,0.27,0.35,1.6341414656790596,-10.764421597076614,-4.5651400656987775,41.648063950723206,56.00215987503708,48.825111912880146,0.8377547098674107,0.2878577354270463,0.5628062226472286,49.038067428526574,False,True
0.76,0.29,0.11,1.853244964191803,-8.459474522254231,-3.303114779031214,41.69057274587437,54.35297321101808,48.02177297844622,0.8374233440923103,0.32918337277418974,0.5833033584332501,48.13523914178553,False,True
0.76,0.29,0.13,2.3018033436299143,-8.250287463796864,-2.974242060083475,41.52026118441937,53.316474620210386,47.41836790231488,0.8387489256958367,0.35452406118953406,0.5966364934426853,47.5115536512042,False,True
0.76,0.29,0.15,2.2059895102281857,-8.308894989348989,-3.0514527395604016,41.35529307308051,54.02390204984516,47.68959756146283,0.8400277441988926,0.337281482481847,0.5886546133403698,47.78712252684872,False,True
0.76,0.29,0.17,2.1537786097676244,-8.333781606283821,-3.0900014982580988,41.82650332997519,55.16363865702589,48.49507099350054,0.8363614653481057,0.3090239139891088,0.5726926896686073,48.59341539677875,False,True
0.76,0.29,0.19,1.737446959124882,-9.470841890750355,-3.8666974658127367,41.89209788473382,55.834250717425846,48.86317430107984,0.8358478095259294,0.2921217119986308,0.5639847607622801,49.01592753452526,False,True
0.76,0.29,0.21,1.93328759513497,-9.42482758102345,-3.7457699929442403,41.76687663721235,55.32702072493111,48.546948681071726,0.8368276898249511,0.3049248267527246,0.5708762582888378,48.69124170816199,False,True
0.76,0.29,0.23,1.9321488324712883,-10.084468990535504,-4.076160079032108,42.08742744788225,55.873372165606725,48.98039980674449,0.8343134615755935,0.29112938469673955,0.5627214231361666,49.1497166443351,False,True
0.76,0.29,0.25,1.7499159121974177,-9.846425517052005,-4.0482548024272935,42.03492078313947,55.51118080465216,48.77305079389582,0.8347266120758208,0.3002899075086861,0.5675082597922534,48.94076879953274,False,True
0.76,0.29,0.27,1.7882069644673184,-9.766442652530403,-3.9891178440315422,41.69539689558806,54.31536963939004,48.00538326748905,0.8373857173842569,0.33011124750604015,0.5837484824451485,48.17084059710904,False,True
0.76,0.29,0.29,1.657364323235767,-10.367534775067602,-4.355085225915918,41.64861867398204,56.868222167286234,49.25842042063414,0.8377503878496788,0.2656611417390565,0.5517057647943677,49.45056874962044,False,True
0.76,0.29,0.31,1.9059004609223824,-10.61127924201858,-4.3526893905480994,41.767645515955984,57.9344004194976,49.85102296772679,0.8368216821516116,0.23786792360149844,0.5373448028765551,50.04068740394574,False,True
0.76,0.29,0.33,1.5733632755138833,-10.221032819618705,-4.323834772052411,41.984989334333264,55.35764389698188,48.671316615657574,0.8351190209709644,0.3041551739858972,0.5696370974784308,48.86299835496789,False,True
0.76,0.29,0.35,1.477523927360264,-10.59759367326596,-4.560034872952848,41.79945942971418,55.34571199233762,48.5725857110259,0.8365730055523879,0.3044551094141459,0.5705140574832669,48.78616607909975,False,True
0.78,0.05,0.11,1.4313846036108022,-8.743200119581077,-3.655907757985138,41.35035282669713,53.89670934608937,47.62353108639325,0.8400659620469707,0.34039838918864573,0.5902321756178082,47.763651186561944,False,True
0.78,0.05,0.13,1.21461297000973,-8.646886629028112,-3.7161368295091908,41.3568273437113,55.09992641072989,48.2283768772206,0.8400158741204348,0.3106191030193203,0.5753174885698775,48.37133458099808,False,True
0.78,0.05,0.15,1.239853483535985,-9.204052644584353,-3.982099580524184,40.97446371837449,54.28329172693536,47.62887772265492,0.8429604581993917,0.3309022680754883,0.58693136313744,47.79505319788675,False,True
0.78,0.05,0.17,1.2260996792947982,-9.409868485971721,-4.091884403338462,40.94692928983273,55.456405980524,48.20166763517837,0.8431714452781411,0.3016700830932725,0.5724207641857069,48.375037785850736,False,True
0.78,0.05,0.19,1.1791867562628897,-9.434210569309668,-4.127511906523389,41.058065683225664,55.52606679144672,48.29206623733619,0.8423189753486553,0.29991458593863196,0.5711167806436437,48.468134026489594,False,True
0.78,0.05,0.21,0.9685019185082052,-9.663451018141934,-4.347474549816865,40.67826635623558,53.9811657486263,47.32971605243094,0.8452226757097452,0.3383295717467194,0.5917761237282323,47.52896544808276,False,True
0.78,0.05,0.23,1.3400262986802505,-8.974908383264122,-3.817441042291936,41.05328076479569,53.39377156781625,47.22352616630597,0.8423557255883011,0.3526511133906166,0.5975034194894588,47.37757148367949,False,True
0.78,0.05,0.25,1.0215240672518644,-9.963477581729354,-4.470976757238745,41.18995755874123,54.98321413569494,48.08658584721809,0.8413043026480111,0.3135364934414009,0.577420398044706,48.29398898005469,False,True
0.78,0.05,0.27,0.9665440547119047,-10.071967221035749,-4.552711583161922,40.91765773276169,55.535265536104475,48.22646163443308,0.8433955878564707,0.2996826069504053,0.571539097403438,48.4408792708896,False,True
0.78,0.05,0.29,0.8220941318530595,-10.467681097745182,-4.822793482946061,41.228970694565234,56.696411300383474,48.962690997474354,0.8410035425029094,0.27009162336517245,0.5555475829340409,49.19963868458083,False,True
0.78,0.05,0.31,0.614019027609039,-10.637455446666332,-5.011718209528646,40.92573061959279,56.232381424080245,48.57905602183652,0.8433337869381291,0.2819905513390025,0.5626621691385658,48.836891827638375,False,True
0.78,0.05,0.33,0.7846589416019315,-11.087955887855477,-5.151648473126773,41.062702330323816,56.41557236941024,48.73913734986703,0.8422833598107552,0.27730474302905406,0.5597940514199047,49.010641615876374,False,True
0.78,0.05,0.35,0.45131926244026016,-11.538807342561654,-5.543744040060697,41.27729323744967,56.61913513384885,48.94821418564926,0.840630619506548,0.272079970804178,0.556355295155363,49.2611486868293,False,True
0.78,0.07,0.11,1.518195058668373,-8.432385724873356,-3.4570953331024916,41.17821395735118,54.518876468057734,47.84854521270446,0.8413947806892654,0.32508201438619466,0.58323839753773,47.973271590692896,False,True
0.78,0.07,0.13,1.24759386719132,-8.966321804111258,-3.859363968459969,40.96582878216359,55.193930394607406,48.079879588385495,0.8430266400804394,0.30826484103402174,0.5756457405572306,48.23452613506942,False,True
0.78,0.07,0.15,0.9178056448774858,-9.268988715667037,-4.1755915353947755,40.814267423732666,54.888091043698964,47.85117923371581,0.844186000766689,0.3159096557898209,0.580047828278255,48.03301904656479,False,True
0.78,0.07,0.17,1.1332959345482403,-9.378209044008548,-4.122456554730154,41.07194910425772,54.34167902986194,47.70681406705983,0.8422123204374339,0.32946212614896697,0.5858372232932004,47.88459832216049,False,True
0.78,0.07,0.19,1.070033244061246,-9.58206022874369,-4.256013492341221,40.77029032424736,55.37341770203778,48.07185401314257,0.8445215969467643,0.3037585644610171,0.5741400807038908,48.259888096719436,False,True
0.78,0.07,0.21,0.9534054813920658,-10.303231798773616,-4.674913158690775,41.50114451553616,56.60298098297915,49.05206274925766,0.8388973772550721,0.2724952810154575,0.5556963291352648,49.27433077169502,False,True
0.78,0.07,0.23,0.703844417967017,-10.05611250641396,-4.676134044223471,41.127969823807845,55.9088468297419,48.518408326774875,0.8417815930021811,0.29022895828376083,0.566005275642971,48.74322697732684,False,True
0.78,0.07,0.25,1.0362543081692939,-9.992198743398891,-4.4779722176147985,40.70756068752739,55.07963080701109,47.893595747269245,0.8449996705903481,0.3111268650291441,0.5780632678097462,48.10248173207466,False,True
0.78,0.07,0.27,0.6335073537327864,-10.431851389959432,-4.8991720181133225,41.375885872018955,55.645585966085264,48.51073591905211,0.8398683886995444,0.2968974918444486,0.5683829402719964,48.75749568908433,False,True
0.78,0.07,0.29,0.6312837094621856,-10.454119549385796,-4.9114179199618055,40.86725845353919,54.94977177109378,47.908515112316486,0.8437811372298182,0.3143712929958298,0.5790762151128239,48.15960803673114,False,True
0.78,0.07,0.31,0.6436313480832937,-10.807743431894245,-5.082056041905476,41.21108634622547,56.985957553604415,49.09852194991494,0.8411414519022504,0.2626173621600798,0.5518794070311651,49.360836209279796,False,True
0.78,0.07,0.33,0.3449850597796925,-11.180347903140838,-5.417681421680573,41.1361590117602,55.25419864173505,48.19517882674762,0.8417185794728217,0.3067533550269418,0.5742359672498818,48.49872713926629,False,True
0.78,0.07,0.35,0.5433648133447387,-11.221990185389547,-5.339312686022404,40.6268671879791,56.05526271081578,48.34106494939744,0.8456135674754172,0.2865065481414263,0.5660600578084217,48.63503696308847,False,True
0.78,0.09,0.11,0.9090873621414773,-8.847149937895752,-3.9690312878771374,41.06710149990699,55.72865331829651,48.39787740910175,0.8422495646938961,0.2947967517457537,0.5685231582198249,48.560351595417735,False,True
0.78,0.09,0.13,1.080882657934614,-9.167303627233787,-4.043210484649586,41.51419715019236,54.445827730157184,47.980012440174775,0.8387960236956876,0.3268894205880155,0.5828427221418515,48.15006900080732,False,True
0.78,0.09,0.15,1.1010183706937122,-9.308802561757059,-4.103892095531673,40.85902138120867,55.455772901872,48.157397141540336,0.8438441048200359,0.30168602697680336,0.5727650658984196,48.33194419615049,False,True
0.78,0.09,0.17,1.255736975502366,-9.029643085307415,-3.8869530549025244,41.26853074819873,54.21904011249185,47.743785430345284,0.8406982753119528,0.33248526591996697,0.5865917706159599,47.901747893681986,False,True
0.78,0.09,0.19,0.9258795951152912,-9.602447304313094,-4.3382838545989015,41.14094967819798,54.32771393237198,47.73433180528498,0.841681710807343,0.32980672071127826,0.5857442157593107,47.93106654039857,False,True
0.78,0.09,0.21,0.7422029144843041,-9.579296106800813,-4.418546596158254,40.76009490988087,54.987053147562484,47.87357402872168,0.8445993480998943,0.31344063023691104,0.5790199891684027,48.07704903907806,False,True
0.78,0.09,0.23,0.6729004276768754,-10.60613767488146,-4.966618623602292,41.108156806049344,55.552292083958434,48.33022444500389,0.841933996782111,0.29925312073557253,0.5705935587588418,48.58474961813393,False,True
0.78,0.09,0.25,0.6100408688227025,-10.453789579236055,-4.921874355206676,41.10190535080636,54.90895438672533,48.005429868765845,0.8419820683808519,0.3153895020092101,0.578685785195031,48.257083874322916,False,True
0.78,0.09,0.27,0.5525090781219524,-11.167825953869674,-5.307658437873861,41.35915075501006,56.25337979462921,48.80626527481964,0.8399978979171909,0.2814542111335644,0.5607260545253776,49.09401967825816,False,True
0.78,0.09,0.29,0.8260040432905001,-10.324832334157936,-4.749414145433718,40.945241680527715,54.62905568410588,47.7871486823168,0.8431843722486759,0.3223513244025613,0.5827678483256187,48.02258337397831,False,True
0.78,0.09,0.31,0.43420339764753313,-11.299486894838603,-5.432641748595535,41.16827976009686,55.69400572047255,48.431142740284706,0.8414712981155968,0.2956733565675572,0.568572327341577,48.73488671884254,False,True
0.78,0.09,0.33,0.3595753204664408,-11.2847178287465,-5.4625712541400295,41.18944022937251,55.12959230342178,48.15951626639715,0.8413082889317675,0.3098765755242978,0.5755924322280326,48.46832668578448,False,True
0.78,0.09,0.35,0.28693545039089935,-11.54599896818356,-5.629531758896331,40.96692271587651,56.83760217189112,48.902262443883814,0.8430182564715489,0.26645172031154984,0.5547349883915493,49.22522625600528,False,True
0.78,0.11,0.11,0.7593925063466734,-9.16288238078162,-4.201744937217473,40.99431228991183,52.90587674824895,46.950094519080395,0.8428082772917123,0.3644275864159212,0.6036179318538167,47.1377347341598,False,True
0.78,0.11,0.13,0.9405759963378569,-9.675603908698548,-4.367513956180345,40.95476818098426,55.94163083522439,48.448199508104324,0.8431113929291161,0.28939631867991045,0.5662538558045133,48.64466274664169,False,True
0.78,0.11,0.15,0.6181443375628083,-9.596701312526934,-4.489278487482062,40.99343000921831,54.86794007825417,47.93068504373624,0.8428150433878834,0.31641186128392096,0.5796134523359022,48.14046312718657,False,True
0.78,0.11,0.17,0.7685736097878825,-9.860593816569637,-4.546010103390877,41.1054352822954,55.04833583944777,48.07688556087159,0.8419549252875972,0.3119094460902829,0.57693218568894,48.29133600443536,False,True
0.78,0.11,0.19,0.8110807496134983,-9.71275782930518,-4.450838539845841,41.15478455494678,54.572812893937616,47.8637987244422,0.8415752143693878,0.3237459387682008,0.5826605765687942,48.07029427870909,False,True
0.78,0.11,0.21,0.6819782050551112,-10.17929033718912,-4.748656066067004,40.830466450488366,54.480060178305145,47.655263314396755,0.8440622922602379,0.32604272699220116,0.5850525096262196,47.89127118795537,False,True
0.78,0.11,0.23,0.4842439388988794,-10.042038244461567,-4.778897152781344,41.396097462930854,55.73342140845623,48.564759435693546,0.8397119060019812,0.2946760735555102,0.5671939897787457,48.799320866623205,False,True
0.78,0.11,0.25,0.5918827229786014,-10.770272601329935,-5.089194939175667,41.0614685655296,55.68505540752283,48.37326198652622,0.8422928371370801,0.2958997162002648,0.5690962766686725,48.64023417240128,False,True
0.78,0.11,0.27,0.14815000684445012,-11.164811848614802,-5.508330920885176,41.021298161390426,54.973790681866205,47.99754442162832,0.8426012558004973,0.3137717762606811,0.5781865160305892,48.3125861452289,False,True
0.78,0.11,0.29,0.3430280614880559,-11.299748996638847,-5.478360467575396,41.182176512247665,55.45350051034684,48.31783851129725,0.841364254249811,0.30174325493196197,0.5715537545908864,48.627419752815314,False,True
0.78,0.11,0.31,0.2721754232706693,-11.379795893064395,-5.553810234896863,40.87136048093182,57.04876161707815,48.960061049004985,0.8437497749002052,0.26099113186104383,0.5523704533806245,49.27405388282499,False,True
0.78,0.11,0.33,0.28962770529445075,-11.352908240161987,-5.531640267433768,41.43296717121998,53.80077985548404,47.616873513352004,0.8394262555459953,0.34274431851271636,0.5910852870293558,47.93710136454705,False,True
0.78,0.11,0.35,0.25508368317688895,-11.436032736146622,-5.590474526484867,41.24475540032049,56.16942133565064,48.70708836798556,0.8408817741112653,0.2835974771003624,0.5622396256058139,49.02686878353573,False,True
0.78,0.13,0.11,0.7015876719867208,-9.639767897454158,-4.469090112733719,40.75695012189984,55.17670327988792,47.966826700893876,0.8446233266137254,0.30869658202984074,0.5766599543217831,48.17457036849753,False,True
0.78,0.13,0.13,0.9951601467606499,-9.416199224854948,-4.210519539047149,41.1870667563227,55.318784377403496,48.2529255668631,0.8413265770971526,0.3051317583564076,0.5732291677267801,48.4362808290431,False,True
0.78,0.13,0.15,0.7708630405524293,-9.62201708744099,-4.42557702344428,40.869093998570825,56.241239018392186,48.555166508481506,0.8437671038344868,0.28176433515748434,0.5627657194959856,48.75643472052486,False,True
0.78,0.13,0.17,0.5246112229021963,-9.828313312737674,-4.651851044917739,41.13446137067388,54.442261983778764,47.78836167722632,0.8417316433808079,0.32697758392821163,0.5843546136545097,48.01423986628858,False,True
0.78,0.13,0.19,0.5015764665501711,-9.99759722680474,-4.748010380127284,41.01142864029029,56.431538251684266,48.721483445987275,0.8426769854053814,0.2768956325785381,0.5597863089919597,48.952288524106905,False,True
0.78,0.13,0.21,0.6453830788755643,-9.937478369586742,-4.646047645355589,40.71103236577353,54.24627655307697,47.47865445942524,0.8449732315599252,0.3318144575907317,0.5883938445753285,47.70543352701466,False,True
0.78,0.13,0.23,0.27609791210972773,-10.604305621680314,-5.164103854785293,41.06425211785505,55.44808964154275,48.2561708796989,0.8422714545107557,0.3018795129238595,0.5720754837173077,48.53170094478153,False,True
0.78,0.13,0.25,0.1161921334615788,-11.177375269138933,-5.530591567838677,41.15082758924872,55.524854871370145,48.33784123030944,0.8416056774765295,0.2999451459389517,0.5707754117077406,48.653204806023325,False,True
0.78,0.13,0.27,0.3040281726561163,-10.98998638732925,-5.342979107336567,40.99964226739093,55.88738042658687,48.4435113469889,0.8427673992888235,0.2907738919459656,0.5667706456173945,48.73726723327106,False,True
0.78,0.13,0.29,0.3025276181904963,-10.887044304127876,-5.29225834296869,41.04129867138067,55.88754855556108,48.46442361347088,0.8424477344476295,0.29076962473442414,0.5666086795910268,48.752521519965256,False,True
0.78,0.13,0.31,-0.1269171100124625,-11.425816391518289,-5.7763667507653755,40.95055937659311,54.59800886870233,47.77428412264772,0.8431436372590647,0.3231213488767387,0.5831324930679017,48.12222601117719,False,True
0.78,0.13,0.33,0.1303917404338301,-11.439856456995646,-5.654732358280908,41.2492722339424,54.58834348351176,47.91880785872708,0.8408469211996832,0.32336098083185516,0.5821039510157692,48.251301999483836,False,True
0.78,0.13,0.35,0.05697104316229206,-11.418187286990042,-5.680608121913875,40.9210152378401,53.78880343429202,47.35490933606606,0.8433698864008883,0.3430369051540533,0.5932033957774707,47.694410016916976,False,True
0.78,0.15,0.11,0.5671235159624746,-9.605630698210108,-4.5192535911238165,41.07248650273609,54.604573626199546,47.83853006446782,0.8422081913217969,0.32295856596823114,0.5825833786450141,48.0515203895764,False,True
0.78,0.15,0.13,0.8433952832690956,-9.767387418166141,-4.461996067448522,41.13366825810182,56.438026393693484,48.78584732589765,0.8417377464588156,0.2767293470696126,0.5592335467642141,48.9894714016361,False,True
0.78,0.15,0.15,0.4928435082194177,-10.196018528172333,-4.851587509976458,40.85874128345052,54.901345662856784,47.88004347315365,0.8438462457800866,0.31557922156912366,0.5797127336746051,48.125216512323796,False,True
0.78,0.15,0.17,0.2906153600687521,-10.824135822777347,-5.266760231354297,41.148298425626244,55.1387421144806,48.14352027005342,0.8416251469682137,0.3096474781309255,0.5756363125495696,48.43074754045843,False,True
0.78,0.15,0.19,0.07504970185399208,-10.342249123937572,-5.13359971104179,40.66418976524156,55.5074888105914,48.08583928791648,0.845329777624926,0.3003829784742491,0.5728563780495876,48.35909207187972,False,True
0.78,0.15,0.21,0.6140998487419818,-10.269421872637738,-4.827661011947878,41.33029528139707,55.070308919760116,48.2003021005786,0.8402210807329463,0.31136002034236876,0.5757905505376575,48.44146398936889,False,True
0.78,0.15,0.23,0.20268283202676168,-10.951583405732931,-5.374450286853085,41.026376482251145,56.622208845038,48.82429266364457,0.8425622823482269,0.2720009347445449,0.5572816085463859,49.11920469623946,False,True
0.78,0.15,0.25,0.15773448067839113,-11.11403795060566,-5.478151734963634,41.25180317428366,53.947995820990855,47.59989949763725,0.8408273902221259,0.3391424781312403,0.5899849341766832,47.91409582384345,False,True
0.78,0.15,0.27,0.1045164628935275,-11.35499384658154,-5.625238691844006,40.8227122684924,56.80810221538851,48.815407241940456,0.844121515416536,0.26721297785209575,0.5556672466343159,49.138450265924256,False,True
0.78,0.15,0.29,0.14818115235081555,-11.440244731735746,-5.646031789692465,41.34127499095216,55.43498656845951,48.38813077970583,0.8401361764689086,0.30220942304286935,0.571172799755889,48.71641279203686,False,True
0.78,0.15,0.31,0.14861000584165915,-11.113621773580192,-5.482505883869266,40.636953341975904,54.77162621002449,47.704289776000195,0.8455369010359577,0.3188096634140565,0.5821732822250071,48.01829998864243,False,True
0.78,0.15,0.33,-0.3129662836282492,-12.051941983434233,-6.182454133531241,41.10140405793851,55.86485754169822,48.48313079981837,0.841985922838614,0.2913454198689718,0.5666656713537929,48.87572721981243,False,True
0.78,0.15,0.35,-0.13978395556576814,-12.61179964331042,-6.375791799438094,41.52364038756785,56.25821150112086,48.89092594434436,0.8387226771946812,0.2813307713877201,0.5600267242912007,49.304901995289946,False,True
0.78,0.17,0.11,0.5192281583160514,-9.743853238038328,-4.612312539861138,40.73162161634803,55.75829337657747,48.244957496462746,0.8448163850281784,0.29404640797416304,0.5694313965011707,48.464929080736894,False,True
0.78,0.17,0.13,0.677642833411569,-9.632126058277837,-4.477241612433134,41.071012332852995,55.389021262011354,48.23001679743217,0.8422195180165025,0.30336612433011856,0.5727928211733105,48.437384453918355,False,True
0.78,0.17,0.15,0.45938881009008087,-9.676655977026059,-4.608633583467989,41.13873483828909,56.301652039949325,48.72019343911921,0.8416987566086319,0.28022048256304244,0.5609596195858372,48.93768233428983,False,True
0.78,0.17,0.17,0.18519431909147416,-10.499178579197183,-5.1569921300528545,40.68339078288951,55.357836705088715,48.02061374398912,0.8451836772432364,0.3041503267869289,0.5746670020150826,48.296727758501646,False,True
0.78,0.17,0.19,0.21658365268073904,-10.607356919884445,-5.195386633601853,41.16614786006097,54.594032288034334,47.88009007404765,0.841487716513275,0.3232199445798565,0.5823538305465658,48.16113648754071,False,True
0.78,0.17,0.21,0.23379557763835465,-10.526442580625872,-5.146323501493759,40.995399117152296,57.53272816337503,49.264063640263664,0.8427999423544343,0.2483993551364675,0.5455996487454509,49.53213716299727,False,True
0.78,0.17,0.23,0.03517281442075147,-11.050333390074181,-5.507580287826715,41.16866984711521,56.56555673894882,48.86711329303202,0.8414682938471658,0.2734569728924746,0.5574626333698203,49.17650050807686,False,True
0.78,0.17,0.25,-0.0812759895585222,-10.974727254202566,-5.528001621880544,41.08647442218749,54.7734102856167,47.92994235390209,0.8421006957624257,0.31876528588028064,0.5804329908213532,48.247675342755024,False,True
0.78,0.17,0.27,-0.18602284581406034,-11.856115205083247,-6.021069025448654,41.24701202483085,57.23019432173195,49.238603173281405,0.8408643619623508,0.2562831037659141,0.5485737328641325,49.605375864568295,False,True
0.78,0.17,0.29,-0.00495732130484981,-11.641845488822307,-5.823401405063579,40.90333534060866,55.28648204155383,48.094908691081244,0.8435052010346653,0.30594303120522404,0.5747241161199447,48.44617885786183,False,True
0.78,0.17,0.31,-0.19324813933680915,-11.718826753160776,-5.956037446248793,40.822245416760495,54.13421968450693,47.47823255063371,0.8441250806732442,0.3345721563531783,0.5893486185132113,47.850359958867315,False,True
0.78,0.17,0.33,-0.5925688285122166,-12.60397760660312,-6.598273217557669,41.29056001228404,54.83421033890261,48.06238517559332,0.8405281584536073,0.31725206642216275,0.578890112437885,48.51319488778935,False,True
0.78,0.17,0.35,-0.41149076729909634,-12.00546099859128,-6.208475882945188,41.26837956730267,55.73604409611777,48.50221183171022,0.8406994424644021,0.29460969012390814,0.5676545662941551,48.89795215913651,False,True
0.78,0.19,0.11,0.31584055226324026,-9.401703277401406,-4.542931362569083,41.01724005400667,53.59115120221665,47.30419562811166,0.8426323961807555,0.34785618500881,0.5952442905947828,47.52183865748117,False,True
0.78,0.19,0.13,0.28520969740003504,-9.647249930587549,-4.681020116593757,40.9133415866422,53.333670133869205,47.123505860255705,0.843428624541049,0.35410763905131704,0.598768131796183,47.355430035989635,False,True
0.78,0.19,0.15,0.2280251748446035,-10.192705847416725,-4.982340336286061,41.220156839066384,55.20975281718709,48.214954828126736,0.8410715151923183,0.30786818528912496,0.5744698502407216,48.471698797389855,False,True
0.78,0.19,0.17,0.2945044170944567,-10.154283438982514,-4.929889510944029,41.23870705643066,55.127217846849284,48.18296245163997,0.8409284385258894,0.3099360221025703,0.5754322303142299,48.43450919753666,False,True
0.78,0.19,0.19,0.18856707771475706,-10.587310058814332,-5.199371490549788,40.851290877531326,56.00410536179884,48.42769811966508,0.8439031884438614,0.28780825564210766,0.5658557220429845,48.706009989180544,False,True
0.78,0.19,0.21,0.040517993959519,-11.108795211064084,-5.534138608552283,40.88472552059647,55.44658469612088,48.16565510835868,0.8436475697438485,0.30191740851160054,0.5727824891277244,48.48254347861741,False,True
0.78,0.19,0.23,-0.0411538387239044,-11.32877357152853,-5.684963705126217,41.22211364062802,55.99851281848475,48.61031322955638,0.8410564255413904,0.2879504867976319,0.5645034561695111,48.941611790011436,False,True
0.78,0.19,0.25,-0.0990379748355745,-11.612226331902797,-5.855632153369186,40.86576915540289,54.528270664356015,47.69701990987945,0.8437925229811856,0.32484940290535347,0.5843209629432695,48.05511560904841,False,True
0.78,0.19,0.27,0.08959505849472987,-11.279668571643759,-5.5950367565745145,41.23697423723111,55.75616702612388,48.4965706316775,0.840941806377811,0.2941002502289126,0.5675210283033618,48.81825272724029,False,True
0.78,0.19,0.29,-0.009509665109565859,-11.213361411778692,-5.611435538444129,41.14586813127244,55.884522496475654,48.515195313874045,0.8416438542372603,0.29084642591727805,0.5662451400772692,48.838636192521385,False,True
0.78,0.19,0.31,-0.3599478899267633,-12.312355100389103,-6.336151495157933,41.414247646030006,57.267175242761624,49.340711444395815,0.8395713180616963,0.25532164549493486,0.5474464817783156,49.745880448623325,False,True
0.78,0.19,0.33,-0.43671188248729353,-11.808524044796505,-6.122617963641899,41.229910008253334,55.456369134678965,48.34313957146615,0.8409962976336998,0.301671011049093,0.5713336543413964,48.72930939747625,False,True
0.78,0.19,0.35,-0.3803623485466325,-12.346518214291576,-6.363440281419105,41.33916113299421,56.67775313767762,49.00845713533592,0.8401525243331749,0.27057195388519417,0.5553622391091846,49.41985676831981,False,True
0.78,0.21,0.11,0.34149348102249444,-9.914839568488148,-4.786673043732827,41.06156002107648,55.19496361087389,48.128261815975186,0.8422921346190557,0.30823894258095463,0.5752655386000052,48.36570917762556,False,True
0.78,0.21,0.13,0.4209762588724629,-9.684021071704537,-4.631522406416037,41.128812625785244,53.33149700336433,47.23015481457479,0.841775108453922,0.35416027296131236,0.5979676907076172,47.456701566900286,False,True
0.78,0.21,0.15,0.15494288356562094,-10.321847593762648,-5.083452355098514,41.068356196071534,55.729945911044645,48.399151053558086,0.8422399252558788,0.294764037832113,0.5685019815439959,48.66538102749931,False,True
0.78,0.21,0.17,-0.08719526096313132,-10.42494108284153,-5.2560681719023306,41.27386527827565,55.23379886214609,48.25383207021087,0.8406570887346526,0.3072651520844365,0.5739611204095445,48.539247646495255,False,True
0.78,0.21,0.19,-0.0018684943351676914,-10.59766619271225,-5.299767343523709,41.01696691693106,54.728883683432485,47.87292530018178,0.8426344920206478,0.31987241934950683,0.5812534556850772,48.16538706054654,False,True
0.78,0.21,0.21,0.1373067790232201,-10.964962173799279,-5.4138276973880295,41.04388211563979,56.13458388723832,48.589233001439055,0.8424278988030569,0.28448585713765395,0.5634568779703555,48.88990789524092,False,True
0.78,0.21,0.23,-0.2585279522011345,-11.655037652923145,-5.95678280256214,40.76604033908044,53.406797959897965,47.0864191494892,0.8445540100819598,0.35233520953856146,0.5984446098102607,47.46171224975226,False,True
0.78,0.21,0.25,-0.17832245806073752,-11.612810997274755,-5.895566727667746,41.01925218618165,56.584767183241304,48.80200968471148,0.8426169562250128,0.2729634010022821,0.5577901786136474,49.156829192972324,False,True
0.78,0.21,0.27,-0.3266965365560234,-11.567419250536169,-5.947057893546096,41.1857588260033,55.2494686773489,48.2176137516761,0.841336654556017,0.30687203891607584,0.5741043467360465,48.58297822792478,False,True
0.78,0.21,0.29,-0.6279968763692519,-12.203135516051269,-6.415566196210261,40.67537490483698,56.17796952247115,48.426672213654065,0.8452446783782659,0.2833794079642641,0.5643120431712649,48.84979090340767,False,True
0.78,0.21,0.31,-0.5135448956532392,-12.008384475563009,-6.2609646856081245,41.153964117473485,55.17446977370207,48.16421694558778,0.8415815308323048,0.30875254765004023,0.5751670392411725,48.56944999458072,False,True
0.78,0.21,0.33,-0.3503928911842327,-12.21056194400962,-6.280477417596926,40.92228788355986,57.114500149050926,49.01839401630539,0.8433601438399005,0.25928699850538084,0.5513235711726407,49.41909902588987,False,True
0.78,0.21,0.35,-0.6331974135283966,-12.892597364978384,-6.76289738925339,41.22104448934948,56.53969457323793,48.88036953129371,0.841064670267684,0.27412118206117375,0.5575929261644288,49.34599585187634,False,True
0.78,0.23,0.11,0.024535938466796983,-10.429897975200417,-5.2026810183668095,41.05257463834005,56.77088628288921,48.91173046061463,0.8423611485817053,0.26817278528558564,0.5552669669336454,49.18765359753086,False,True
0.78,0.23,0.13,-0.0528617563497121,-10.260553844198093,-5.156707800273902,40.9462969676368,57.069750056801205,49.008023512219,0.843176288884836,0.26044726391881245,0.5518117764018242,49.27857550611235,False,True
0.78,0.23,0.15,-0.167589297652281,-10.556727757378962,-5.362158527515621,40.933436270985695,55.05696104398899,47.99519865748734,0.8432747859695869,0.3116938033597958,0.5774842946646914,48.29380745236271,False,True
0.78,0.23,0.17,-0.2550852631524868,-11.128643022327875,-5.691864142740181,40.66171575803617,55.33429683309529,47.99800629556573,0.8453485973090984,0.3047419947610145,0.5750452960350565,48.33431416466545,False,True
0.78,0.23,0.19,-0.016404452517745638,-10.958332276262025,-5.487368364389885,40.77600401968009,56.31671848605462,48.54636125286736,0.844478015285556,0.2798352018502105,0.5621566085678833,48.85550534443798,False,True
0.78,0.23,0.21,-0.144369908444981,-11.306138564260872,-5.725254236352926,41.4930749335323,56.71340581100467,49.10324037226849,0.8389600215242794,0.26965398385807293,0.5543070026911762,49.43588525684207,False,True
0.78,0.23,0.23,-0.4847822791818137,-11.471928639912635,-5.978355459547224,41.17287264563584,54.49266544582203,47.83276904572894,0.8414359240459666,0.3257308185801343,0.5835833713130505,48.204922244338725,False,True
0.78,0.23,0.25,-0.39774276926474095,-11.266441565857766,-5.832092167561254,40.886623438406076,55.32860924323387,48.10761634081997,0.8436330532736612,0.3048849129648229,0.5742589831192421,48.4598395482946,False,True
0.78,0.23,0.27,-0.5303358217783176,-11.905920714266239,-6.218128268022278,40.71116247927954,54.937276357440446,47.82421941835999,0.8449722406192672,0.3146830773745839,0.5798276589969256,48.22676727848362,False,True
0.78,0.23,0.29,-0.5315373936722545,-12.644208635513907,-6.587873014593081,41.12721015098331,56.04295246866734,48.58508130982533,0.8417874378379269,0.28681989294780075,0.5643036653928638,49.029686892114064,False,True
0.78,0.23,0.31,-0.6486428552255432,-12.17334271769512,-6.410992786460331,41.1129201865809,56.39075562034299,48.75183790346195,0.8418973630722355,0.27794041865452424,0.5599188908633799,49.171562182561125,False,True
0.78,0.23,0.33,-0.6945561086143426,-12.691873100395757,-6.69321460450505,41.20960180121788,56.042856851941146,48.62622932657951,0.8411528968039848,0.28682232650584305,0.5639876116549138,49.08471554631911,False,True
0.78,0.23,0.35,-0.5716973680554871,-12.754324092170549,-6.663010730113018,41.05651681562851,55.550329379831474,48.30342309772999,0.842330871789421,0.29930263568604754,0.5708167537377342,48.76080798087657,False,True
0.78,0.25,0.11,0.07650375330573878,-10.030632105484235,-4.9770641760892484,40.60560633776408,54.91192173817172,47.7587640379679,0.8457751121956978,0.31531550552298937,0.5805453088593435,48.01740007796348,False,True
0.78,0.25,0.13,0.0035933664466797893,-10.579278467402922,-5.287842550478121,41.42753815826403,55.22576089325592,48.326649525759976,0.8394683331419217,0.3074667596549119,0.5734675463984168,48.615083392135446,False,True
0.78,0.25,0.15,-0.3456473969454361,-10.885140456833154,-5.615393926889295,40.860902589699464,55.81700780885569,48.33895519927758,0.8438297252020921,0.29255886287691124,0.5681942940395017,48.66402407027095,False,True
0.78,0.25,0.17,-0.5707798869884246,-11.205201170241093,-5.8879905286147585,41.121607519895925,54.348142811604646,47.73487516575028,0.8418305405059527,0.32930259967444797,0.5855665700902004,48.096639586927694,False,True
0.78,0.25,0.19,-0.44214423742835035,-11.032399345927994,-5.737271791678172,41.255979261137156,54.057582243845346,47.65678075249125,0.8407951612169404,0.33645490590976057,0.5886250335633505,48.00088581789514,False,True
0.78,0.25,0.21,-0.5564555225383552,-12.004422100666044,-6.2804388116022,41.32185248917929,57.721022510733675,49.521437499956484,0.8402863520998577,0.24347159503213578,0.5418789735659968,49.91809976079193,False,True
0.78,0.25,0.23,-0.4993356713595777,-11.73035541988951,-6.114845545624544,41.55967038486825,56.88965862438952,49.22466450462888,0.8384426756114212,0.2651074198277973,0.5517750477196093,49.6030133322575,False,True
0.78,0.25,0.25,-0.41298831284725157,-11.620769176932827,-6.01687874489004,41.377354132914036,56.092627987104834,48.734991060009435,0.8398570236665249,0.28555503122290204,0.5627060274447135,49.10501179563965,False,True
0.78,0.25,0.27,-0.6175662790266939,-11.999789572996237,-6.308677926011465,41.13532518873205,55.11439855409439,48.124861871413216,0.841724996083363,0.3102569199805041,0.5759909580319336,48.536602140206995,False,True
0.78,0.25,0.29,-0.885029045685335,-12.978889425735426,-6.931959235710381,40.94220308826306,57.627833136958664,49.28501811261086,0.8432076463119444,0.24591242142524194,0.5445600338685932,49.770122254279535,False,True
0.78,0.25,0.31,-0.9316849255893908,-12.0455588205512,-6.488621873070295,41.45750514985517,57.271864477141854,49.36468481349851,0.8392360050220669,0.25519968682333305,0.5472178459227,49.78929925744825,False,True
0.78,0.25,0.33,-0.8155360284720476,-13.350477365172628,-7.083006696822338,41.24607255680423,56.594297563963906,48.92018506038407,0.840871611027624,0.27271847575327113,0.5567950433904476,49.430289198116725,False,True
0.78,0.25,0.35,-1.096602458279238,-13.042399545620976,-7.0695010019501066,41.018852088318106,55.08553289758493,48.05219249295152,0.8426200264083593,0.31097922389890886,0.576799625153634,48.569445619609866,False,True
0.78,0.27,0.11,-0.3161188585887295,-10.591467630003615,-5.453793244296173,40.81314754566902,54.48179792221104,47.64747273394003,0.8441945512220501,0.325999732038876,0.5850971416304631,47.95858128305182,False,True
0.78,0.27,0.13,-0.4128425969524399,-10.734052384080202,-5.573447490516322,41.10041623262072,55.517721199935245,48.30906871627798,0.8419935181231955,0.300125016395959,0.5710592672595772,48.62951199799984,False,True
0.78,0.27,0.15,-0.5410209344686544,-11.338627684484202,-5.939824309476428,41.067789323764316,54.81472059217254,47.941254957968425,0.8422442803949024,0.3177373189475923,0.5799907996712473,48.307819654507064,False,True
0.78,0.27,0.17,-0.396352584279353,-11.111330058136252,-5.753841321207802,40.672881868278935,55.04068694527447,47.856784406776704,0.8452636480301441,0.31210065136817555,0.5786821496991599,48.20143673902619,False,True
0.78,0.27,0.19,-0.7110937439405629,-11.547502137172872,-6.129297940556717,40.80086222381899,54.54461546896212,47.67273884639056,0.8442883362943128,0.3244445905630028,0.5843664634286578,48.06514664869201,False,True
0.78,0.27,0.21,-0.7859990277045422,-11.726152314025205,-6.256075670864874,41.59952662195752,56.47624219336098,49.03788440765925,0.8381326560883077,0.27574952101312855,0.5569410885507181,49.435337461966796,False,True
0.78,0.27,0.23,-0.8330329423193679,-11.855563063138879,-6.344298002729124,41.097291152875115,55.69297615242923,48.39513365265218,0.8420175453291949,0.29569939691039515,0.568858471119795,48.80921099962076,False,True
0.78,0.27,0.25,-0.5382743019962641,-11.718898577321953,-6.1285864396591085,41.110388208683936,55.53629971876515,48.32334396372454,0.8419168362720728,0.29965652396182296,0.5707866801169479,48.71042130370878,False,True
0.78,0.27,0.27,-0.8215787043816629,-12.256437738609964,-6.539008221495814,41.191693897089884,55.083253506498586,48.137473701794235,0.8412909229191052,0.31103624487116055,0.5761635838951329,48.57957392682362,False,True
0.78,0.27,0.29,-0.633646584221182,-12.187070702908647,-6.410358643564915,40.86652942382131,55.34819907897327,48.10736425139729,0.8437867107467086,0.3043925961964937,0.5740896534716011,48.53257867820075,False,True
0.78,0.27,0.31,-0.9473033018107557,-13.141490689782495,-7.0443969957966255,41.34190441987958,56.9852483216001,49.16357637073985,0.8401313085164325,0.2626357165805099,0.5513835125484712,49.66569007469802,False,True
0.78,0.27,0.33,-0.8781389719765316,-12.819052728654393,-6.848595850315462,40.96359810278897,57.83983485096037,49.40171647687467,0.8430437347036086,0.24035392956464774,0.5416988321341282,49.87417022851075,False,True
0.78,0.27,0.35,-0.9670496984534729,-13.629421755157045,-7.298235726805259,41.62508320006948,56.991162969210876,49.30812308464018,0.837933709299056,0.26248264271109956,0.5502081760050778,49.84531318844373,False,True
0.78,0.29,0.11,-0.33211336667675717,-10.804833254977213,-5.5684733108269855,41.3068727020286,55.891185710990996,48.5990292065098,0.840402128264397,0.2906773084630344,0.5655397183637156,48.917006601268895,False,True
0.78,0.29,0.13,-0.4281911446338062,-10.918482974587743,-5.673337059610774,41.09969442191072,55.63165308939675,48.36567375565373,0.841999067934114,0.29724954183923746,0.5696243048866758,48.697280737534875,False,True
0.78,0.29,0.15,-0.8191044390820732,-11.174932283008678,-5.997018361045376,41.246513241186015,54.76360748869775,48.00506036494188,0.8408682106665234,0.31900910520577164,0.5799386579361475,48.378198084100134,False,True
0.78,0.29,0.17,-0.2822166357629347,-10.990149814710017,-5.636183225236476,41.17098721488886,54.11222926346381,47.641608239176335,0.8414504459736234,0.335112667195376,0.5882815565844997,47.97384075684989,False,True
0.78,0.29,0.19,-0.7922300055942173,-11.446680624833412,-6.1194553152138145,40.908122488722015,53.82475977468921,47.36644113170561,0.8434685679525555,0.3421582879518158,0.5928134279521857,47.760103421561304,False,True
0.78,0.29,0.21,-0.8294816374096552,-11.791795038370797,-6.310638337890226,41.08354235078567,56.19261716973066,48.638079760258165,0.8421232314275661,0.28300566095309665,0.5625644461903314,49.04576392510249,False,True
0.78,0.29,0.23,-0.7367100058705995,-11.9827873300353,-6.35974866795295,41.01977810721345,56.65691755237204,48.838347829792745,0.8426129204818447,0.27110815251415743,0.556860536498001,49.250691587665564,False,True
0.78,0.29,0.25,-0.7949027454929366,-11.902840133379772,-6.348871439436355,41.162417702311124,55.191527041972286,48.176972372141705,0.8415164415247229,0.308325081256445,0.574920761390584,48.59350610421721,False,True
0.78,0.29,0.27,-0.9737187655013058,-12.45618315038773,-6.714950957944518,41.091004486051105,56.30995924138927,48.700481863720185,0.8420658748937436,0.2800080627015238,0.5610369687976338,49.161239814778256,False,True
0.78,0.29,0.29,-0.7816709319074109,-12.501526579163173,-6.641598755535291,41.171648649345194,56.01691720426389,48.59428292680454,0.8414453515618756,0.2874823676715159,0.5644638596166958,49.04605149448684,False,True
0.78,0.29,0.31,-1.1382789939901965,-12.810743485065187,-6.974511239527692,40.87792481846162,54.950541644038566,47.914233231250094,0.8436995802616312,0.31435208088002375,0.5790258305708275,48.41918579622058,False,True
0.78,0.29,0.33,-0.9125141926485673,-13.497028068574032,-7.2047711306113,40.90787017915391,57.20754793700904,49.05770905808147,0.8434704988285683,0.2568715751771963,0.5501710370028823,49.58394442833143,False,True
0.78,0.29,0.35,-1.370855852432196,-13.936475075096999,-7.6536654637645976,41.09527176260404,56.99160770931715,49.0434397359606,0.8420330704591972,0.2624711319852049,0.552252101222201,49.6370584963092,False,True
0.8,0.05,0.11,-1.5677331260776757,-11.087548380925666,-6.3276407535016705,41.0793960172746,54.69550223209586,47.88744912468523,0.8421550970684353,0.32070184323882134,0.5814284701536283,48.3036936597471,False,True
0.8,0.05,0.13,-1.373787514788644,-11.066457546948115,-6.220122530868379,40.30655881536458,54.819777891781115,47.56316835357285,0.8480383828612316,0.31761141970290885,0.5828249012820702,47.96816556977482,False,True
0.8,0.05,0.15,-1.3924654644647114,-11.674535644783367,-6.533500554624039,40.52603039953194,55.70619670676733,48.11611355314963,0.8463789975102202,0.2953649795313482,0.5708719885207842,48.557666881316095,False,True
0.8,0.05,0.17,-1.206539063182817,-11.23197178069537,-6.219255421939093,40.645013430497315,55.746185900497395,48.195599665497355,0.8454756213574284,0.2943529592590107,0.5699142903082195,48.59521545502404,False,True
0.8,0.05,0.19,-1.247488346165111,-11.76799480662197,-6.507741576393541,40.681904574154586,57.20207654330227,48.94199055872843,0.8451949882556202,0.2570137156428376,0.5511043519492289,49.37275706577245,False,True
0.8,0.05,0.21,-1.607104814730995,-12.021163260621194,-6.814134037676094,40.53939540771752,55.43633562618818,47.98786551695285,0.8462776560026903,0.30217545997068285,0.5742265579866865,48.469244470659625,False,True
0.8,0.05,0.23,-1.5988337437712596,-12.485047090566763,-7.041940417169011,40.70086024244192,55.38415712283936,48.042508682640644,0.8450506923516001,0.3034884725955219,0.5742695824735611,48.55586025765129,False,True
0.8,0.05,0.25,-1.802109417551719,-12.523712486847275,-7.162910952199497,40.62810365929029,54.30276265626349,47.465433157776886,0.8456041698864429,0.33042218329276585,0.5880131765896044,48.00286072896619,False,True
0.8,0.05,0.27,-1.8507739709882114,-12.699028122890818,-7.274901046939514,40.74871421886846,57.25939673566567,49.00405547726706,0.8446861153119991,0.2555239286509736,0.5501050219814864,49.541110589709525,False,True
0.8,0.05,0.29,-1.8372500491266601,-13.002157352924923,-7.419703701025792,40.711350111888756,56.540702919450204,48.62602651566948,0.8449708116092239,0.2740952907404314,0.5595330511748277,49.18884485036833,False,True
0.8,0.05,0.31,-1.9620783282986338,-13.160389139701453,-7.5612337340000435,40.584055798854685,56.13797487094024,48.36101533489746,0.845938771737974,0.28439940882315995,0.565169090280567,48.948545022322854,False,True
0.8,0.05,0.33,-2.145334270562437,-13.878879610210964,-8.012106940386701,40.41179623598733,55.243012479665275,47.8274043578263,0.8472438260389461,0.3070340209145168,0.5771389234767315,48.49386007765535,False,True
0.8,0.05,0.35,-2.080211791432947,-13.570981586799064,-7.825596689116006,40.66234635538042,57.76478083982265,49.213563597601535,0.8453438004864255,0.24232411130071518,0.5438339558935703,49.83186536259579,False,True
0.8,0.07,0.11,-1.3193124306149244,-10.801729153537117,-6.060520792076021,40.542099562394476,53.798258499461774,47.170179030928125,0.8462571474156515,0.3428059212160096,0.5945315343158306,47.55791944651277,False,True
0.8,0.07,0.13,-1.3373067347079342,-11.429695488644223,-6.383501111676078,40.8153351758949,54.931429836459735,47.87338250617732,0.8441778480827712,0.31482893486265606,0.5795033914727137,48.29709969579472,False,True
0.8,0.07,0.15,-1.5354685239920431,-11.62543362554776,-6.580451074769901,40.378712642902634,56.52270859584233,48.45071061937249,0.8474938349435751,0.2745572618524754,0.5610255483980253,48.895538609055265,False,True
0.8,0.07,0.17,-1.8146410903195451,-11.796651841324191,-6.8056464658218685,40.53142400918111,54.00260339375003,47.26701370146557,0.8463381039487003,0.3378039264694104,0.5920710152090554,47.75444909191486,False,True
0.8,0.07,0.19,-1.9268614210729205,-12.326577882633206,-7.1267196518530636,40.38176059584806,54.53617612344106,47.45896835964456,0.8474708104770547,0.324653623275431,0.5860622168762428,47.9910805333434,False,True
0.8,0.07,0.21,-1.931945835904222,-12.33605433527855,-7.134000085591387,40.781493287180716,54.788175433317086,47.7848343602489,0.8444361397139037,0.31839795849101593,0.5814170491024598,48.314432130137284,False,True
0.8,0.07,0.23,-1.8277959291580541,-12.705969285136371,-7.266882607147212,40.52653358169604,57.14625566189417,48.83639462179511,0.8463751826866313,0.2584631005397683,0.5524191416131998,49.37409262438913,False,True
0.8,0.07,0.25,-1.7229431340464678,-12.889690005486374,-7.3063165697664205,40.74293723027945,57.633527850879084,49.188232540579264,0.8447301502198461,0.24576337798645131,0.5452467641031487,49.72790446302503,False,True
0.8,0.07,0.27,-2.037824292026229,-13.474415597089411,-7.75611994455782,40.28455551911343,56.924408390175586,48.60448195464451,0.8482042488607198,0.26420936049285215,0.556206804676786,49.219437854101216,False,True
0.8,0.07,0.29,-2.0797514415310276,-13.332443890169321,-7.706097665850175,40.41419955323639,57.54195439839388,48.97807697581513,0.847225656469738,0.24815827495716003,0.547691965713449,49.58060069709214,False,True
0.8,0.07,0.31,-2.436804497817011,-13.959119820764581,-8.197962159290796,40.57766184760735,57.89299734703035,49.23532959731885,0.8459873121002387,0.2389568563958493,0.5424720842480439,49.913167241939135,False,True
0.8,0.07,0.33,-2.241550121384089,-14.120308785776686,-8.180929453580388,40.71539483171345,58.2812181685888,49.49830650015113,0.8449400054198434,0.22871577589520786,0.5368278906575257,50.16981117272979,False,True
0.8,0.07,0.35,-2.304208465326564,-13.95926846358743,-8.131738464456998,40.702011634929896,56.21438268000407,48.458197157466984,0.845041925461108,0.2824501157308006,0.5637460205959544,49.13575116151447,False,True
0.8,0.09,0.11,-1.4464239617344565,-11.276339542701727,-6.361381752218092,40.547252174810005,54.34784202277814,47.447547098794075,0.8462180656868005,0.32931002357949046,0.5877640446331455,47.872088981887295,False,True
0.8,0.09,0.13,-1.6096497990871559,-11.691572997777175,-6.650611398432166,40.675762077691616,56.370863875391485,48.52331297654155,0.8452417322544774,0.2784497394326334,0.5618457358435553,48.97695921749697,False,True
0.8,0.09,0.15,-1.5987027324117875,-11.862663192586396,-6.730682962499092,40.299951433865914,56.714017821649584,48.506984627757745,0.8480882003653568,0.2696382210259277,0.5588632106956423,48.971722971723196,False,True
0.8,0.09,0.17,-1.8298563692750447,-12.278676934794039,-7.054266652034542,40.52843664474826,56.12274925879957,48.32559295177391,0.8463607543823957,0.2847875232698801,0.5655741388261379,48.837747820088374,False,True
0.8,0.09,0.19,-1.8583018465691208,-12.46916245268701,-7.163732149628066,40.67777783418509,56.73250169474089,48.70513976446299,0.8452263932566604,0.26916207368686895,0.5571942334717647,49.229154957072836,False,True
0.8,0.09,0.21,-2.2098804918034443,-12.624587131470802,-7.417233811637123,40.875846742849205,56.33324102296974,48.60454388290947,0.8437154712754739,0.2794125673191181,0.5615640192972959,49.16723546714992,False,True
0.8,0.09,0.23,-1.9849469276519853,-13.01169358833383,-7.4983202579929085,40.706110251710065,55.020543655450936,47.8633269535805,0.8450107159106999,0.3126040615241774,0.5788073887174386,48.44711419431267,False,True
0.8,0.09,0.25,-1.9814535419164003,-12.814555470279268,-7.398004506097834,40.82659918417018,55.06722644770867,47.94691281593943,0.8440918302076664,0.31143710921747025,0.5777644697125683,48.514296029639965,False,True
0.8,0.09,0.27,-2.158818276108613,-12.892539501794026,-7.52567888895132,40.814597698307836,55.38986193440309,48.10222981635546,0.8441834790205514,0.30334497770945645,0.573764228365004,48.68737368194226,False,True
0.8,0.09,0.29,-2.2428515663662822,-13.20027074257433,-7.721561154470306,40.878737677661526,55.03817563269312,47.95845665517732,0.843693364119403,0.3121634227823511,0.577928393450877,48.57608538580221,False,True
0.8,0.09,0.31,-2.3216680774603704,-13.524259105960375,-7.9229635917103725,40.31958407758628,57.16684171739076,48.74321289748852,0.8479401527078396,0.2579287498938343,0.552934451300837,49.38293385012133,False,True
0.8,0.09,0.33,-2.3769496636596426,-13.555114845587388,-7.966032254623515,40.72332434482985,56.06492191228698,48.39412312855841,0.844879602223644,0.2862606347178783,0.5655701184707611,49.0453751465291,False,True
0.8,0.09,0.35,-2.3717460705545648,-14.135098433370535,-8.25342225196255,40.979054433155234,56.77855621014606,48.878805321650646,0.8429252672992134,0.26797502756009584,0.5554501474296546,49.57072309883137,False,True
0.8,0.11,0.11,-1.5811543061145117,-11.396128968701287,-6.488641637407899,40.6842345034247,54.82554650082623,47.75489050212546,0.8451772557988759,0.3174677985427853,0.5813225271708307,48.19369291897744,False,True
0.8,0.11,0.13,-2.0315102880920453,-11.77779883327761,-6.904654560684827,40.50467150863408,54.11672092813282,47.310696218383455,0.8465408840578208,0.33500228272481736,0.5907715833913191,47.81188378709365,False,True
0.8,0.11,0.15,-1.9376410709293461,-12.378634619534358,-7.1581378452318525,40.62251468441549,56.54479950582245,48.58365709511897,0.8456466456598348,0.27399009788236794,0.5598183717711014,49.108152827686816,False,True
0.8,0.11,0.17,-2.0367589064318734,-12.689112100736292,-7.362935503584083,40.49330939769803,56.66401050244072,48.57865995006937,0.846626966718416,0.270925639334055,0.5587763030262355,49.13348167771559,False,True
0.8,0.11,0.19,-1.801310384912804,-12.124119674314432,-6.962715029613618,40.64704063926127,54.35550141022315,47.50127102474221,0.8454602068718573,0.32912096597629825,0.5872905864240778,48.008854907710734,False,True
0.8,0.11,0.21,-2.012086744585359,-12.84644922355003,-7.429267984067694,40.7909262973631,55.75366439078867,48.272295344075886,0.8443641656358001,0.29416361792808077,0.5692638917819404,48.84064414567834,False,True
0.8,0.11,0.23,-1.9882688593556543,-12.976750021927336,-7.482509440641495,40.90909061834534,55.672174088677885,48.29063235351161,0.8434611589344765,0.29622542984682254,0.5698432943906495,48.86689186587696,False,True
0.8,0.11,0.25,-2.1798521909766695,-13.62811561307985,-7.903983902028259,40.55035302214219,57.41523205489181,48.982792538517,0.8461945438692237,0.25146613045199384,0.5488303371606087,49.61639775714193,False,True
0.8,0.11,0.27,-2.2934551794476055,-13.54568081335922,-7.919567996403413,41.00345854215337,56.50059023535891,48.75202438875614,0.8427381272903894,0.27512490855317717,0.5589315179217833,49.39108663768727,False,True
0.8,0.11,0.29,-2.3792360276255344,-13.454243516425981,-7.916739772025758,40.69057350057245,55.323736732276906,48.00715511642468,0.8451290062789667,0.3050073381183992,0.575068172198683,48.655541421203345,False,True
0.8,0.11,0.31,-2.1913132679386824,-13.762044734922618,-7.97667900143065,40.64951315015487,55.98166906956939,48.315591109862126,0.8454414053582722,0.28837877600896467,0.5669100906836184,48.96962070699806,False,True
0.8,0.11,0.33,-2.5524060242814484,-14.706739802218527,-8.629572913249987,40.67280474333617,57.96665337159194,49.31972905746406,0.8452642348595217,0.23701910661261427,0.541141670736068,50.0690044135767,False,True
0.8,0.11,0.35,-2.526502433795495,-15.18580123731873,-8.856151835557112,40.775640375460256,58.6294411700797,49.70254077276998,0.8444807891924151,0.21947158784615972,0.5319761885192874,50.48538387101066,False,True
0.8,0.13,0.11,-1.9266513431040628,-11.92859007795503,-6.927620710529546,40.57877435414809,55.45462505858414,48.01669970636611,0.8459788669378693,0.30171493457900167,0.5738469007584355,48.51386790805591,False,True
0.8,0.13,0.13,-1.8203775476043844,-12.201057832784759,-7.010717690194571,40.720401449584266,56.69026167144615,48.705331560515205,0.8449018687949099,0.27024995515859485,0.5575759119767524,49.20731129569391,False,True
0.8,0.13,0.15,-2.01111578943865,-11.856247593087506,-6.933681691263078,40.2906236289444,55.46277287535363,47.87669825214901,0.8481585150725667,0.3015097247617068,0.5748341199171367,48.376173653184736,False,True
0.8,0.13,0.17,-2.1747339671998875,-12.861341238566085,-7.518037602882987,40.65082508601216,56.85717219459141,48.75399864030179,0.845431428646681,0.26594649041615426,0.5556889595314176,49.33024703786624,False,True
0.8,0.13,0.19,-1.9489597674000985,-12.654673053143991,-7.301816410272044,40.78818484011696,56.78910455355272,48.78864469683484,0.8443850847316345,0.2677030104968692,0.5560440476142519,49.3320217935907,False,True
0.8,0.13,0.21,-2.0570753269780746,-12.697242419242006,-7.37715887311004,40.50067642734615,55.41719834819765,47.9589373877719,0.8465711547098127,0.3026571713609211,0.5746141630353669,48.523006382574145,False,True
0.8,0.13,0.23,-2.295604724942799,-12.93432859048095,-7.614966657711875,40.71015866909175,54.47645701434086,47.5933078417163,0.8449798855262778,0.3261318714699578,0.5855558784981179,48.19865836840729,False,True
0.8,0.13,0.25,-2.126914773059432,-13.429259121674095,-7.778086947366764,40.777683306202555,56.591161960849,48.68442263352578,0.8444652052343025,0.2727990634851263,0.5586321343597144,49.30184219398454,False,True
0.8,0.13,0.27,-2.450428836307365,-13.714343681156477,-8.08238625873192,40.72296381461802,57.70266278676155,49.21281330068979,0.8448823488236925,0.24395278691333855,0.5444175678685155,49.872096011736744,False,True
0.8,0.13,0.29,-2.4203327041527434,-13.467051970523919,-7.943692337338331,40.65299838401755,55.32502852216818,47.989013453092866,0.8454149009355323,0.3049748820686228,0.5751948915020775,48.642035937565524,False,True
0.8,0.13,0.31,-2.7534791053608396,-14.274083213550917,-8.513781159455878,40.57367069609798,56.44336128816582,48.5085159921319,0.8460176074752772,0.2765926039825932,0.5613051057289352,49.24998064354971,False,True
0.8,0.13,0.33,-2.3668836734962615,-13.969811798281517,-8.16834773588889,40.75023102158631,56.82375283857181,48.786991930079054,0.8446745524977372,0.2668091568158336,0.5557418546567854,49.46607409447408,False,True
0.8,0.13,0.35,-2.504966778548594,-13.623950013953046,-8.06445839625082,41.060135621278725,56.36735906913118,48.71374734520495,0.8423030760034135,0.27853946008194364,0.5604212680426786,49.37676244588463,False,True
0.8,0.15,0.11,-2.0187657572494744,-11.770593828023587,-6.894679792636531,40.48156726905357,54.89891084985054,47.690239059452054,0.8467159031279422,0.31563992680833575,0.581177914968139,48.18605100016681,False,True
0.8,0.15,0.13,-2.186765210055178,-11.919073241577133,-7.052919225816155,40.629852600521524,52.81449375865106,46.72217317958629,0.8455908768690019,0.3666213066725972,0.6061060917707995,47.25150935397873,False,True
0.8,0.15,0.15,-2.027508224374406,-12.299859079227653,-7.16368365180103,40.480704197482076,54.95159411964538,47.716149158563724,0.8467224391266707,0.31432581600259535,0.580524127564633,48.2508989966548,False,True
0.8,0.15,0.17,-2.5458713591646474,-13.165369501182536,-7.855620430173591,40.640918812360276,55.14946502327891,47.89519191781959,0.8455067536612303,0.309378944368908,0.5774428490150691,48.53514377425632,False,True
0.8,0.15,0.19,-2.462912040814053,-12.944025744208105,-7.703468892511079,40.65594912611092,56.20154811646317,48.42874862128704,0.8453924594266092,0.282777732537024,0.5640850959818167,49.03760930145043,False,True
0.8,0.15,0.21,-2.486867465316145,-13.4390903503564,-7.9629789078362725,40.60889229314056,55.878965910331665,48.243929101736114,0.8457501502926468,0.2909874408834079,0.5683687955880273,48.8966842256199,False,True
0.8,0.15,0.23,-2.1018601060846436,-12.959814900825437,-7.53083750345504,40.79736994989523,55.796428264394,48.29689910714461,0.8443149908540889,0.29308042908095444,0.5686977099675217,48.88050712573624,False,True
0.8,0.15,0.25,-2.806353598285443,-13.842448363135897,-8.32440098071067,40.88262391394088,57.21254841883655,49.04758616638871,0.8436636433683393,0.25674165656594095,0.5502026499671402,49.74898351159531,False,True
0.8,0.15,0.27,-2.5116703391678525,-13.77521317511787,-8.143441757142861,41.04003312071317,56.28799265263211,48.66401288667264,0.842457450870213,0.28056969272692167,0.5615135717985673,49.34067078877443,False,True
0.8,0.15,0.29,-2.585764890153079,-14.206099722985153,-8.395932306569115,40.622606322659124,56.991429351046754,48.807017836852935,0.845645949263447,0.26247574824969433,0.5540608487565707,49.52389998196196,False,True
0.8,0.15,0.31,-2.5830328066603294,-13.791915824235756,-8.187474315448043,40.89497760523089,54.688232806713685,47.79160520597229,0.8435691473354567,0.3208823984547473,0.582225772895102,48.48785686983535,False,True
0.8,0.15,0.33,-2.6600299482701337,-14.111449878559808,-8.385739913414971,40.53933046120079,55.573549774045986,48.05644011762339,0.8462781485469273,0.2987167212626278,0.5724974349047776,48.78260008111666,False,True
0.8,0.15,0.35,-2.897527890774723,-14.45989697029697,-8.678712430535846,40.99913914636418,56.45817553635758,48.72865734136088,0.8427712581782069,0.27621281997140623,0.5594920390748066,49.49547550780476,False,True
0.8,0.17,0.11,-2.1174072233264667,-12.422393123128533,-7.2699001732275,40.431418194157295,56.146114847900606,48.28876652102895,0.8470954484253242,0.2841918703557549,0.5656436593905396,48.83294400966564,False,True
0.8,0.17,0.13,-2.145579618072418,-12.471518602556483,-7.30854911031445,40.26064047468072,55.23824867754515,47.749444576112936,0.8483844233492481,0.3071535296203992,0.5777689764848237,48.305531230130974,False,True
0.8,0.17,0.15,-2.476550287068995,-12.479797058500598,-7.478173672784797,40.43636095221621,53.78295827399955,47.10965961310788,0.8470580608473013,0.3431796800701524,0.5951188704587269,47.699508491631434,False,True
0.8,0.17,0.17,-2.515705252269377,-13.176231823211909,-7.845968537740643,40.83810130862988,54.80115697478682,47.81962914170835,0.8440039694590462,0.31807492187401454,0.5810394456665304,48.4590151937257,False,True
0.8,0.17,0.19,-2.4169141669348493,-13.2455160616587,-7.831215114296775,40.806170673898656,55.8513997094404,48.328785191669525,0.8442478155150603,0.2916868082180204,0.5679673118665404,48.95916061646611,False,True
0.8,0.17,0.21,-2.4053238892093254,-12.810992996112319,-7.608158442660822,40.61158868878633,55.60637950222894,48.10898409550764,0.8457296654969313,0.29788791907731405,0.5718087922871227,48.706862202265064,False,True
0.8,0.17,0.23,-2.465986626297914,-13.409499415727485,-7.937743021012699,40.46594790895661,54.538496708843184,47.502222308899896,0.8468341662180404,0.32459614831485284,0.5857151572664466,48.160864698962605,False,True
0.8,0.17,0.25,-2.713059332162493,-13.823292335008755,-8.268175833585625,40.71380305148624,56.795824902003055,48.75481397674464,0.8449521294142022,0.26752968210344386,0.556240905758823,49.45093141207821,False,True
0.8,0.17,0.27,-2.6225513453180205,-14.252554192608837,-8.437552768963428,40.7837576901281,57.588205222034325,49.18598145608121,0.8444188637872523,0.24694916503518183,0.545684014411217,49.90443936692413,False,True
0.8,0.17,0.29,-2.6535067372981174,-14.018396386927275,-8.335951562112696,40.73199221846968,56.6229979118991,48.67749506518439,0.8448135610974676,0.2719806443337107,0.5583971027155892,49.38609737838109,False,True
0.8,0.17,0.31,-2.9556006689184366,-14.500544944991804,-8.72807280695512,40.94567652374212,56.87205277147485,48.90886464760848,0.843181041430689,0.26556220929001284,0.5543716253603509,49.68154884906061,False,True
0.8,0.17,0.33,-3.0621146433187447,-14.709597844508194,-8.88585624391347,40.803160955091315,57.82282297267761,49.312991963884464,0.8442707901281528,0.24080071873896913,0.542535754433561,50.10718129787017,False,True
0.8,0.17,0.35,-3.0631347269339115,-15.018607632086397,-9.040871179510154,40.862816325231194,56.771592364982936,48.817204345107065,0.8438150962740093,0.2681545811200623,0.5559848386970359,49.6473241147641,False,True
0.8,0.19,0.11,-2.315279062217647,-11.962284158695178,-7.138781610456412,40.74532331101175,53.13536451092625,46.940343910969005,0.8447119631537833,0.35890183247921836,0.6018068978165008,47.48008097467648,False,True
0.8,0.19,0.13,-2.453705846781545,-12.62050506512449,-7.537105455953018,40.46831660979105,55.98435763354651,48.22633712166878,0.8468162343679035,0.28831042202229784,0.5675633281951007,48.811756276813114,False,True
0.8,0.19,0.15,-2.477102644548142,-13.118354886205797,-7.797728765376969,40.91515160070029,56.58083507058163,48.747993335640956,0.8434147707394068,0.2730644419936187,0.5582396063665127,49.367716456709665,False,True
0.8,0.19,0.17,-2.6105813977381187,-13.084789452652906,-7.847685425195513,40.941137060080905,56.437823783737386,48.689480421909145,0.84321581113353,0.2767345400779996,0.5599751756057647,49.31786360223139,False,True
0.8,0.19,0.19,-2.3782563161401113,-13.497727631873047,-7.93799197400658,40.66955938406336,55.55504539732713,48.11230239069525,0.8452889271874167,0.2991836574068507,0.5722362922971337,48.76274559449142,False,True
0.8,0.19,0.21,-2.7586291864017394,-13.47281869482807,-8.115723940614906,40.807208398589864,55.676277013405354,48.24174270599761,0.8442398936767684,0.29612169254766463,0.5701807931122165,48.91963526429795,False,True
0.8,0.19,0.23,-2.714281086503728,-13.5491880882638,-8.131734587383765,40.77035913465992,55.3730954912478,48.07172731295386,0.8445210721262637,0.30376666711602995,0.5741438696211468,48.75465182165336,False,True
0.8,0.19,0.25,-2.7938276268147932,-14.14974082599889,-8.471784226406841,40.77138486759364,56.495040406535516,48.633212637064574,0.8445132487042304,0.2752673047681813,0.5598902767362058,49.36558010781128,False,True
0.8,0.19,0.27,-2.844797843976333,-14.043022523112711,-8.443910183544522,40.66405171210625,55.945731899055076,48.30489180558067,0.8453308278203444,0.2892921265842351,0.5673114772022898,49.03735506261141,False,True
0.8,0.19,0.29,-3.0754032727182232,-14.247615029285482,-8.661509151001853,40.510034293556004,55.389144630867435,47.94958946221172,0.8465002456483431,0.30336302107903723,0.5749316333636902,48.725607952775036,False,True
0.8,0.19,0.31,-3.0496063310372827,-14.996291562983318,-9.0229489470103,40.99462806508368,57.83360836883317,49.41411821695843,0.8428058556175015,0.2405174731883004,0.541661664402901,50.231152553568755,False,True
0.8,0.19,0.33,-3.2082007751593618,-14.904769771332301,-9.056485273245832,40.560405036071444,56.79868015875872,48.67954259741508,0.846118280848181,0.26745603431695186,0.5567871575825665,49.51482397220117,False,True
0.8,0.19,0.35,-3.128875167348989,-14.88841579972721,-9.0086454835381,40.77853558640651,55.7648363242334,48.27168595531995,0.8444587036088473,0.29388071823979967,0.5691697109243234,49.105105217452746,False,True
0.8,0.21,0.11,-2.4856320030813053,-12.244384437161028,-7.365008220121166,40.510830876561165,55.2671966840556,47.88901378030838,0.846494208798464,0.3064271568624154,0.5764606828304397,48.45204832546317,False,True
0.8,0.21,0.13,-2.763739545571887,-13.021054725383685,-7.892397135477786,40.693401845812346,54.225862522139735,47.45963218397604,0.8451074757954377,0.3323172679077473,0.5887123718515925,48.11139802149167,False,True
0.8,0.21,0.15,-2.604776943621406,-13.084298265317448,-7.844537604469427,40.967008656256645,56.33222365987977,48.64961615806821,0.8430175978384874,0.2794385943122043,0.5612280960753459,49.278006479111006,False,True
0.8,0.21,0.17,-2.646352261410843,-13.014160564908813,-7.8302564131598285,40.38474333803161,55.43888479191026,47.91181406497094,0.8474482769350093,0.3021112814395135,0.5747797791872614,48.54744939224076,False,True
0.8,0.21,0.19,-2.792988392072129,-13.062432513762005,-7.927710452917067,40.36202076675687,55.495575190908454,47.92879797883266,0.8476198958155117,0.30068326504190945,0.5741515804287105,48.58001923343634,False,True
0.8,0.21,0.21,-3.0099997216276537,-13.762155837549276,-8.386077779588465,40.74931042165667,57.734975738751146,49.24214308020391,0.8446815704202011,0.2431057910751271,0.5438936807476641,49.95112566956406,False,True
0.8,0.21,0.23,-2.8961510709177705,-13.642474444906899,-8.269312757912335,41.05022883865741,54.91931919026053,47.98477401445897,0.8423791634616858,0.3151310187396619,0.5787550911006738,48.69209454014962,False,True
0.8,0.21,0.25,-2.9463257970456866,-13.981050094687653,-8.46368794586667,40.61678835460511,55.20438915692301,47.91058875576406,0.8456901592592986,0.3080026607900527,0.5768464100246756,48.65242572132406,False,True
0.8,0.21,0.27,-2.8829124282562657,-13.733057405204882,-8.307984916730573,40.673983868692595,55.40002495042257,48.03700440955758,0.845255262991952,0.30308930761245545,0.5741722853022038,48.75014262564241,False,True
0.8,0.21,0.29,-3.1549874882573534,-14.780926986088893,-8.967957237173124,40.80691772186593,57.88501576028724,49.34596674107658,0.8442421126806134,0.23916668879066494,0.5417044007356392,50.15424897871767,False,True
0.8,0.21,0.31,-3.3165740425944787,-15.136049005445138,-9.226311524019808,41.142424053087524,56.46415159381739,48.80328782345246,0.8416703632475744,0.27605958715240864,0.5588649751999915,49.667753389065254,False,True
0.8,0.21,0.33,-3.2649616779496395,-15.112369118833488,-9.188665398391564,40.487205944303,55.27869698088544,47.88295146259422,0.8466731982873461,0.3061384820635129,0.5764058401754295,48.75662634527488,False,True
0.8,0.21,0.35,-3.5620926502754857,-15.248779132561477,-9.405435891418481,41.03045208319801,57.14156527841221,49.08600868080511,0.8425310007563637,0.2585848215396418,0.5505579111480028,49.978980306921606,False,True
0.8,0.23,0.11,-2.777355985088647,-13.047893558668699,-7.912624771878673,40.79136647185332,56.22567961301228,48.5085230424328,0.8443608066881174,0.2821616867880673,0.5632612467380924,49.14963314755037,False,True
0.8,0.23,0.13,-2.564034117416044,-12.548658543028935,-7.55634633022249,40.69557583008628,55.217995551204766,47.95678569064552,0.8450909255493904,0.3076615013595265,0.5763762134544584,48.54844656259116,False,True
0.8,0.23,0.15,-2.72515995918942,-13.380612970737305,-8.052886464963363,41.11215578233999,56.53446048914541,48.8233081357427,0.8419032421585231,0.27425557029743064,0.5580794062279768,49.48297078526379,False,True
0.8,0.23,0.17,-3.277312401457274,-13.750374840878912,-8.513843621168093,40.85631796287274,56.15941081403356,48.50786438845315,0.8438647681022287,0.2838528090483532,0.5638587885752909,49.249349647830535,False,True
0.8,0.23,0.19,-2.7779247021433986,-13.466586385075965,-8.122255543609683,40.48348274901669,54.655989064608214,47.569735906812454,0.8467013967941951,0.3216829669297624,0.5841921818619787,48.25816831749398,False,True
0.8,0.23,0.21,-3.037325613019679,-13.79289667054544,-8.41511114178256,41.00419474020439,56.460378404314795,48.732286572259596,0.8427324801119486,0.27615633785250526,0.5594444089822269,49.45351200965798,False,True
0.8,0.23,0.23,-3.3341315897010846,-14.326382864937937,-8.83025722731951,40.72443142712153,56.46917067839043,48.59680105275598,0.8448711680703663,0.2759308796611377,0.560401023865752,49.39253501554433,False,True
0.8,0.23,0.25,-2.887110870188697,-14.352217473672106,-8.6196641719304,40.58229867029722,56.96802948663993,48.77516407846858,0.8459521119287566,0.2630812577007494,0.554516684814753,49.530952356262965,False,True
0.8,0.23,0.27,-3.27967986149176,-14.62959870911687,-8.954639285304316,41.01360592462175,57.37726852117972,49.195437222900736,0.8426602804995246,0.2524556795654699,0.5475579800324972,50.00376594099971,False,True
0.8,0.23,0.29,-2.95741811927953,-13.87650657794642,-8.416962348612975,40.85874950649023,56.85617896108217,48.8574642337862,0.8438461829265276,0.265972136439232,0.5549091596828798,49.57718292252663,False,True
0.8,0.23,0.31,-3.7792544347482195,-15.330975283213826,-9.555114858981023,40.98463216911911,56.11777828287053,48.55120522599482,0.842882504916187,0.284914215087386,0.5638983600017865,49.482519629309365,False,True
0.8,0.23,0.33,-3.2655341645168625,-15.330538718091393,-9.298036441304127,41.00455289116064,57.10690719643887,49.055730043799755,0.8427297327950469,0.25948393010267734,0.5511068314488621,49.92913109392129,False,True
0.8,0.23,0.35,-3.3625076565961116,-15.104756790785473,-9.233632223690792,40.770576854275184,56.66999594422683,48.72028639925101,0.8445194115618998,0.2707716063744582,0.557645508968179,49.587561654788225,False,True
0.8,0.25,0.11,-2.8370973648792575,-12.255514596442826,-7.5463059806610415,40.718071609341834,53.9805822710774,47.34932694020962,0.8449196163375281,0.3383438755413042,0.5916317459394161,47.94690287854494,False,True
0.8,0.25,0.13,-2.853795851126976,-13.470259754561347,-8.162027802844161,40.320967711426256,56.63166262021154,48.4763151658189,0.8479297161537303,0.27175781762935136,0.5598437668915408,49.158639422894986,False,True
0.8,0.25,0.15,-2.918232649787837,-13.437952267879727,-8.178092458833781,40.45290407600529,56.142915868147,48.29790997207614,0.8469328935507889,0.2842734357672535,0.5656031646590212,48.98539888513725,False,True
0.8,0.25,0.17,-3.057698583488117,-13.66079695358082,-8.359247768534468,40.58893688146477,57.302437947755195,48.94568741460998,0.8459017113314493,0.2544042802599831,0.5501529957957162,49.654378857704565,False,True
0.8,0.25,0.19,-3.0969686734702138,-13.942844507935984,-8.5199065907031,40.66732207383184,57.4729137868381,49.07011793033497,0.845305948623132,0.2499613583892506,0.5476336535061913,49.804269716674774,False,True
0.8,0.25,0.21,-3.08807820052591,-13.956723784860541,-8.522400992693225,40.55291701771399,55.013905463931955,47.78341124082297,0.8461750930409763,0.3127699192318776,0.579472506136427,48.53746705885944,False,True
0.8,0.25,0.23,-3.166215200020026,-13.918606238769405,-8.542410719394715,40.905861542383754,55.58341122549037,48.24463638393706,0.8434858701099999,0.29846781563689795,0.570976842873449,48.99507853567676,False,True
0.8,0.25,0.25,-3.415289241167475,-14.912239920301303,-9.163764580734389,40.8731169828345,55.38656473554909,48.1298408591918,0.8437363444828194,0.3034279149724758,0.5735821297276475,48.994450322687065,False,True
0.8,0.25,0.27,-3.5518323357751473,-14.695991104651412,-9.123911720213279,40.40128329356788,56.44627875520855,48.42378102438822,0.8473232933294252,0.27651781850799273,0.561920555918709,49.27583924984075,False,True
0.8,0.25,0.29,-3.4587749149580618,-15.124115269636363,-9.291445092297213,41.03016451557794,56.76966667416876,48.89991559487335,0.8425332080353168,0.2682042286300219,0.5553687183326694,49.77481991016052,False,True
0.8,0.25,0.31,-3.366905783206294,-14.586621734130475,-8.976763758668385,40.950635719319045,55.80748334308928,48.37905953120416,0.8431430524146252,0.2928002740266542,0.5679716632206397,49.20483399730903,False,True
0.8,0.25,0.33,-3.432228335902776,-15.565931313049553,-9.499079824476166,40.959521448121585,57.62235694627428,49.29093919719793,0.843074973397581,0.2460557317300115,0.5445653525637962,50.197900398857655,False,True
0.8,0.25,0.35,-3.8388017877473626,-16.396391089265524,-10.117596438506443,40.85973557561418,57.836752602283624,49.3482440889489,0.8438386457249494,0.24043488953678716,0.5421367676308683,50.37474518402013,False,True
0.8,0.27,0.11,-3.2451386782656715,-13.594517215258547,-8.419827946762108,40.46200482629996,58.71144285693958,49.58672384161977,0.8468640143322774,0.21728669899162467,0.532075356661951,50.29648778988588,False,True
0.8,0.27,0.13,-3.072779410770936,-13.245487591366883,-8.15913350106891,40.778356738849276,55.75812166233561,48.26823920059245,0.8444600679599455,0.29405075610219356,0.5692554120310696,48.952981267884745,False,True
0.8,0.27,0.15,-3.2619187950785924,-13.446229301829588,-8.35407404845409,40.352224599298644,55.920537413327395,48.136381006313016,0.8476938544449251,0.2899320998908025,0.5688129771678638,48.85592829526409,False,True
0.8,0.27,0.17,-3.1419085298496183,-13.451077005941364,-8.296492767895492,40.71202537790874,55.795793144973636,48.25390926144119,0.8449656687283844,0.29309652243340667,0.5690310955808955,48.961939823286635,False,True
0.8,0.27,0.19,-3.3655494198278966,-14.013363327333817,-8.689456373580857,40.69923320683416,56.78286423041027,48.74104871862221,0.8450630804436637,0.26786393991493174,0.5564635101792977,49.50955950379147,False,True
0.8,0.27,0.21,-3.3905453708578053,-14.05371879102821,-8.722132080943007,41.02505311491782,53.86142942605,47.44324127048391,0.8425724389640508,0.34126163579716473,0.5919170373806077,48.23833258194942,False,True
0.8,0.27,0.23,-3.527631201101247,-14.995571810078742,-9.261601505589994,40.93452758541865,57.138021601933396,49.036274593676026,0.843266429047538,0.25867677751067863,0.5509716032791083,49.90324126221406,False,True
0.8,0.27,0.25,-3.693900406079955,-15.191898926038238,-9.442899666059096,40.6983424601635,57.624587768879465,49.161465114521484,0.8450698622930568,0.24599735340037898,0.5455336078467179,50.06014389022041,False,True
0.8,0.27,0.27,-3.5500279620409367,-14.798025043994848,-9.174026503017892,40.95086035970536,56.079142572208966,48.51500146595716,0.8431413314888652,0.2858985141021474,0.5645199227955062,49.37477219714437,False,True
0.8,0.27,0.29,-3.7034371125577885,-15.140725157592755,-9.422081135075272,40.763899653262506,57.10678832663256,48.93534398994753,0.8445703350566895,0.25948701291400456,0.552028673985347,49.83416001429577,False,True
0.8,0.27,0.31,-3.8637426783912723,-15.722697912552007,-9.79322029547164,40.68986954947684,57.96289740515576,49.3263834773163,0.8451343648007709,0.23711797855423578,0.5411261716775033,50.289156591723625,False,True
0.8,0.27,0.33,-3.9021991695713383,-15.618409658135155,-9.760304413853246,40.58486629808676,56.388934213039654,48.48690025556321,0.8459326182005029,0.2779870625890023,0.5619598403947526,49.459509082117044,False,True
0.8,0.27,0.35,-3.8598178498860034,-15.283597387024153,-9.57170761845508,41.194419170516845,56.00376225218455,48.5990907113507,0.8412699216007532,0.2878169821125902,0.5645434518566717,49.53270843294645,False,True
0.8,0.29,0.11,-3.0136564969175383,-13.48015010078971,-8.246903298853624,40.56794233691915,57.68980122360284,49.128871780260994,0.8460610841521252,0.24428978575563687,0.5451754349538811,49.816236875359905,False,True
0.8,0.29,0.13,-2.994284568057282,-13.67041443606705,-8.332349502062167,40.81186417024894,56.43368568346085,48.622774926854895,0.8442043497184398,0.27684059786249937,0.5605224737904696,49.33155470702403,False,True
0.8,0.29,0.15,-3.518907000917995,-13.958493692730409,-8.738700346824203,40.59569909852644,55.788800026766424,48.19224956264643,0.8458503607437965,0.2932737096193553,0.5695620351815759,48.97813595534216,False,True
0.8,0.29,0.17,-3.5646072424851405,-14.344072179577452,-8.954339711031297,40.83999821417441,56.014296923232884,48.427147568703646,0.8439894772765897,0.28754902441963937,0.5657692508481145,49.24803367954452,False,True
0.8,0.29,0.19,-3.0963039812635698,-13.71838534794518,-8.407344664604375,40.84282521023566,56.887853990460215,48.86533960034794,0.8439678780397017,0.2651540431010535,0.5545609605703776,49.583312299268435,False,True
0.8,0.29,0.21,-3.6338931182955503,-14.493554938486986,-9.063724028391269,40.6718936835071,54.82791778613453,47.749905734820814,0.8452711668604862,0.317408756228177,0.5813399615443315,48.602516302626874,False,True
0.8,0.29,0.23,-3.8002551845990316,-15.16981918390265,-9.48503718425084,40.530937300167594,57.82613454262496,49.178535921396275,0.8463417943288255,0.24071375606961842,0.543527775199222,50.08487122633625,False,True
0.8,0.29,0.25,-3.5482264606607603,-14.312236432707795,-8.930231446684278,40.92494187907844,56.28311506932329,48.60402847420086,0.8433398255743054,0.280694370444324,0.5620170980093147,49.417614446796975,False,True
0.8,0.29,0.27,-3.7292653869545638,-14.955640574406704,-9.342452980680633,41.34309276090414,56.93641845746519,49.13975560918466,0.8401221177808971,0.2638988494991462,0.5520104836400217,50.019966103813225,False,True
0.8,0.29,0.29,-3.8147496211676137,-15.728829156379673,-9.771789388773643,40.55045759015276,56.70758633424896,48.62902196220086,0.8461937506257571,0.2698038607184511,0.5579988056721041,49.601105278600016,False,True
0.8,0.29,0.31,-3.9472223314528687,-15.427139543043142,-9.687180937248005,40.770463597562625,57.36286743723532,49.066665517398974,0.8445202753807227,0.2528308838155725,0.5486755795981476,50.01378949357158,False,True
0.8,0.29,0.33,-3.922759685042401,-15.602556882534785,-9.762658283788593,41.0841810436866,56.55686203977466,48.82052154173063,0.8421183226222715,0.27368030977530156,0.5578993161987865,49.78707483245637,False,True
0.8,0.29,0.35,-3.876694542368163,-15.682018212464516,-9.77935637741634,40.786175684815085,55.71209185122002,48.24913376801756,0.8444004149961647,0.2952158347225624,0.5698081248593636,49.23022161762595,False,True
0.82,0.05,0.11,-3.772111813652088,-13.608712822378575,-8.690412318015332,40.54286479901991,55.62157741852748,48.082221108773695,0.8462513435340918,0.2975040746715786,0.5718777091028352,48.86126536439796,False,True
0.82,0.05,0.13,-3.889428939480586,-13.655060199105506,-8.772244569293045,40.85697728499883,55.27615148497781,48.06656438498832,0.8438597287717742,0.3062023830266323,0.5750310558992032,48.8604838960864,False,True
0.82,0.05,0.15,-4.043535787143663,-13.46815932842965,-8.755847557786655,40.534184668358506,54.03167010847493,47.28292738841672,0.8463171709279312,0.33709088512697216,0.5917040280274517,48.086797448712325,False,True
0.82,0.05,0.17,-4.312511002852385,-14.615479442628807,-9.463995222740596,40.40955108128575,57.40102579442342,48.90528843785458,0.847260798890795,0.25183650434651284,0.5495486516186538,49.812593214626055,False,True
0.82,0.05,0.19,-4.131042119707561,-14.073365250053167,-9.102203684880363,40.452992840155716,56.54913049871829,48.50106166943701,0.8469322218122881,0.2738788776048251,0.5604055497085566,49.34777700143727,False,True
0.82,0.05,0.21,-4.470019003479817,-14.73952082180391,-9.604769912641864,40.29013895990231,55.869483822162934,48.07981139103262,0.8481621681520073,0.29122804480595643,0.5696951064789819,49.02978552341485,False,True
0.82,0.05,0.23,-4.092426631612856,-14.798118679829752,-9.445272655721304,40.93847859386525,56.10491897394164,48.521698783903446,0.8432361716787804,0.2852418993162096,0.564239035497495,49.43246330516793,False,True
0.82,0.05,0.25,-4.595893949107675,-14.76735888412196,-9.681626416614817,40.648581341717346,56.277467878549395,48.463024610133374,0.8454484911677074,0.2808387068878826,0.563143599027795,49.420629745413876,False,True
0.82,0.05,0.27,-4.302934249826501,-15.25068442784876,-9.77680933883763,40.6951786552676,55.4182272806509,48.056702967959254,0.8450939492531747,0.3026312759584139,0.5738626126057943,49.041132745876155,False,True
0.82,0.05,0.29,-4.686657813316667,-15.336896448867163,-10.011777131091915,40.46143331083349,57.95967825642162,49.210555783627555,0.8468683403149647,0.23720271422507,0.5420355272700174,50.218666667447216,False,True
0.82,0.05,0.31,-4.450862231662805,-15.955748425888785,-10.203305328775794,40.60366552349907,56.72855327661522,48.666109400057145,0.8457898547268882,0.26926379856105565,0.5575268266439719,49.72421586883553,False,True
0.82,0.05,0.33,-4.896079890620471,-16.9106334056753,-10.903356648147884,40.88937021808555,58.084429948019654,49.4869000830526,0.8436120429801781,0.233915509551596,0.538763776265887,50.67382426881498,False,True
0.82,0.05,0.35,-4.702021438143529,-16.62380111386001,-10.66291127600177,40.79208403479213,56.37878015950694,48.585432097149535,0.8443553309265092,0.27824706742984184,0.5613011991781756,49.74175196901105,False,True
0.82,0.07,0.11,-4.070585007353805,-13.81962321997646,-8.945104113665133,40.433526189938156,57.2489252759419,48.84122573294003,0.8470795038670309,0.25579619971238154,0.5514378517897063,49.65360227315146,False,True
0.82,0.07,0.13,-4.2958661995992315,-14.194769049288155,-9.245317624443693,40.4420434564041,56.63040829305231,48.5362258747282,0.8470150720987633,0.27179007675047184,0.5594025744246176,49.408917415173995,False,True
0.82,0.07,0.15,-4.27161341500755,-14.497656274098855,-9.384634844553203,40.70765455164461,55.85755761021329,48.28260608092895,0.8449989557852545,0.29153060934655617,0.5682647825659053,49.186191366396315,False,True
0.82,0.07,0.17,-4.541843070746154,-14.401688177133638,-9.471765623939895,40.75224303624868,56.73615744061299,48.744200238430835,0.8446592139445493,0.26906788274748716,0.5568635483460183,49.65593016870282,False,True
0.82,0.07,0.19,-4.383985465020372,-14.949031208861378,-9.666508336940876,40.60238992096829,57.90100285251527,49.251696386741784,0.8457995438896333,0.23874636612653422,0.5422729550080838,50.1913436799608,False,True
0.82,0.07,0.21,-4.301960751525025,-14.982561259851332,-9.642261005688178,40.334308869188256,56.24384261802139,48.289075743604826,0.8478290673151553,0.2816978344392349,0.564763450877195,49.24233984563912,False,True
0.82,0.07,0.23,-4.515727522961467,-15.007193916185626,-9.761460719573547,40.64466768518837,57.52778213544531,49.08622491031684,0.8454782502581122,0.24852857821029206,0.5470034142342022,50.04741343292365,False,True
0.82,0.07,0.25,-4.549522032510996,-15.513610560759863,-10.031566296635429,40.88377494033876,56.70476103119256,48.79426798576566,0.8436548401267977,0.26987661902558746,0.5567657295761925,49.814786064285244,False,True
0.82,0.07,0.27,-4.623689417024999,-15.551149725947619,-10.08741957148631,40.68430516295549,54.85192674569673,47.768115954326106,0.8451767180125763,0.3168108165498936,0.580993767281235,48.82160316332463,False,True
0.82,0.07,0.29,-4.625100742210494,-16.03977285196247,-10.332436797086483,40.777834180864964,57.24296939946099,49.01040179016297,0.8444640542957909,0.25595103774047523,0.550207546018133,50.08771040683529,False,True
0.82,0.07,0.31,-4.967463889915474,-16.416316482975972,-10.691890186445724,40.74939078193648,58.45921670368397,49.604303742810224,0.8446809578235884,0.22399737386550378,0.5343391658445461,50.743506634524095,False,True
0.82,0.07,0.33,-4.923691773874688,-16.97830322872419,-10.950997501299438,40.72089627851373,60.11943389922176,50.42016508886775,0.8448980993080776,0.17929520254047182,0.5120966509242747,51.595711002583776,False,True
0.82,0.07,0.35,-4.786738975405993,-16.27995802128725,-10.533348498346621,40.64487094454507,56.543979175443994,48.594425059994535,0.8454767047628838,0.2740111630789145,0.5597439339208992,49.72292808653816,False,True
0.82,0.09,0.11,-4.4525679469093475,-14.328710974957096,-9.390639460933222,40.33357973607272,56.83202278039625,48.58280125823448,0.8478345689273803,0.2665957289254399,0.5572151489264101,49.482044092603395,False,True
0.82,0.09,0.13,-4.372729028812967,-14.269278388330772,-9.321003708571869,40.78261383963065,55.40965720159951,48.09613552061508,0.8444275907449683,0.3028469466238919,0.5736372686844301,48.99101307538539,False,True
0.82,0.09,0.15,-4.487874842201408,-14.198216003942473,-9.34304542307194,40.624502967833386,55.53501655979034,48.079759763811865,0.8456315355304922,0.2996888862776296,0.5726602109040608,48.979136341134556,False,True
0.82,0.09,0.17,-4.052753786225667,-14.520070655001568,-9.286412220613617,40.636261815717845,55.49825086878546,48.06725634225165,0.8455421580432481,0.3006158293439002,0.5730789936935741,48.95608832620202,False,True
0.82,0.09,0.19,-4.880309436095403,-15.105309522552263,-9.992809479323833,40.784860524173084,55.92560483351321,48.35523267884315,0.8444104495310217,0.28980340386574366,0.5671069266983827,49.37696597316531,False,True
0.82,0.09,0.21,-4.643266811446814,-15.702115937975245,-10.172691374711029,41.16246453840657,58.10032388881897,49.631394213612765,0.8415160808678078,0.23349619692499524,0.5375061388964015,50.66319118839786,False,True
0.82,0.09,0.23,-4.612321482654164,-15.549543918023373,-10.080932700338769,40.916986211973,57.16672033065401,49.0418532713135,0.8434007280458775,0.2579319012840161,0.5506663146649469,50.067240551021,False,True
0.82,0.09,0.25,-4.918854965728546,-15.983186082318449,-10.451020524023498,40.68350314534648,58.601287044931915,49.64239509513919,0.8451828220752629,0.22022103446848396,0.5327019282718735,50.7305748121925,False,True
0.82,0.09,0.27,-5.1390728779164165,-15.8784189826398,-10.508745930278108,40.3685635963151,56.666285644248134,48.517424620281616,0.8475704890792176,0.27086709138291243,0.559218790231065,49.6424640082646,False,True
0.82,0.09,0.29,-4.72511799442257,-15.793246873932679,-10.259182434177625,40.569830793310295,56.85480443267965,48.71231761299497,0.8460467519637517,0.26600762703917324,0.5560271895014625,49.780927185489816,False,True
0.82,0.09,0.31,-5.182895029532429,-16.465413765320385,-10.824154397426407,40.82557191389549,58.30146677595559,49.56351934492554,0.8440996759659052,0.2281797491994667,0.5361397125826859,50.73169392277508,False,True
0.82,0.09,0.33,-5.24893664024728,-16.541292975859516,-10.895114808053398,40.76967142330562,57.287941793277774,49.028806608291696,0.8445263172957704,0.2547814685263229,0.5496538929110466,50.22476883086603,False,True
0.82,0.09,0.35,-5.018628341879007,-16.83212559354118,-10.925376967710093,40.59322463458815,58.074161930434954,49.33369328251155,0.8458691521974167,0.2341863385412466,0.5400277453693316,50.52897341901471,False,True
0.82,0.11,0.11,-4.333818230888933,-14.713004180540917,-9.523411205714925,40.40737471366287,55.56917774298047,47.988276228321666,0.8472772508280988,0.2988270583452438,0.5730521545866714,48.92412509548678,False,True
0.82,0.11,0.13,-4.6736816347181795,-14.987165580377393,-9.830423607547786,40.36619798308666,57.583719123932234,48.974958553509445,0.8475883534107659,0.24706648518176177,0.5473274192962638,49.951814718003995,False,True
0.82,0.11,0.15,-4.568416035484352,-14.834376586935486,-9.701396311209919,40.752925541010825,58.131605019559544,49.442265280285184,0.8446540107112477,0.2326706056479959,0.5386623081796218,50.385064120563065,False,True
0.82,0.11,0.17,-4.41053080686523,-14.891256975220788,-9.650893891043008,40.31743551097718,56.74673614792232,48.53208582944975,0.8479563583316327,0.2687952862889825,0.5583758223103077,49.48235147861557,False,True
0.82,0.11,0.19,-4.674963787176365,-14.99837030539817,-9.836667046287268,40.69158640116448,58.189656323922534,49.44062136254351,0.8451212958507184,0.23113730156415568,0.5381292987074371,50.40967227917583,False,True
0.82,0.11,0.21,-4.705559708028469,-15.283246681417486,-9.994403194722977,40.25004466352265,56.31753938228678,48.28379202290472,0.8484642173416704,0.2798142068457473,0.5641392120937089,49.30732873853344,False,True
0.82,0.11,0.23,-4.638863032376713,-15.400342188358437,-10.019602610367574,40.342324580697344,57.02996796011662,48.68614627040698,0.8477685788856729,0.2614779572041983,0.5546232680449357,49.7064711595296,False,True
0.82,0.11,0.25,-4.956469538830174,-15.81861169080615,-10.387540614818162,40.525909240969185,57.529976868102686,49.02794305453594,0.8463799160542703,0.2484712385990664,0.5474255773266683,50.11626682209396,False,True
0.82,0.11,0.27,-5.179754185461171,-16.438144818787983,-10.808949502124577,40.41510634171962,58.38202538527092,49.39856586349527,0.8472188006828638,0.22604533556779682,0.5366320681253303,50.56729870884502,False,True
0.82,0.11,0.29,-5.004934434720726,-16.54387535032028,-10.774404892520504,40.72340712590538,58.34579700803284,49.534602066969114,0.8448789715754038,0.2270055770690521,0.535942274322228,50.69284567590332,False,True
0.82,0.11,0.31,-5.006766311063931,-16.375722389655508,-10.69124435035972,40.57388274723821,58.03835927149766,49.306121009367935,0.84601599794739,0.23513029408997055,0.5405731460186802,50.45192042677397,False,True
0.82,0.11,0.33,-5.032391918092909,-15.953612371679721,-10.493002144886315,40.69052922314702,57.33438587570452,49.01245754942577,0.8451293433243585,0.2535726619394929,0.5493510026319257,50.12308938051257,False,True
0.82,0.11,0.35,-5.498563563422156,-17.097815804876255,-11.298189684149206,40.98722112442103,57.58733275612583,49.28727694027343,0.8428626544015911,0.2469719824229245,0.5449173184122578,50.56564800658867,False,True
0.82,0.13,0.11,-4.506723326141112,-14.21048799443048,-9.358605660285797,40.471654931397936,56.36300114822417,48.41732803981105,0.8467909603852042,0.27865101210368104,0.5627209862444427,49.31349870389858,False,True
0.82,0.13,0.13,-4.611138796307122,-14.574018432658406,-9.592578614482765,40.67364857472748,55.95460961536699,48.314129095047235,0.8452578142425382,0.28906655214724475,0.5671621831948914,49.25720896161212,False,True
0.82,0.13,0.15,-4.515416991283672,-14.660615481454672,-9.588016236369171,40.667846990901666,57.351985069966084,49.00991603043387,0.8453019551429575,0.2531143493336211,0.5492081522382892,49.93898201464521,False,True
0.82,0.13,0.17,-4.968469654266972,-15.046629355361818,-10.007549504814396,40.4687962383237,56.83637673340878,48.65258648586624,0.8468126032932121,0.26648335108293153,0.5566479771880718,49.671170902808456,False,True
0.82,0.13,0.19,-4.943233877954327,-15.503966863052199,-10.223600370503263,40.61876673865603,58.18225233180237,49.4005095352292,0.8456751264822053,0.23133294771698187,0.5385040370995936,50.44732249461834,False,True
0.82,0.13,0.21,-5.15755561152345,-15.793923186156153,-10.475739398839801,40.73252016604964,56.54716540454091,48.63984278529527,0.8448095381743858,0.2739293424513978,0.5593694403128917,49.75515472924032,False,True
0.82,0.13,0.23,-5.191260663885668,-15.913046431810857,-10.552153547848263,40.891897456875675,56.41947497678377,48.65568621682972,0.8435927107222778,0.27720475314072524,0.5603987319315016,49.78678284171373,False,True
0.82,0.13,0.25,-4.997399908229373,-15.852784899059259,-10.425092403644316,40.822769390709404,56.803314783840534,48.813042087274965,0.8441210791823733,0.2673364820618037,0.5557287806220885,49.91388213151327,False,True
0.82,0.13,0.27,-5.147029757117504,-16.046990962509973,-10.597010359813739,40.88181645595718,57.30671571845103,49.094266087204105,0.8436698187935254,0.25429295492421367,0.5489813868588695,50.22492997712589,False,True
0.82,0.13,0.29,-5.245596395477858,-16.765519372120107,-11.005557883798982,40.97162006352667,56.454512224734145,48.71306614413041,0.8429822547388859,0.2763067433737775,0.5596444990563316,49.94081614767698,False,True
0.82,0.13,0.31,-5.103095421807723,-16.743509426051823,-10.923302423929773,40.53625904976863,59.116779161925294,49.82651910584696,0.8463014407503697,0.20644188679227438,0.526371663771322,51.00980829262116,False,True
0.82,0.13,0.33,-5.565769220932211,-16.917381816712613,-11.241575518822412,40.86021120299807,57.417710440749815,49.138960821873944,0.8438350101141141,0.2514015066324963,0.5476182583733051,50.40843670259027,False,True
0.82,0.13,0.35,-5.562895562762889,-17.54351897482237,-11.55320726879263,40.65022202255807,59.80918041543828,50.22970121899817,0.8454360147265407,0.18774403483584645,0.5165900247811936,51.541240601536835,False,True
0.82,0.15,0.11,-4.815559653945731,-14.930138782297577,-9.872849218121655,40.915199194015855,57.819276534991474,49.367237864503664,0.8434144064531084,0.24089384357224608,0.5421541250126772,50.34478449704845,False,True
0.82,0.15,0.13,-4.946100311827673,-15.40918900297234,-10.177644657400007,40.50139155128216,56.69469554116478,48.59804354622347,0.8465657364492751,0.27013579999109594,0.5583507682201856,49.652334157549284,False,True
0.82,0.15,0.15,-5.023513837149537,-15.315333941203772,-10.169423889176654,40.44764271654333,56.96786082126697,48.70775176890515,0.8469727071916313,0.2630856212882433,0.5550291642399373,49.75803718615757,False,True
0.82,0.15,0.17,-4.68835234302332,-14.633100733833281,-9.6607265384283,40.315274890189066,55.09182298800426,47.70354893909666,0.8479726540035324,0.31082185951666896,0.5793972567601007,48.671944882396915,False,True
0.82,0.15,0.19,-4.927127552451934,-15.493442187228675,-10.210284869840304,40.90300836798369,57.09091872272016,48.996963545351925,0.8435077029974156,0.2598985231840867,0.5517031130907512,50.04949903633238,False,True
0.82,0.15,0.21,-5.1653863359586305,-15.860328790412215,-10.512857563185422,41.0211674262133,57.465892229385354,49.24352982779933,0.8426022590607953,0.2501446140261139,0.5463734365434546,50.353206492190616,False,True
0.82,0.15,0.23,-5.245534514155423,-16.2429534470402,-10.744243980597812,40.50930677825801,57.51962791438034,49.01446734631917,0.8465057589696084,0.24874159632397075,0.5476236776467895,50.178250148425874,False,True
0.82,0.15,0.25,-5.299784350966644,-16.231623796433034,-10.765704073699839,40.7290381226037,56.785021271048244,48.75702969682597,0.8448360701361166,0.26780831478043443,0.5563221924582755,49.93143628076051,False,True
0.82,0.15,0.27,-5.219425370381733,-16.558498007748238,-10.888961689064985,40.973629600576366,59.220012063115554,50.09682083184596,0.8429668518471255,0.2036679591477467,0.5233174054974361,51.26656750869908,False,True
0.82,0.15,0.29,-5.593335987607928,-17.3789625727808,-11.486149280194365,41.11553281069253,58.77563060419059,49.94558170744156,0.8418772683728547,0.21557432183021852,0.5287257951015366,51.24931957969423,False,True
0.82,0.15,0.31,-5.504838426106268,-16.9400982154047,-11.222468320755484,40.84631700377892,57.280436616000415,49.06337680988967,0.8439411974541656,0.25497671487836127,0.5494589561662635,50.33049512174085,False,True
0.82,0.15,0.33,-5.328351398655537,-17.100548392118387,-11.214449895386963,40.75381354849047,56.795335792107046,48.77457467029876,0.8446472406498822,0.2675422977116867,0.5560947691807845,50.04720792136854,False,True
0.82,0.15,0.35,-5.408878616344375,-17.057832495729375,-11.233355556036875,40.623192913028625,57.75704415216404,49.19011853259633,0.8456414914867769,0.2425270553457597,0.5440842734162683,50.4564766734581,False,True
0.82,0.17,0.11,-4.697700803593495,-14.688347297290354,-9.693024050441924,40.333290970625185,58.04281371845049,49.18805234453784,0.8478367477551362,0.23501288200871895,0.5414248148819276,50.13401249343045,False,True
0.82,0.17,0.13,-4.906545209441638,-15.142933177032061,-10.024739193236849,40.602719454209115,56.01094887787814,48.30683416604363,0.8457970408654348,0.2876341900656817,0.5667156154655583,49.33604790655671,False,True
0.82,0.17,0.15,-5.187063334357348,-15.773979178224403,-10.480521256290876,40.81067114335695,58.7496004143362,49.78013577884657,0.8442134581327471,0.21626897121652,0.5302412146746336,50.87143839094748,False,True
0.82,0.17,0.17,-5.209644620529475,-15.786316341941953,-10.497980481235714,40.856772113031944,56.64769312827123,48.75223262065158,0.8438612969507365,0.27134547782140706,0.5576033873860717,49.86970803686874,False,True
0.82,0.17,0.19,-5.098401876840984,-15.38024320916422,-10.239322543002602,41.02029552327117,55.36250535698034,48.19140044012576,0.8426089499525253,0.3040329516481357,0.5733209508003305,49.26717774056268,False,True
0.82,0.17,0.21,-5.4198027304148875,-16.042390023459124,-10.731096376937005,40.672936365284144,56.20498940682324,48.43896288605369,0.8452632333718735,0.28268989703347247,0.5639765652026729,49.613400961107246,False,True
0.82,0.17,0.23,-5.505380534092889,-16.604842171988945,-11.055111353040918,40.653681929702906,57.1694971760754,48.911589552889154,0.8454097024571898,0.2578598083447362,0.5516347554009631,50.14537944435588,False,True
0.82,0.17,0.25,-5.238080922750607,-16.338042261770312,-10.788061592260458,40.553585865242184,57.945949942717455,49.249767903979816,0.8461700188680281,0.23756402334750348,0.5418670211077659,50.41747625094185,False,True
0.82,0.17,0.27,-5.589917956850443,-16.857265378693427,-11.223591667771935,40.62528401818823,55.967120823445725,48.29620242081698,0.8456255996694142,0.28874859333175384,0.5671870965005841,49.583184429778285,False,True
0.82,0.17,0.29,-5.8215428162353255,-16.537017130241548,-11.179279973238437,40.758241766562755,56.833825953342235,48.796033859952495,0.8446134782501744,0.2665491891172518,0.5555813336837131,50.060255904077046,False,True
0.82,0.17,0.31,-5.643851098541568,-17.07018675864525,-11.357018928593408,40.990103814543446,56.388590767034955,48.6893472907892,0.8428405502339555,0.27799585763742807,0.5604182039356917,49.996344051815534,False,True
0.82,0.17,0.33,-5.869489903386165,-17.56877563207733,-11.719132767731747,41.22227553656387,57.503085899180384,49.362680717872124,0.8410551770673558,0.24917364157188082,0.5451144093196183,50.73472499661655,False,True
0.82,0.17,0.35,-5.842501352611049,-17.36200503786182,-11.602253195236434,40.78599822691978,56.07020485643158,48.42810154167568,0.8444017689997863,0.2861261184205528,0.5652639437101695,49.79852706794875,False,True
0.82,0.19,0.11,-5.121523302134891,-15.10678535952338,-10.114154330829136,40.47950930240013,56.58778418845783,48.53364674542898,0.8467314877785755,0.2728858701826944,0.5598086789806349,49.57631475047252,False,True
0.82,0.19,0.13,-5.101687052180472,-15.485226846691734,-10.293456949436102,40.52107624732454,56.86606898337391,48.693572615349225,0.8464165543744202,0.2657167487765876,0.556066651575504,49.769662144886844,False,True
0.82,0.19,0.15,-5.324571284881375,-15.406280723705509,-10.365426004293441,40.790956950499464,56.21826634785183,48.504611649175644,0.8443639317245517,0.28235096595650055,0.5633574488405262,49.59979241375743,False,True
0.82,0.19,0.17,-5.225741241888674,-15.14648567881434,-10.186113460351507,40.55484029232842,57.120008399141085,48.83742434573475,0.8461605020040863,0.25914411958005257,0.5526523107920694,49.88838466168773,False,True
0.82,0.19,0.19,-5.424294366800043,-15.689623647796655,-10.55695900729835,40.937180918817646,56.87730643570767,48.907243677262656,0.8432461097757107,0.26542651284221763,0.5543363113089641,50.03366734099076,False,True
0.82,0.19,0.21,-5.683446601997943,-16.55569611727623,-11.119571359637087,40.85479522457952,58.42943271576907,49.64211397017429,0.8438764063837864,0.22478789301504354,0.5343321496994149,50.872235518501,False,True
0.82,0.19,0.23,-5.460956584513483,-16.142659687748097,-10.80180813613079,40.47963244281512,56.64354102404134,48.56158673342823,0.8467305552782942,0.2714522902431826,0.5590914227607384,49.748434800283455,False,True
0.82,0.19,0.25,-5.628730374840031,-16.25084450529139,-10.939787440065711,40.692017109480396,55.825486514461616,48.25875181197101,0.8451180171435075,0.29234392334724724,0.5687309702453773,49.48318982930703,False,True
0.82,0.19,0.27,-5.571601481534164,-15.997672223098252,-10.784636852316208,40.856977959613474,56.356834248944956,48.60690610427922,0.8438597236155183,0.2788088547699561,0.5613342891927372,49.78895171688749,False,True
0.82,0.19,0.29,-5.705023913613482,-17.509763948516202,-11.607393931064841,40.922339169614126,59.06494995168967,49.9936445606519,0.8433597512203472,0.20783274269552787,0.5255962469579376,51.32344581502415,False,True
0.82,0.19,0.31,-5.644630939044161,-17.291363750395643,-11.467997344719901,41.15175736900999,58.06720166837256,49.60947951869127,0.8415985197347404,0.2343698950206896,0.537984207377715,50.91773189384963,False,True
0.82,0.19,0.33,-6.040084962170301,-17.55496588298539,-11.797525422577845,40.914056537596124,57.944385425311886,49.42922098145401,0.8434231523978326,0.23760519372279743,0.540514173060315,50.81761006707993,False,True
0.82,0.19,0.35,-5.8845821178886455,-17.977459039114397,-11.93102057850152,40.57607826679169,58.63862912027437,49.60735369353303,0.8459993328410983,0.219226931988601,0.5326131324148496,51.02194422520482,False,True
0.82,0.21,0.11,-5.0532584993462315,-14.934860037322284,-9.994059268334258,40.607775986026226,55.90149168044398,48.254633833235104,0.8457586305947778,0.2904156954061564,0.5680871630004671,49.27870642618956,False,True
0.82,0.21,0.13,-5.176123918851729,-14.873621452883187,-10.024872685867457,40.82255822975973,54.747464509170364,47.785011369465046,0.8441226917851593,0.3194105251380881,0.5817666084616238,48.82525354719374,False,True
0.82,0.21,0.15,-5.279902216603567,-15.541280082056602,-10.410591149330084,40.81878055632095,58.02377451370822,49.42127753501458,0.8441515398704613,0.23551466187318615,0.5398331008718238,50.50587175043558,False,True
0.82,0.21,0.17,-5.53693086963738,-16.099219823337997,-10.818075346487689,40.864416672534446,59.254465136463274,50.05944090449886,0.8438028624141595,0.20274110803264833,0.5232719852234039,51.215021017991376,False,True
0.82,0.21,0.19,-5.744462452327605,-16.407848640004303,-11.076155546165953,40.39085203521446,58.15312153097878,49.27198678309662,0.8474021227349788,0.23210247039086518,0.539752296562922,50.501583175545214,False,True
0.82,0.21,0.21,-5.5819135906552555,-15.906517164895986,-10.744215377775621,41.019183061398465,57.58061038439911,49.29989672289879,0.8426174866617726,0.24714777937521137,0.5448826330184919,50.45709049254145,False,True
0.82,0.21,0.23,-5.735668843554091,-16.73288419861815,-11.234276521086121,40.83574105428824,56.8391272877594,48.83743417102382,0.8440220006434898,0.26641235337528446,0.5552171770093871,50.11291196250036,False,True
0.82,0.21,0.25,-5.712527292789681,-16.73479129728352,-11.223659295036601,40.63929313995039,56.897683844711686,48.76848849233104,0.8455191131448349,0.26490006787689535,0.5552095905108652,50.043341193386425,False,True
0.82,0.21,0.27,-5.794966814543459,-16.92043372180762,-11.357700268175538,41.01343041498093,57.7413110560997,49.37737073554031,0.842661627105264,0.2429396724255355,0.5428006497653998,50.66677507140856,False,True
0.82,0.21,0.29,-5.525381375540683,-17.42778693644752,-11.476584155994102,40.77381504880813,59.16436049413758,49.96908777147286,0.844494712554696,0.2051639502024939,0.524829331378595,51.27008598201073,False,True
0.82,0.21,0.31,-5.861388859325266,-17.52160802589166,-11.691498442608463,40.73486382346763,57.5373281453557,49.13609598441167,0.8447916790417224,0.24827916310844556,0.5465354210750839,50.50789111042781,False,True
0.82,0.21,0.33,-5.974264428659117,-17.420183500950234,-11.697223964804675,40.734180576643176,57.70101641626473,49.21759849645395,0.8447968856236582,0.24399592932682057,0.5443964074752394,50.588507096384525,False,True
0.82,0.21,0.35,-5.791704555633085,-18.226491143662603,-12.009097849647844,40.947955111902154,58.24338251079679,49.59566881134947,0.8431635872916919,0.22971687280140285,0.5364402300465474,51.028901575553036,False,True
0.82,0.23,0.11,-5.389102490475649,-15.416037681786124,-10.402570086130886,40.43906949368675,55.91990460134265,48.1794870475147,0.847037571196461,0.28994817044217913,0.56849287081932,49.28971937999345,False,True
0.82,0.23,0.13,-5.387381137359588,-15.697039088871254,-10.54221011311542,40.172523489998035,57.81001587337711,48.99126968168757,0.8490473679581141,0.24113698955044138,0.5450921787542777,50.11269997807854,False,True
0.82,0.23,0.15,-5.2977519660431325,-15.545910953747407,-10.42183145989527,40.47453584686647,56.91326658724245,48.69390121705446,0.8467691476867875,0.2644973646105042,0.5556332561486459,49.79669252786495,False,True
0.82,0.23,0.17,-5.735572374603297,-16.649676640083243,-11.19262450734327,40.93404340575483,57.537321922368555,49.23568266406169,0.843270136761459,0.24827932571414868,0.5457747312378038,50.49185370689579,False,True
0.82,0.23,0.19,-5.851953047900446,-17.072049742369135,-11.462001395134791,40.77910473014405,58.16721919839243,49.47316196426824,0.8444543618162219,0.23173011286716794,0.538092237341695,50.78357244941311,False,True
0.82,0.23,0.21,-5.717918219269285,-16.470626716795184,-11.094272468032234,40.51387179035511,58.3571101260513,49.435490958203204,0.8464711623495158,0.2267057842682555,0.5365884733088857,50.66508312312858,False,True
0.82,0.23,0.23,-5.764938767851283,-16.642884314404434,-11.203911541127859,40.77676868269299,55.625137904714094,48.20095329370354,0.8444721822949371,0.29741413450053367,0.5709431583977354,49.48595287799567,False,True
0.82,0.23,0.25,-5.9620463245227535,-17.11375782395439,-11.537902074238572,40.77973226758782,56.60353269973092,48.69163248365937,0.8444495744887967,0.27248109877665583,0.5584653366327262,50.03996660868661,False,True
0.82,0.23,0.27,-5.634623199967356,-16.76854132592419,-11.201582262945774,40.907334193450225,58.09182647485962,49.49958033415493,0.8434746005833085,0.2337203892661599,0.5385974949247342,50.75119602975873,False,True
0.82,0.23,0.29,-6.021074592682832,-17.435144537510173,-11.728109565096503,40.945479644656004,57.605954454674325,49.27571704966516,0.8431825494921814,0.24648489863953194,0.5448337240658567,50.65219486586509,False,True
0.82,0.23,0.31,-6.076586203251534,-17.88844567675341,-11.982515940002472,40.88103267003693,58.687744646822004,49.784388658429464,0.8436758130585065,0.21791843821787915,0.5307971256381928,51.206113329816134,False,True
0.82,0.23,0.33,-5.9897161414214,-18.303955922897572,-12.146836032159486,40.70516841874087,58.522854901823095,49.61401166028198,0.8450178879213881,0.22230695477196827,0.5336624213466782,51.07930871320367,False,True
0.82,0.23,0.35,-6.449100522696083,-18.283107181068196,-12.36610385188214,40.744332464501454,57.86637664929771,49.30535455689959,0.8447195156641589,0.23965659012858376,0.5421880528963714,50.83245530620288,False,True
0.82,0.25,0.11,-5.407379277383736,-15.525063973246683,-10.46622162531521,40.91110612445856,58.5322899472965,49.72169803587753,0.8434457338659407,0.22205617545714262,0.5327509546615417,50.81130829531162,False,True
0.82,0.25,0.13,-5.669705764952014,-15.507739706348419,-10.588722735650217,40.8808526557592,55.46583305633865,48.173342856048926,0.843677189761677,0.3014326436668897,0.5725549167142834,49.32334144296102,False,True
0.82,0.25,0.15,-5.85170917364762,-16.124718543238703,-10.988213858443162,40.87337273479585,57.829094789204106,49.35123376199998,0.843734388925506,0.2406360150255158,0.5421852019755109,50.559718330212725,False,True
0.82,0.25,0.17,-5.633715953018129,-16.04319115173701,-10.838453552377569,41.19040876015446,56.854146450464526,49.0222776053095,0.8413008258726347,0.266024615968698,0.5536627209206664,50.20613286262023,False,True
0.82,0.25,0.19,-6.0348353969303865,-16.318278143346145,-11.176556770138266,41.01810139649716,56.088706566681154,48.553403981589156,0.8426257868220159,0.2856549210395063,0.5641403539307611,49.823171912630386,False,True
0.82,0.25,0.21,-5.766850958867022,-16.353500945340254,-11.060175952103638,40.77998111225788,57.370174781747664,49.07507794700277,0.8444476760941647,0.25264051083936123,0.5485440934667629,50.30597149042933,False,True
0.82,0.25,0.23,-6.183893610285662,-17.276553822089134,-11.730223716187398,40.78337343215157,58.267593687215445,49.52548355968351,0.8444217954941051,0.22907634211532268,0.5367490688047138,50.89569402466467,False,True
0.82,0.25,0.25,-6.280779882647333,-17.532203673923206,-11.90649177828527,41.01744965122916,57.573479436206284,49.29546454371772,0.8426307878864431,0.24733423859188008,0.5449825132391616,50.71299016077937,False,True
0.82,0.25,0.27,-6.229356675538888,-17.607388560386983,-11.918372617962936,40.55553881875034,58.61004151857241,49.582790168661376,0.8461552024206691,0.21998803397806832,0.5330716181993687,50.995104537299575,False,True
0.82,0.25,0.29,-6.21756218664571,-17.312525787513987,-11.76504398707985,40.72110831586572,57.527183293287635,49.12414580457668,0.8448964840449109,0.24854422318768288,0.5467203536162969,50.5133443858871,False,True
0.82,0.25,0.31,-6.306824212150188,-18.255923467379368,-12.281373839764779,41.18585493758843,58.73536811717447,49.960611527381445,0.8413359140377475,0.2166486484137956,0.5289922812257716,51.44798195830404,False,True
0.82,0.25,0.33,-6.548779077700866,-18.254529189126128,-12.401654133413498,40.68655354641641,59.53134083289775,50.10894718965708,0.845159605186194,0.19527306878252337,0.5202163369843587,51.62080601560435,False,True
0.82,0.25,0.35,-6.423560763419609,-18.306326900617794,-12.364943832018701,40.709976532208124,57.58997214180862,49.14997433700837,0.8449812726403698,0.24690295415506724,0.5459421133977185,50.68147406397686,False,True
0.82,0.27,0.11,-5.639907782422583,-15.747521175008291,-10.693714478715437,40.9429576885757,57.343297752293864,49.143127720434784,0.8432018666205494,0.2533405992704195,0.5482712329454844,50.29316585281994,False,True
0.82,0.27,0.13,-5.767799109729422,-15.795697462645569,-10.781748286187495,40.58082573915658,57.159637741058454,48.87023174010751,0.8459632940362878,0.25811576483914234,0.5520395294377151,50.045435820247576,False,True
0.82,0.27,0.15,-5.885563763871951,-16.221224809076602,-11.053394286474276,40.89413594258336,56.09103776359784,48.4925868530906,0.843575586299772,0.2855955396148241,0.564585562957298,49.736390148027404,False,True
0.82,0.27,0.17,-5.961186885627349,-16.412716739447355,-11.186951812537352,40.53692817078084,56.53805291664532,48.537490543713076,0.8462963665877927,0.27416333391416603,0.5602298502509794,49.809997782945835,False,True
0.82,0.27,0.19,-5.8848272727627915,-16.86593636145696,-11.375381817109876,40.87261276975769,57.7089948796497,49.290803824703694,0.8437401998135785,0.24378684573751797,0.5437635227755482,50.5863880225744,False,True
0.82,0.27,0.21,-6.346680919849312,-17.06383665238113,-11.705258786115222,40.94141472219056,56.9937196455891,48.96756718388983,0.8432136845108034,0.26241646980279587,0.5528150771567997,50.347152046155415,False,True
0.82,0.27,0.23,-5.993036052709795,-17.226191883276073,-11.609613967992933,41.09900570490873,58.23667089149166,49.667838298200195,0.8420043632054308,0.22989438822076658,0.5359493757130986,51.006639741331504,False,True
0.82,0.27,0.25,-5.834755867271486,-17.65436807697356,-11.744561972122524,40.570412971915246,58.26086091523942,49.41563694357733,0.8460423334621952,0.22925449099687933,0.5376484122295373,50.79212449244933,False,True
0.82,0.27,0.27,-6.285867069444984,-17.401380060141868,-11.843623564793425,40.31487842965458,56.29111631655146,48.30299737310302,0.8479756440635855,0.2804898419188737,0.5642327429912296,49.73380112529634,False,True
0.82,0.27,0.29,-6.333616888457739,-17.932772138078292,-12.133194513268016,40.873846984599055,58.05923055888408,49.46653877174157,0.843730762634829,0.23458008260794405,0.5391554226213866,50.932827009238444,False,True
0.82,0.27,0.31,-6.285656426230133,-18.344166958998674,-12.314911692614404,41.272571781068805,58.5798613494239,49.92621656524635,0.8406670759931557,0.22079113295177366,0.5307291044724647,51.42260349804131,False,True
0.82,0.27,0.33,-6.581083783311348,-19.13877063847096,-12.859927210891154,40.95523206604552,59.99406033597031,50.474646201007914,0.8431078388280184,0.1827146424605216,0.51291124064427,52.0871158443846,False,True
0.82,0.27,0.35,-6.6392326064854705,-18.811665085871937,-12.725448846178704,40.61156791216874,58.01672728622196,49.31414759919535,0.8457298233442369,0.23570035041088022,0.5407150868775585,50.92958081284329,False,True
0.82,0.29,0.11,-5.68022681974119,-15.929563815310765,-10.804895317525977,40.838895546535284,58.50664641707907,49.672770981807176,0.8439979016370178,0.22273767471237937,0.5333677881746985,50.834338196083166,False,True
0.82,0.29,0.13,-6.15558913609141,-16.303133528006086,-11.229361332048748,40.93142602987409,57.43006615764874,49.180746093761414,0.8432901791425518,0.25107929015326635,0.5471847346479091,50.446450244439795,False,True
0.82,0.29,0.15,-5.897077954060568,-16.350907399633847,-11.123992676847207,40.7460795577484,58.11446814296627,49.43027385035734,0.8447061987051845,0.23312294791220478,0.5389145733086946,50.66650951068043,False,True
0.82,0.29,0.17,-5.726404022207276,-16.357688102600793,-11.042046062404035,40.58268047501452,57.09844409780024,48.840562286407376,0.8459492133010811,0.2597033990415305,0.5528263061713058,50.07321944609405,False,True
0.82,0.29,0.19,-6.2002738648485805,-17.328509579990612,-11.764391722419596,40.8486573188137,59.147194203449985,49.99792576113184,0.8439233139703342,0.20562511997210275,0.5247742169712184,51.363347759021565,False,True
0.82,0.29,0.21,-6.4658049508096695,-17.534583617328504,-12.000194284069087,41.19599448812365,57.875170034920906,49.53558226152228,0.8412577813607226,0.23942548871188551,0.5403416350363041,50.96840759571997,False,True
0.82,0.29,0.23,-6.170463137604713,-17.047896982758523,-11.609180060181618,40.76381815405102,57.46073310720473,49.11227563062788,0.8445709565567215,0.25027924769308685,0.5474251021249041,50.46571786161853,False,True
0.82,0.29,0.25,-6.356262858668026,-17.535105230593505,-11.945684044630765,40.89410560078051,55.87695008503988,48.38552784291019,0.8435758184209234,0.29103859500359164,0.5673072067122575,49.83832533233018,False,True
0.82,0.29,0.27,-6.520477044464908,-17.485581225067662,-12.003029134766285,40.90256146919838,57.52063051667786,49.21159599293812,0.8435111225911411,0.24871540630872346,0.5461132644499322,50.65425834598915,False,True
0.82,0.29,0.29,-6.80242052532823,-18.639299792996507,-12.720860159162369,40.965869397110836,58.52231418613233,49.744091791621585,0.8430263288225895,0.22232132552986228,0.5326738271762259,51.34486295007747,False,True
0.82,0.29,0.31,-6.422409956042132,-17.968345936634016,-12.195377946338073,41.06018331545837,57.45601273921906,49.25809802733872,0.842302709651492,0.25040242093798926,0.5463525652947406,50.7453196317152,False,True
0.82,0.29,0.33,-6.409368151931756,-18.574599422887335,-12.491983787409545,41.02233648615113,58.12112803367021,49.571732259910675,0.8425932875942677,0.2329471703421241,0.5377702289681958,51.12148568061351,False,True
0.82,0.29,0.35,-6.520790532605343,-18.524008352420328,-12.522399442512835,40.75882657386947,57.13461087623426,48.946718725051866,0.8446090191851479,0.25876527811431693,0.5516871486497323,50.523180439746554,False,True
0.84,0.05,0.11,-6.537897882532443,-15.898581938802417,-11.21823991066743,40.98320253618293,56.10432418616919,48.54376336117606,0.8428934659235847,0.28525705403464974,0.5640752599791172,49.82314590588546,False,True
0.84,0.05,0.13,-6.823320743692252,-17.104019667961094,-11.963670205826674,40.95811327306103,57.89627541941793,49.42719434623948,0.8430857632751212,0.23887066893763087,0.5409782161063761,50.854468296647376,False,True
0.84,0.05,0.15,-6.620409065720907,-16.62862729600961,-11.624518180865259,40.65707507905946,58.50228285385191,49.57967896645569,0.8453838956995054,0.22285361049165164,0.5341187530955785,50.924198465504354,False,True
0.84,0.05,0.17,-6.567957252896521,-16.810753269809915,-11.689355261353217,40.45947442016844,57.70960906108653,49.084541740627486,0.8468831673189949,0.24377074930214826,0.5453269583105715,50.45724194120729,False,True
0.84,0.05,0.19,-6.795205155716317,-16.994588841742182,-11.89489699872925,41.09488249332784,57.79661903958077,49.4457507664543,0.842036063084794,0.24148866506896538,0.5417623640768796,50.85637465911913,False,True
0.84,0.05,0.21,-7.259078240427755,-17.89581105221358,-12.577444646320668,40.835508923914816,58.73705456169394,49.78628174280438,0.8440237739492945,0.21660366367625683,0.5303137188127757,51.35042320765387,False,True
0.84,0.05,0.23,-6.980714065404007,-17.394487908092593,-12.1876009867483,40.571981934531124,56.52135687143809,48.546669402984605,0.8460304253510232,0.27459195894863464,0.5603111921498289,50.0531390417711,False,True
0.84,0.05,0.25,-7.26970735758912,-18.167488308568114,-12.718597833078617,40.80314323440717,56.66666255831676,48.734902896361966,0.844270925393533,0.2708573917400997,0.5575641585668163,50.367186651205984,False,True
0.84,0.05,0.27,-7.075047972653453,-18.126263592219548,-12.600655782436501,41.09897563258534,57.70245332559673,49.400714479091036,0.842004594417552,0.24395827581921714,0.5429814351183846,50.982419687497426,False,True
0.84,0.05,0.29,-7.232142688021255,-18.252385898232312,-12.742264293126784,40.8560541993469,57.693836302401856,49.27494525087438,0.8438667840766673,0.2441840666565408,0.544025425366604,50.895830170973355,False,True
0.84,0.05,0.31,-7.244216318899597,-18.1276769183006,-12.685946618600099,40.71514546118183,58.57818716903258,49.646666315107204,0.8449419048131823,0.22083567104163682,0.5328887879274096,51.241825863385976,False,True
0.84,0.05,0.33,-7.577690062653493,-18.542063031076133,-13.059876546864812,40.94560411725293,57.52185072224726,49.233727419750096,0.8431815960533576,0.24868353143667998,0.5459325637450188,50.93643382748346,False,True
0.84,0.05,0.35,-7.427885470453968,-18.461741107284276,-12.944813288869122,41.19577328724549,56.67662695210569,48.93620011967559,0.8412594860810154,0.27060094103216137,0.5559302135565884,50.61936263167109,False,True
0.84,0.07,0.11,-6.652853146522758,-16.39921029607822,-11.52603172130049,41.072451625469974,56.28064056940926,48.67654609743961,0.8422084593038469,0.2807576179241045,0.5614830386139757,50.022550386966365,False,True
0.84,0.07,0.13,-6.944009915481887,-16.66297147296055,-11.803490694221217,40.775085416438856,56.96149528998021,48.86829035320953,0.8444850224160223,0.2632502962256633,0.5538676593208428,50.273573521425334,False,True
0.84,0.07,0.15,-6.966943024325438,-16.976475318861628,-11.971709171593533,41.11243362839783,58.42397916055164,49.76820639447473,0.8419011052377744,0.22493259627633333,0.5334168507570538,51.187851959349224,False,True
0.84,0.07,0.17,-6.722934775640933,-16.99254371909214,-11.857739247366537,40.771985647314374,56.14283564857605,48.45741064794521,0.8445086663739729,0.28427548109161904,0.564392073732796,49.887138891322785,False,True
0.84,0.07,0.19,-7.125590282319842,-17.52011221351841,-12.322851247919125,40.91261376826776,57.601999412803764,49.25730659053576,0.8434341950716367,0.24658836299488274,0.5450112790332597,50.775337669309295,False,True
0.84,0.07,0.21,-6.962158990258308,-17.62039258447462,-12.291275787366462,40.665256360858656,58.89182907294151,49.778542716900084,0.8453216637170494,0.21246966223494557,0.5288956629759975,51.27356800047513,False,True
0.84,0.07,0.23,-7.146863274537138,-17.472957757388514,-12.309910515962827,41.035717177463674,57.6063741692828,49.321045673373234,0.8424905848078243,0.24647391843962485,0.5444822516237247,50.83403823449383,False,True
0.84,0.07,0.25,-7.219167661620199,-17.882189578778167,-12.550678620199182,40.69665506103438,58.03555190072284,49.36610348087861,0.8450827091828351,0.23520428725425246,0.5401434982185438,50.936545885173054,False,True
0.84,0.07,0.27,-7.397622807786119,-18.563015135158512,-12.980318971472315,40.93308249883587,57.707947702759355,49.320515100797614,0.8432774949909325,0.2438142897003257,0.5435458923456291,51.00001853341986,False,True
0.84,0.07,0.29,-7.4726031851584525,-18.79463043218042,-13.133616808669435,41.06161438658615,58.02058786556453,49.54110112607534,0.8422917170083195,0.2355986301743812,0.5389451735913504,51.25243985666426,False,True
0.84,0.07,0.31,-7.319880737074986,-18.181100769182386,-12.750490753128686,41.23856467278121,57.65671100624207,49.44763783951164,0.8409295369672307,0.24515647078366776,0.5430430038754492,51.065094755156615,False,True
0.84,0.07,0.33,-7.670593372090096,-19.617133735583558,-13.643863553836827,41.17392405806437,58.93774155331432,50.05583280568935,0.8414278255889903,0.21124125530470472,0.5263345404468476,51.88199505172139,False,True
0.84,0.07,0.35,-7.750421280098942,-18.96599521645405,-13.358208248276496,41.53794871287575,57.29783850369281,49.41789360828428,0.8386115113162161,0.2545239675996348,0.5465677394579255,51.19150257888536,False,True
0.84,0.09,0.11,-7.128520091573831,-17.13283618338832,-12.130678137481077,40.793597340894564,59.22743667305211,50.01051700697334,0.8443437824899881,0.20346826903592874,0.5239060257629584,51.46071475776382,False,True
0.84,0.09,0.13,-7.004434465144525,-16.94626354086272,-11.975349003003622,40.51968965626069,57.60169248291608,49.06069106958839,0.8464270651411315,0.24659639201940953,0.5465117285802705,50.50109297796761,False,True
0.84,0.09,0.15,-6.875095228122792,-17.020533387022503,-11.947814307572648,40.99765669405914,55.21111318764005,48.1043849408496,0.8427826281679989,0.30783407655933637,0.5753083523636676,49.565937066353094,False,True
0.84,0.09,0.17,-7.405717256104584,-17.85417051275561,-12.629943884430096,40.771911885358044,59.36992909646318,50.07092049091061,0.8445092289825584,0.19963098433094206,0.5220701066567502,51.63925407411444,False,True
0.84,0.09,0.19,-7.436305498655131,-17.85247256016881,-12.64438902941197,40.99859675787918,56.76164237378018,48.88011956582967,0.842775418192137,0.2684110903020095,0.5555932542470732,50.48907468647963,False,True
0.84,0.09,0.21,-6.9828539863426435,-17.4073465869598,-12.195100286651222,40.716533868707714,57.33053527982611,49.02353457426691,0.8449313295103307,0.25367291917506996,0.5493021243427003,50.51759508483974,False,True
0.84,0.09,0.23,-7.606084457084572,-18.439599926180048,-13.02284219163231,40.731397446735905,57.74937457205445,49.24038600939518,0.8448180931533974,0.24272821223639762,0.5437731526948975,50.933388195783714,False,True
0.84,0.09,0.25,-7.628540976734946,-18.02571404283747,-12.827127509786209,40.91033472081119,58.03053765110479,49.47043618595799,0.8434516376610117,0.2353364376627174,0.5393940376618646,51.10635240927743,False,True
0.84,0.09,0.27,-7.398279086419221,-18.474555968155855,-12.936417527287539,41.03978924444989,58.57833978343119,49.80906451394054,0.8424593232261108,0.22083161110546867,0.5316454671657898,51.461576017395764,False,True
0.84,0.09,0.29,-7.551651917393991,-18.845736824209546,-13.198694370801768,40.775836728069244,61.27383160255271,51.02483416531098,0.8444792914022623,0.1474746837937485,0.4959769875980054,52.70426201638081,False,True
0.84,0.09,0.31,-7.637769142105265,-18.854088477477493,-13.24592880979138,41.15539538753383,58.01587303700856,49.585634212271195,0.8415705115509495,0.23572285762899736,0.5386466845899734,51.324358254801595,False,True
0.84,0.09,0.33,-7.808680454665426,-20.007995020838955,-13.908337737752191,41.132450654107316,61.06292236521307,51.09768650966019,0.8417471158104036,0.15333349847682465,0.49754030714361414,52.956731633163415,False,True
0.84,0.09,0.35,-7.971308514988625,-19.47040640274901,-13.720857458868817,41.124650813092614,59.16101521571066,50.14283301440164,0.8418071282961229,0.20525383109351825,0.5235304796948206,51.986206171606355,False,True
0.84,0.11,0.11,-7.2872914803012945,-16.96990982104783,-12.128600650674562,40.65931808730241,57.73460364847484,49.19696086788862,0.8453668352118927,0.24311554710478533,0.544241191158339,50.66995078328089,False,True
0.84,0.11,0.13,-6.98232830937872,-16.87133400093522,-11.92683115515697,40.936682492013524,57.30278992652609,49.1197362092698,0.8432499268370299,0.25439512062627745,0.5488225237316537,50.54698593063561,False,True
0.84,0.11,0.15,-7.254152666051004,-17.280066585914142,-12.267109625982574,40.735366632032616,58.32732408859413,49.531345360313374,0.844787847407223,0.22749497661164353,0.5361414120094332,51.02779783391119,False,True
0.84,0.11,0.17,-7.288451045826274,-17.60397114523304,-12.446211095529657,40.80571115338151,57.520192552417036,49.16295185289927,0.8442513233630252,0.24872684688391,0.5464890851234676,50.71394291045587,False,True
0.84,0.11,0.19,-7.549710850899791,-18.356488576521002,-12.953099713710397,40.94144441963653,59.18257364802707,50.0620090338318,0.8432134570562881,0.20467451029681216,0.5239439836765502,51.71061342410068,False,True
0.84,0.11,0.21,-7.583092456843785,-17.888539457839713,-12.73581595734175,40.93026951857354,57.64047948603045,49.28537450230199,0.8432990346423914,0.24558141813703338,0.5444402263897123,50.90431364758236,False,True
0.84,0.11,0.23,-7.44631316538045,-18.167774734834786,-12.807043950107618,41.15519347325179,58.95120142586372,50.05319744955776,0.8415720661027958,0.21088094952524894,0.5262265078140224,51.665684449781594,False,True
0.84,0.11,0.25,-7.553814167810302,-18.375102602268846,-12.964458385039574,40.91242844890331,57.73258357802348,49.322506013463396,0.8434356134415271,0.24316851129171835,0.5433020623666227,50.99790957152612,False,True
0.84,0.11,0.27,-7.3557666513691515,-18.251268266022464,-12.803517458695808,41.2508878464499,58.47287636842664,49.86188210743827,0.8408344538408039,0.22363468771579742,0.5322345707783007,51.479484715867166,False,True
0.84,0.11,0.29,-7.516842809376405,-18.8620920985558,-13.189467453966103,40.86837018007726,58.549393580990106,49.70888188053368,0.8437726377598611,0.22160146540784642,0.5326870515838538,51.4289314445875,False,True
0.84,0.11,0.31,-7.7509326504607055,-19.408230124100136,-13.57958138728042,40.74500879738367,59.75036698886711,50.24768789312539,0.8447143604848828,0.1893407150820855,0.5170275377834841,52.05031382478604,False,True
0.84,0.11,0.33,-8.0998875386574,-19.348593796895024,-13.724240667776211,41.166124464681545,57.59736083017041,49.38174264742598,0.8414878966833496,0.24670969980462654,0.544098798243988,51.25340270463661,False,True
0.84,0.11,0.35,-7.918154547262016,-19.625325423314628,-13.771739985288322,41.14784783316265,58.37327253730278,49.76056018523272,0.8416286155016501,0.22627738643114925,0.5339530009663997,51.6311356854617,False,True
0.84,0.13,0.11,-7.4154084827488,-17.163433090671514,-12.289420786710156,41.38455194691764,57.31826915322067,49.351410550069154,0.8398013033509472,0.2539922451011217,0.5468967742260344,50.858544872561,False,True
0.84,0.13,0.13,-7.226404644430064,-16.85635751810398,-12.041381081267023,40.971896549370356,59.03491988717322,50.00340821827179,0.842980135548569,0.20863805232337918,0.5258090939359741,51.43282698615181,False,True
0.84,0.13,0.15,-7.431801618589586,-17.36961641810206,-12.400709018345822,40.88355171461284,57.156217816272246,49.01988476544254,0.8436565474136899,0.25820453770346385,0.5509305425585769,50.56408494746987,False,True
0.84,0.13,0.17,-7.305841969267113,-17.409598826238103,-12.357720397752608,40.958600005014326,57.866366649086544,49.41248332705044,0.8430820338246828,0.23965685292692873,0.5413694433758058,50.93433774945021,False,True
0.84,0.13,0.19,-7.585320019851801,-17.79444765550453,-12.689883837678167,40.889381797809946,58.068640174224264,49.4790109860171,0.8436119544031379,0.2343319604553339,0.5389719574292359,51.08038449315125,False,True
0.84,0.13,0.21,-7.582167637527154,-18.49744611736443,-13.039806877445791,41.04898299054284,60.17198931638055,50.61048615346169,0.8423887306990776,0.17785968217547554,0.5101242064372766,52.26335113720532,False,True
0.84,0.13,0.23,-7.910761482398041,-18.51754158610924,-13.21415153425364,40.96061406756504,57.68432275526744,49.32246841141624,0.8430666011502471,0.244433309838206,0.5437499554942266,51.06192016527944,False,True
0.84,0.13,0.25,-8.014703093735113,-18.735073776103192,-13.374888434919153,41.45794427707645,59.21750665770505,50.337725467390754,0.8392325993072258,0.2037353381411099,0.5214839687241679,52.08429941812536,False,True
0.84,0.13,0.27,-7.674273850631512,-18.468911438259624,-13.071592644445568,41.337647132212346,58.170811375021124,49.754229253616735,0.8401642325906646,0.23163521933823283,0.5358997259644487,51.44268522233044,False,True
0.84,0.13,0.29,-7.879353994916295,-18.76822684816448,-13.323790421540387,40.989876619855764,57.67802015685304,49.3339483883544,0.8428422923955912,0.2445984074954437,0.5437203499455174,51.10148583732128,False,True
0.84,0.13,0.31,-7.585360555676784,-18.709726467844828,-13.147543511760805,40.69441779258885,60.355535681618214,50.52497673710353,0.8450997416411089,0.17283638080472585,0.5089680612229174,52.20757775149597,False,True
0.84,0.13,0.33,-8.456413239424961,-19.929830409279027,-14.193121824351994,41.45627737721006,58.53390328090725,49.995090329058655,0.8392455269994213,0.22201328971945655,0.530629408359439,51.97070101635758,False,True
0.84,0.13,0.35,-7.8773048271609785,-19.496710886764514,-13.687007856962747,41.37894181908962,58.474121193045434,49.926531506067526,0.8398447337715812,0.2236016313997361,0.5317231825856586,51.76864622822306,False,True
0.84,0.15,0.11,-7.5492510155978225,-17.473524794779223,-12.511387905188522,41.03445803680374,57.77472603211219,49.40459203445796,0.842500250702801,0.2420631951869141,0.5422817229448575,50.964188813374875,False,True
0.84,0.15,0.13,-7.35689923702463,-17.252430149382313,-12.30466469320347,40.9525393970272,57.09876283964742,49.02565111833731,0.8431284684156278,0.25969513387184373,0.5514118011437358,50.546208965550484,False,True
0.84,0.15,0.15,-7.306672833847126,-17.409982552405165,-12.358327693126146,40.68905497264736,56.399312501911304,48.54418373727933,0.8451405652971994,0.27772126758865434,0.5614309164429269,50.092574680180135,False,True
0.84,0.15,0.17,-7.732943766398466,-17.514784573120316,-12.623864169759392,41.00765465044999,56.32924733624547,48.66845099334773,0.8427059387074137,0.2795147342955596,0.5611103365014867,50.279022153065235,False,True
0.84,0.15,0.19,-7.691427215199948,-18.07727078802061,-12.884349001610278,41.14918469969033,58.15084379325268,49.65001424647151,0.8416183245701253,0.2321626231349727,0.5368904738525491,51.29454516681203,False,True
0.84,0.15,0.21,-8.019016737322717,-18.735063119058804,-13.377039928190761,41.44427343814724,59.295340989138225,50.36980721364273,0.8393386085611652,0.20164077315184648,0.5204896908565058,52.11585820055106,False,True
0.84,0.15,0.23,-8.013713965703658,-18.854270644775713,-13.433992305239686,41.04369612647388,57.08764557089998,49.065670848686935,0.8424293268666689,0.2599833841429735,0.5512063555048212,50.87152646706137,False,True
0.84,0.15,0.25,-8.047410259013983,-19.193501065714667,-13.620455662364325,41.27373628388551,60.26755646535344,50.770646374619474,0.8406580847310006,0.17524610730282664,0.5079520960169136,52.56591429574011,False,True
0.84,0.15,0.27,-8.173541520637249,-19.900489308641408,-14.037015414639328,40.900482232713706,61.01430577877562,50.95739400574466,0.8435270320648547,0.1546811460355133,0.499104089050184,52.85540469627987,False,True
0.84,0.15,0.29,-7.877400629573699,-19.236142128582163,-13.556771379077931,40.88960451416334,58.51948589861771,49.70454520639052,0.8436102507691599,0.22239649158461916,0.5330033711768896,51.52016949116827,False,True
0.84,0.15,0.31,-8.17264150341036,-19.558263910078896,-13.865452706744627,41.05656075003666,59.67651992151001,50.36654033577334,0.8423305343470818,0.1913433075204677,0.5168369209337748,52.2402063946732,False,True
0.84,0.15,0.33,-7.77445296849469,-19.152389694403098,-13.463421331448894,41.058722124081,56.56823136331286,48.81347674369693,0.8423139332653315,0.27338826409739425,0.557851098681363,50.63614544725491,False,True
0.84,0.15,0.35,-8.29819552045174,-20.150214350537983,-14.22420493549486,41.34588722708391,60.264257858666134,50.805072542875024,0.8401005040890279,0.17533638686331154,0.5077184454761697,52.7587282080771,False,True
0.84,0.17,0.11,-7.752581804027893,-17.529075793641976,-12.640828798834935,41.021019926437866,56.79473015199531,48.90787503921659,0.8426033909685962,0.26755791883244495,0.5550806549005205,50.51505511798517,False,True
0.84,0.17,0.13,-7.475564815500814,-17.5046206255892,-12.490092720545007,40.86778837597896,56.296310074047916,48.582049225013435,0.843777085848798,0.28035706311045305,0.5620670744796255,50.16191705935331,False,True
0.84,0.17,0.15,-7.615234811143807,-17.45788419869445,-12.53655950491913,40.80569142617752,56.876097022413,48.840894224295255,0.8442514739539639,0.26545775178624154,0.5548546128701027,50.424183412814685,False,True
0.84,0.17,0.17,-7.858319149427237,-18.15146939328553,-13.004894271356385,40.893682419981516,58.35878153864482,49.62623197931317,0.8435790558247823,0.22666148761966864,0.5351202717222254,51.301950990910306,False,True
0.84,0.17,0.19,-7.798662148653943,-18.382142405023043,-13.090402276838493,40.62668060538143,56.02620370907767,48.32644215722955,0.8456149855397412,0.2872461052272257,0.5664305453834835,50.067990206772954,False,True
0.84,0.17,0.21,-8.275347945536117,-18.505914721182148,-13.390631333359131,41.06308869856241,56.636367892551455,48.84972829555693,0.842280391813829,0.271636799810398,0.5569585958121135,50.65180117286724,False,True
0.84,0.17,0.23,-8.033836493308646,-18.408695948732497,-13.22126622102057,41.17075284901297,55.44872530825321,48.309739078633086,0.8414522510553983,0.3018635060785331,0.5716578785669657,50.086253306997406,False,True
0.84,0.17,0.25,-8.175058947469637,-19.047303553697013,-13.611181250583325,41.085390587739894,59.99674052527494,50.54106555650742,0.8421090262142522,0.1826416176180341,0.5123753219161431,52.341795561705865,False,True
0.84,0.17,0.27,-8.154646018179324,-19.142086615585583,-13.648366316882454,41.09694086072723,60.128099719207874,50.61252028996755,0.8420202384399074,0.17905858711830502,0.5105394127791062,52.42046464141832,False,True
0.84,0.17,0.29,-8.210966509328712,-19.27251974737071,-13.741743128349711,41.46405415059093,58.54650461554194,50.00527938306644,0.8391852095544714,0.2216782795592519,0.5304317445568616,51.85907317320736,False,True
0.84,0.17,0.31,-8.318948849018074,-19.660004322340306,-13.98947658567919,41.080113507360714,58.90998271724155,49.995048112301134,0.8421495832024584,0.21198406858515295,0.5270668258938056,51.9154147714585,False,True
0.84,0.17,0.33,-8.645900172239951,-20.579804881876665,-14.612852527058308,41.372726405395085,60.40483950238092,50.888782953888004,0.839892843096313,0.17148442580359324,0.5056886344499532,52.945289587511716,False,True
0.84,0.17,0.35,-8.363458127228064,-20.431027716403474,-14.397242921815769,41.035068385789344,60.47095934526235,50.753013865525844,0.8424955653465548,0.1696696274470917,0.5060825963968232,52.75555914009473,False,True
0.84,0.19,0.11,-8.082846618248087,-18.097070673104415,-13.089958645676251,41.209231916382365,57.37111521840896,49.29017356739566,0.8411557483176314,0.2526160085600455,0.5468858784388384,50.998708097847974,False,True
0.84,0.19,0.13,-7.776638213117962,-17.584258768748796,-12.68044849093338,41.30269031840504,56.15373518154506,48.72821274997505,0.840434445682239,0.28399755354673994,0.5622159996144895,50.351092259632715,False,True
0.84,0.19,0.15,-8.05982673283982,-18.68977026478635,-13.374798498813085,41.117006208741635,61.469901625858114,51.29345391729987,0.8418659353372443,0.1420099660444687,0.4919379506908565,53.008524311189966,False,True
0.84,0.19,0.17,-8.103506565463334,-18.428530496339224,-13.26601853090128,41.14681029720488,56.66501753418841,48.905913915696644,0.841636602015801,0.27089972491164804,0.5562681634637245,50.673224325986475,False,True
0.84,0.19,0.19,-7.764799252478906,-18.51339986586052,-13.139099559169713,41.04702132027925,57.7854380628073,49.41622969154328,0.842403794358638,0.24178211051363552,0.5420929524361368,51.133156504885726,False,True
0.84,0.19,0.21,-8.383821382700587,-18.779729938777944,-13.581775660739265,40.965932186251656,57.88052048919211,49.423226337721886,0.84302584762936,0.23928485474933348,0.5411553511893468,51.25543806981202,False,True
0.84,0.19,0.23,-8.148455909835867,-18.578615183608363,-13.363535546722115,41.35343491460597,56.35684781794815,48.85514136627706,0.8400421194869236,0.2788085074883434,0.5594253134876335,50.64986594481195,False,True
0.84,0.19,0.25,-8.148248137166263,-19.242074347810558,-13.69516124248841,41.23682667502114,58.664885247790245,49.95085596140569,0.8409429447220763,0.21852757502490072,0.5297352598734886,51.794260808846914,False,True
0.84,0.19,0.27,-8.423775859868481,-19.260916733514836,-13.842346296691659,41.722046620015426,58.85709324053089,50.28956993027316,0.837177780246506,0.21339839733404198,0.525288088790274,52.159863830050085,False,True
0.84,0.19,0.29,-8.372360464911843,-19.80687052975625,-14.089615497334046,41.10910524989115,57.183689538980055,49.1463973944356,0.8419267029276338,0.2574912890880029,0.5497089960078183,51.12617374412545,False,True
0.84,0.19,0.31,-8.571173132694941,-20.27552295402303,-14.423348043358986,41.68932508537695,60.0882029716729,50.888764028524925,0.8374330747063483,0.18014766281482875,0.5087903687605886,52.89328192815,False,True
0.84,0.19,0.33,-8.523534123602095,-20.146744088968287,-14.33513910628519,41.676252698894324,58.694307299797885,50.18527999934611,0.8375350098893294,0.2177435186707839,0.5276392642800567,52.19251423153818,False,True
0.84,0.19,0.35,-8.442754022091512,-20.458735752719807,-14.450744887405659,41.30685215472547,60.79138305272372,51.049117603724596,0.8404022870420927,0.1608467996788483,0.5006245433604706,53.05503214512065,False,True
0.84,0.21,0.11,-7.888113114640352,-17.28958228639218,-12.588847700516265,41.137840880200926,57.33630796963032,49.23707442491562,0.8417056364088918,0.2535226142245196,0.5476141253167057,50.82094631499372,False,True
0.84,0.21,0.13,-7.9879763884178,-18.192631399461373,-13.090303893939586,40.94883607369035,57.839558050589126,49.39419706213974,0.843156838804619,0.24036120032576647,0.5417590195651927,51.0993420647388,False,True
0.84,0.21,0.15,-8.274488620594301,-18.299246042583516,-13.286867331588908,41.1070889915201,58.08164928454678,49.59436913803344,0.8419422084362337,0.23398885699330352,0.5379655327147685,51.343376337038535,False,True
0.84,0.21,0.17,-8.183264697698123,-18.473615055129827,-13.328439876413974,41.14740309072367,58.95347942097343,50.050441255848554,0.8416320389660048,0.21081996199569464,0.5262260004808497,51.794729263162765,False,True
0.84,0.21,0.19,-8.328783604733408,-18.409765224094784,-13.369274414414097,41.15322223951819,57.48671142137247,49.31996683044533,0.8415872423652364,0.24960118868129444,0.5455942155232654,51.09986914390422,False,True
0.84,0.21,0.21,-8.387578984309567,-19.006311202965488,-13.696945093637527,41.18561560480806,57.30472627408768,49.245170939447874,0.8413377580400908,0.2543447295515956,0.5478412437958432,51.1145103248927,False,True
0.84,0.21,0.23,-8.290806009854562,-18.838365145290737,-13.56458557757265,41.10256379605093,57.25653444575747,49.1795491209042,0.8419770055017399,0.2555983567171911,0.5487876811094655,51.01593901543635,False,True
0.84,0.21,0.25,-8.316841683406388,-19.303334177047287,-13.810087930226837,41.137915139738716,57.26969181992384,49.20380347983128,0.841705064921588,0.2552561950267014,0.5484806299741447,51.10511525789227,False,True
0.84,0.21,0.27,-8.568989425540769,-19.748612867465702,-14.158801146503237,41.602353414302215,58.60893531199262,50.10564436314742,0.83811065675552,0.22001747760936452,0.5290640671824423,52.06771789652806,False,True
0.84,0.21,0.29,-8.642363715664155,-19.99230527484529,-14.317334495254723,41.195874624615385,59.51226791431821,50.3540712694668,0.8412587051093439,0.19578863024355764,0.5185236676764508,52.34996237304811,False,True
0.84,0.21,0.31,-8.636599991817047,-20.265781158832194,-14.45119057532462,41.213118910069156,60.10074320770102,50.65693105888509,0.8411257814537207,0.1798054254327658,0.5104656034432433,52.67790403337047,False,True
0.84,0.21,0.33,-8.715829158712825,-21.027975403903724,-14.871902281308275,41.280432892107946,61.319069566203176,51.29975122915556,0.8406063745133273,0.14621539430836172,0.4934108844108445,53.41196451768114,False,True
0.84,0.21,0.35,-8.6698909883763,-19.966583419856228,-14.318237204116265,41.55242317447517,58.47220832037794,50.012315747426555,0.8384990157038,0.2236524274406545,0.5310757215722273,52.021569017606815,False,True
0.84,0.23,0.11,-8.21786657296908,-18.418672505227676,-13.318269539098377,41.12763485826536,58.21236123317276,49.669998045719055,0.8417841702020255,0.23053718241428667,0.5361606763081561,51.42455648207197,False,True
0.84,0.23,0.13,-8.294879138107122,-18.700451588536954,-13.497665363322039,40.987925365764774,58.401762487639864,49.69484392670232,0.8428572544958116,0.22552194829438243,0.5341896013950971,51.49528602852426,False,True
0.84,0.23,0.15,-8.332189727340527,-18.38690184375851,-13.359545785549518,41.28479659042448,59.424007325644745,50.354401958034614,0.8405726741662591,0.1981722575957019,0.5193724658809805,52.096480304791356,False,True
0.84,0.23,0.17,-8.185558546425344,-18.659787710565823,-13.422673128495584,41.38329583464626,58.008270685516685,49.69578326008147,0.8398110279696952,0.23592314498074163,0.5378670864752184,51.47658718045934,False,True
0.84,0.23,0.19,-8.319310146116722,-18.84680741599036,-13.583058781053541,41.3252155099358,58.49415790721759,49.9096867085767,0.8402603541284372,0.22306945965727798,0.5316649068928576,51.725006652467755,False,True
0.84,0.23,0.21,-8.591187562656389,-19.20793403509991,-13.899560798878149,41.30154792646195,57.2442907596402,49.27291934305107,0.840443272413927,0.25591668704107173,0.5481799797274993,51.19588236360935,False,True
0.84,0.23,0.23,-8.727500569587082,-19.584004912480584,-14.155752741033833,41.12485305482089,57.676392755794836,49.40062290530786,0.841805572378793,0.24464103461768394,0.5432233034982386,51.38878164636436,False,True
0.84,0.23,0.25,-8.393225688670393,-19.62462444615996,-14.008925067415177,41.15806984453662,58.74189462777687,49.94998223615674,0.8415499200042911,0.21647455109861247,0.5290122355514517,51.87726580051061,False,True
0.84,0.23,0.27,-8.671830565334258,-20.313525889524897,-14.492678227429577,41.29038908222499,60.61425419698537,50.95232163960518,0.8405294787783917,0.1657297845314315,0.5031296316549116,52.973359367417785,False,True
0.84,0.23,0.29,-8.696569406311191,-19.63009594580579,-14.163332676058491,40.88931865676052,58.84781205841065,49.86856535758559,0.8436124373890505,0.21364645637715185,0.5286294468831012,51.84085071945185,False,True
0.84,0.23,0.31,-8.718111508979977,-20.514576589052947,-14.616344049016462,41.37592298801249,59.87416496677096,50.62504397739173,0.8398681014091872,0.18597799273724436,0.5129230470732158,52.692813467038036,False,True
0.84,0.23,0.33,-9.089628041728865,-20.856443052867,-14.973035547297933,41.23176668756012,60.44438744914844,50.83807706835428,0.8409819766938275,0.1703991877227523,0.5056905822082899,52.99718741130115,False,True
0.84,0.23,0.35,-9.027018716823227,-20.620556917048546,-14.823787816935887,41.050243306593124,58.98464047352901,50.017441890061065,0.8423790523564084,0.20998546740448532,0.5261822598804469,52.16789413487162,False,True
0.84,0.25,0.11,-8.163389808432072,-18.050497777131515,-13.106943792781793,41.03698519916412,57.89169158778655,49.46433839347534,0.8424808504370846,0.2389911862097639,0.5407360183234242,51.17140557275498,False,True
0.84,0.25,0.13,-8.396272837565991,-18.364751152361226,-13.380511994963609,41.15562714233326,57.10965696694467,49.132642054638964,0.8415687272455211,0.25941261479697986,0.5504906710212505,50.922044504483935,False,True
0.84,0.25,0.15,-8.443299186024067,-18.789968741872624,-13.616633963948345,41.14815774254597,58.99359632107496,50.07087703181047,0.8416262299108833,0.2097455477648522,0.5256858888378677,51.8893577455227,False,True
0.84,0.25,0.17,-8.471434423759476,-19.326569155454315,-13.899001789606896,41.51090909746248,58.08930096951932,49.8001050334909,0.8388215583908065,0.23378701485876996,0.5363042866247882,51.70331432407618,False,True
0.84,0.25,0.19,-8.717442403332623,-19.494992839522496,-14.10621762142756,41.147590415634845,57.50137221857084,49.324481317102844,0.8416305970119794,0.24921839247103628,0.5454244947415079,51.30194765098398,False,True
0.84,0.25,0.21,-8.752066900200385,-19.639710480988505,-14.195888690594444,41.14428893313162,58.867987369866185,50.0061381514989,0.8416560095735465,0.21310717898831222,0.5273815942809293,51.98208449593515,False,True
0.84,0.25,0.23,-8.880766335735787,-19.867564537531702,-14.374165436633746,41.065383105946566,59.109754744975085,50.08756892546083,0.8422627660991067,0.20663046106728244,0.5244466135831946,52.10931963538293,False,True
0.84,0.25,0.25,-8.600592016042349,-19.725414819538095,-14.163003417790222,40.73015873081701,59.150341453794155,49.94025009230558,0.8448275317382439,0.20554057959232974,0.5251840556652868,51.909722067203994,False,True
0.84,0.25,0.27,-8.716800914247859,-19.972109136141533,-14.344455025194696,41.28202618732278,60.243010133657485,50.76251816049013,0.8405940700880091,0.17591779738230962,0.5082559337351593,52.750323600561195,False,True
0.84,0.25,0.29,-8.738495295091328,-19.97652421726519,-14.35750975617826,41.360627037870266,58.3502000474041,49.85541354263718,0.8399864754110598,0.22688890531289463,0.5334376903619772,51.88159929981076,False,True
0.84,0.25,0.31,-9.114128643729412,-20.891414546765912,-15.002771595247662,41.60622097943203,60.19472585130611,50.90047341536907,0.8380805552525539,0.17723825835847373,0.5076594068055138,53.065444023845345,False,True
0.84,0.25,0.33,-9.175590935292014,-20.32662224116751,-14.751106588229762,41.42068876184267,58.205933737029326,49.813311249436,0.8395214115615948,0.23070709293321823,0.5351142522474065,51.951526668717854,False,True
0.84,0.25,0.35,-9.19765025432271,-20.572248957264698,-14.884949605793704,41.557515712228685,60.90898256212941,51.233249137179044,0.8384594271457624,0.15759701490134537,0.4980282210235539,53.3517341978616,False,True
0.84,0.27,0.11,-8.36543015563673,-17.69647882969084,-13.030954492663785,40.81900782102533,55.95939398754904,48.389200904287186,0.8441498044461132,0.288944970899485,0.5665473876727991,50.11307752618414,False,True
0.84,0.27,0.13,-8.572383837155325,-18.394672251788062,-13.483528044471694,41.262475821530344,57.88294594976725,49.572710885648796,0.8407450174412903,0.2392210984721993,0.5399830579567448,51.37372084128399,False,True
0.84,0.27,0.15,-8.456192822428612,-18.58323423228732,-13.519713527357966,40.982039793412035,58.96050553983962,49.97127266662583,0.8429023803999607,0.21063184067599272,0.5267671105379768,51.76785436720448,False,True
0.84,0.27,0.17,-8.420930267745359,-18.510868392690146,-13.465899330217752,41.308624549998754,56.5950870918605,48.95185582092962,0.8403885907042689,0.2726981834947897,0.5565433870995293,50.77021403426068,False,True
0.84,0.27,0.19,-8.455695775852487,-19.12706865053688,-13.791382213194684,41.1861720996486,57.88006707510821,49.53311958737841,0.8413334703627425,0.23929677301153285,0.5403151216871377,51.41723601486133,False,True
0.84,0.27,0.21,-8.814086930383978,-19.24913349262556,-14.03161021150477,41.182075305025066,57.559465248543816,49.37077027678444,0.841365033959135,0.24770061267820342,0.5445328233186693,51.32600747039094,False,True
0.84,0.27,0.23,-9.052919511828597,-20.075872623472897,-14.564396067650748,41.415218502168564,59.16953688636446,50.29237769426651,0.8395637962543405,0.20502486095678252,0.5222943286055615,52.35880906741631,False,True
0.84,0.27,0.25,-8.935657516928801,-20.38361661190043,-14.659637064414614,41.378342958992526,58.583180917069036,49.98076193803078,0.8398493694582387,0.2207028189894923,0.5302760942238656,52.08628920134804,False,True
0.84,0.27,0.27,-8.922981844805191,-20.738970841788166,-14.83097634329668,41.31456097817925,59.10228865066197,50.20842481442061,0.8403427121613655,0.20683086784415983,0.5235867900027626,52.35306850262698,False,True
0.84,0.27,0.29,-8.98932307930678,-20.513782093055738,-14.751552586181258,41.25572776941162,58.79163642114011,50.023682095275866,0.8407971021999592,0.2151470330634324,0.5279720676316958,52.15339944885754,False,True
0.84,0.27,0.31,-9.19937193392486,-20.5305283909542,-14.86495016243953,41.345463749543384,59.06550823485133,50.20548599219735,0.8401037795537973,0.20781776746126712,0.5239607735075322,52.359885093882085,False,True
0.84,0.27,0.33,-9.168288697771631,-20.87110111851709,-15.01969490814436,41.6494709828436,59.02141363510132,50.33544230897246,0.8377437471397781,0.20900011299205912,0.5233719300659185,52.528544502714254,False,True
0.84,0.27,0.35,-9.278539034097518,-21.531660213265067,-15.405099623681291,41.58827736876394,61.41445225425176,51.501364811507855,0.8382201878793242,0.14355718018597785,0.490888684032651,53.75600126370603,False,True
0.84,0.29,0.11,-8.658815399232614,-18.304705139568327,-13.481760269400471,41.13755579894159,56.63369909743735,48.88562744818947,0.8417078303305556,0.271705441442042,0.5567066358862989,50.71057513936083,False,True
0.84,0.29,0.13,-8.634569268264555,-18.200318355192145,-13.41744381172835,41.495492026530414,57.14593624900982,49.32071413777012,0.8389412588781053,0.25847138999898933,0.5487063244385473,51.1132139617587,False,True
0.84,0.29,0.15,-8.813757434477045,-19.149732833554708,-13.981745134015878,41.63759504048507,57.72709112423502,49.68234308236004,0.8378362655384926,0.243312508458861,0.5405743869986768,51.612250591752975,False,True
0.84,0.29,0.17,-8.621094348256356,-18.746381649512646,-13.683737998884501,41.033036593462526,57.62420658568469,49.32862158957361,0.8425111621710166,0.2460073287320289,0.5442592454515227,51.19138202421833,False,True
0.84,0.29,0.19,-8.847378831336817,-19.6972488039736,-14.27231381765521,41.17365719972283,59.22689181490377,50.2002745073133,0.8414298810729557,0.2034829242306203,0.5224564026517879,52.189716442219165,False,True
0.84,0.29,0.21,-8.860246616555065,-19.50593480555109,-14.183090711053076,41.272165000377775,59.29586492578939,50.28401496308358,0.8406702167345602,0.2016266644039827,0.5211484405692715,52.24597805501944,False,True
0.84,0.29,0.23,-8.772577627900064,-19.43830441164481,-14.105441019772439,41.36714290942507,58.068646353864814,49.71789463164494,0.8399360550100807,0.23433179749117594,0.5371339262506283,51.68009784206709,False,True
0.84,0.29,0.25,-9.301618403280823,-20.286425620335358,-14.79402201180809,41.28603140641169,58.349581701463414,49.81780655393755,0.8405631371758384,0.22690529077768218,0.5337342139767602,51.968037649418754,False,True
0.84,0.29,0.27,-9.62168352088527,-20.88971972957471,-15.25570162522999,41.80104381970195,62.310074028165786,52.05555892393387,0.8365606160619677,0.11839561516977948,0.4774781156158736,54.244978080567016,False,True
0.84,0.29,0.29,-9.283990666187893,-20.53443994832054,-14.909215307254216,41.558791954695884,58.57611387945724,50.067452917076565,0.8384495050846665,0.22089082483764277,0.5296701649611546,52.240162161709854,False,True
0.84,0.29,0.31,-9.283233917566767,-21.36025262436452,-15.321743270965644,41.30840343707892,59.15718523103594,50.23279433405743,0.8403902994055718,0.2053567288246927,0.5228735141151322,52.51751558736469,False,True
0.84,0.29,0.33,-9.337812619018196,-21.198640173638196,-15.268226396328195,41.320643547106215,60.345143486326144,50.83289351671618,0.8402956973596876,0.17312120325641167,0.5067084503080497,53.07637704828146,False,True
0.84,0.29,0.35,-9.308305450577569,-20.68933268369537,-14.99881906713647,41.62674652368342,60.52950642678206,51.07812647523274,0.8379207568168718,0.16806102212873397,0.5029908894728029,53.23475911121012,False,True
0.86,0.05,0.11,-9.77828415247034,-18.846833440972024,-14.31255879672118,41.52250741689267,58.115552075867114,49.8190297463799,0.8387314779637283,0.23309434054311862,0.5359129092534234,51.83420747132424,False,True
0.86,0.05,0.13,-9.59131095811746,-19.47966573959186,-14.53548834885466,41.45488369135248,59.822845589885645,50.63886464061906,0.8392563353731493,0.1873728246837999,0.5133145800284746,52.683726459226754,False,True
0.86,0.05,0.15,-9.543429039759745,-18.968270688496048,-14.255849864127896,41.40788410666372,56.69481622489223,49.051350165777976,0.8396206158689901,0.27013269272241436,0.5548766542957022,51.08095739543575,False,True
0.86,0.05,0.17,-9.472291527510638,-19.316040869709603,-14.39416619861012,41.47057874201276,58.531277541568116,50.00092814179044,0.8391345954321255,0.22208308668763466,0.5306088410598802,52.03157537105427,False,True
0.86,0.05,0.19,-9.375554561486322,-19.72114480748765,-14.548349684486986,41.43287206745052,56.65168821032961,49.042280138890064,0.8394269926957525,0.2712426973868294,0.5553348450412909,51.15466469212249,False,True
0.86,0.05,0.21,-9.734770065346417,-19.74045547319466,-14.73761276927054,41.69118005840758,57.644288322891946,49.66773419064977,0.8374186075030347,0.24548171208784375,0.5414501597954392,51.80811760496617,False,True
0.86,0.05,0.23,-9.930181019441134,-20.397918756570803,-15.16404988800597,41.60023205909949,59.89543278526488,50.747832422182185,0.8381271662083055,0.18539959478949264,0.511763380498899,52.96499697494392,False,True
0.86,0.05,0.25,-9.667927922508085,-20.57776078774219,-15.122844355125137,41.415581883305144,59.31647176788135,50.36602682559325,0.8395609808764222,0.2010716573384258,0.520316319107424,52.58742320731944,False,True
0.86,0.05,0.27,-9.764740157593115,-21.104281564374723,-15.43451086098392,41.33784963172785,60.39720622112246,50.867527926425154,0.8401626666212889,0.17169380945101764,0.5059282380361533,53.15759139448921,False,True
0.86,0.05,0.29,-9.982429540866146,-20.55409945781646,-15.268264499341303,41.80860864005695,58.736091618365485,50.27235012921122,0.8365014547903147,0.2166293496796713,0.526565402234993,52.53978576598737,False,True
0.86,0.05,0.31,-10.029339257822787,-20.969558024755738,-15.499448641289263,41.79462820369978,59.11472872232768,50.454678463013735,0.8366107815011264,0.2064969342689138,0.5215538578850201,52.78169651489108,False,True
0.86,0.05,0.33,-10.019637919153869,-21.216815793244496,-15.618226856199183,41.614602398931254,59.02958788950495,50.3220951442181,0.83801531253392,0.2087809965169073,0.5233981545254136,52.69005854841538,False,True
0.86,0.05,0.35,-10.090525190219294,-21.26243629206178,-15.676480741140537,41.802864780205276,59.528194652123986,50.66552971616463,0.8365463760756844,0.1953581248038233,0.5159522504397538,53.035346231045864,False,True
0.86,0.07,0.11,-9.637694234801993,-19.275660375864344,-14.45667730533317,41.48805529973077,58.802380369537474,50.145217834634124,0.8389989828605882,0.2148601490511478,0.5269295659558679,52.18753098579625,False,True
0.86,0.07,0.13,-9.522962528766952,-19.365413155117555,-14.444187841942252,41.44285974079543,60.149267302190225,50.796063521492826,0.8393495689516384,0.178480474577417,0.5089150217645277,52.80979673974183,False,True
0.86,0.07,0.15,-9.762766820526927,-19.5177388025829,-14.640252811554914,41.42479830298769,58.3966063048606,49.91070230392414,0.8394895663123961,0.2256586967053995,0.5325741315088979,52.0136059782167,False,True
0.86,0.07,0.17,-9.745358506501793,-19.54371392718277,-14.64453621684228,41.5375227337185,58.41227369400457,49.974898213861536,0.8386148214353732,0.22524314057129047,0.5319289810033319,52.07641397496784,False,True
0.86,0.07,0.19,-9.766787413460387,-20.24049207151747,-15.003639742488929,41.5303995143295,57.8113744033634,49.67088695884645,0.8386701681863195,0.24110132271129303,0.5398857454488062,51.88743794793587,False,True
0.86,0.07,0.21,-9.868259420742419,-20.947726049633154,-15.407992735187786,41.914049570824496,60.34358792726486,51.12881874904468,0.8356757311797266,0.17316383277561243,0.5044197819776695,53.40002197378071,False,True
0.86,0.07,0.23,-9.462984309096841,-19.613628166393873,-14.538306237745356,41.215027750472295,58.32187592524425,49.76845183785827,0.8411110641715314,0.2276392841745163,0.5343751741730238,51.84844401329402,False,True
0.86,0.07,0.25,-10.111264639057243,-20.35446704348965,-15.232865841273446,41.56520633646255,57.926268269979786,49.74573730322117,0.8383996322914572,0.23808186685343757,0.5382407495724474,52.02574921689572,False,True
0.86,0.07,0.27,-10.125250224000204,-20.648189934916292,-15.386720079458248,41.56660672114707,57.139260229185595,49.35293347516633,0.8383887430640427,0.25864463663240334,0.548516689848223,51.695872150567276,False,True
0.86,0.07,0.29,-10.106917215464753,-21.193052495931354,-15.649984855698055,41.99138154371153,60.412753081999696,51.20206731285562,0.8350688109321234,0.17126732553488178,0.5031680682335026,53.540393378212826,False,True
0.86,0.07,0.31,-10.194717954368784,-21.078543297899028,-15.636630626133906,41.7584593955836,59.867348299285474,50.81290384743454,0.8368934511399583,0.18616333482863312,0.5115283929842958,53.16441869095135,False,True
0.86,0.07,0.33,-10.517836781339913,-22.412080861370537,-16.464958821355225,41.777352494603136,60.06006676786474,50.91870963123394,0.8367458266664403,0.18091527211727831,0.5088305493918592,53.51457614051371,False,True
0.86,0.07,0.35,-10.482420079100434,-21.738110846113138,-16.110265462606787,41.70255317433781,60.64962087312429,51.17608702373105,0.8373298928526709,0.16475595510202923,0.5010429239773501,53.65195743247542,False,True
0.86,0.09,0.11,-9.68838528465535,-18.956589500449482,-14.322487392552416,41.623798111289254,56.901859786977106,49.26282894913318,0.837943716070977,0.2647921602322144,0.5513679381515957,51.30263113312393,False,True
0.86,0.09,0.13,-9.573061877306927,-19.621669590929468,-14.597365734118197,41.22561564292972,59.570196559500374,50.39790610121504,0.841029418463968,0.19422224568715418,0.5176258320755611,52.46934367573599,False,True
0.86,0.09,0.15,-10.00144923736468,-19.551711476526464,-14.776580356945573,41.457546980847,56.82652143546228,49.14203420815464,0.8392356805972985,0.2667377092525054,0.5529866949249019,51.31556151072217,False,True
0.86,0.09,0.17,-9.841498308675463,-19.806791493891296,-14.824144901283379,41.51533643344508,58.7005150478723,50.107925740658686,0.8387871756618508,0.21757804068196607,0.5281826081719084,52.25475570783593,False,True
0.86,0.09,0.19,-9.866280440260244,-20.146572826263533,-15.006426633261889,41.99744357948551,59.434272542377656,50.71585806093158,0.8350211873055391,0.19789520975405228,0.5164581985297957,52.889423320320205,False,True
0.86,0.09,0.21,-10.194402138319258,-19.8952672611509,-15.044834699735079,41.62605434600438,57.19990293762493,49.412978641814654,0.8379261469427403,0.2570701796252758,0.547498163284008,51.65258473105468,False,True
0.86,0.09,0.23,-10.170818074103263,-20.68106052521898,-15.425939299661122,41.67840917900265,58.884874390853426,50.28164178492804,0.8375181964015017,0.212655654071928,0.5250869252367149,52.59470604409393,False,True
0.86,0.09,0.25,-10.138502255304376,-20.793210141944666,-15.465856198624522,41.88370474549613,58.74244820035555,50.31307647292584,0.8359135791695189,0.21645978343578198,0.5261866813026504,52.63647378127658,False,True
0.86,0.09,0.27,-10.059709130924068,-21.212798605216516,-15.636253868070291,41.992837785166415,59.314125907627556,50.653481846396986,0.8350573712609073,0.20113484845983653,0.5180961098603719,53.011957690600454,False,True
0.86,0.09,0.29,-10.435544285947255,-21.613132882516776,-16.024338584232016,41.97590021039152,60.813638335337004,51.394769272864266,0.8351904017888688,0.16023227146152363,0.49771133662519623,53.83494901709353,False,True
0.86,0.09,0.31,-10.49583580112197,-21.298639036641884,-15.897237418881927,41.61288697176472,59.44555309850132,50.52922003513302,0.8380286668465996,0.19759070373810683,0.5178096852923533,52.97097540079084,False,True
0.86,0.09,0.33,-10.486107421084784,-22.178885348138643,-16.332496384611712,41.74505337213869,61.74853021295456,51.74679179254663,0.83699816090454,0.13421420430891595,0.485606182606728,54.26307122688989,False,True
0.86,0.09,0.35,-10.38709031422685,-21.629936834595824,-16.00851357441134,41.92344123980707,57.95467932372507,49.93906028176607,0.8356020827465438,0.23733428872538798,0.5364681857359659,52.44218005277791,False,True
0.86,0.11,0.11,-10.268135046727485,-19.47996988901619,-14.874052467871838,41.644406880993444,56.842878576711186,49.243642728852315,0.8377832017699243,0.2663155190227642,0.5520493603963442,51.44097380516677,False,True
0.86,0.11,0.13,-9.991912018095682,-19.56739548277257,-14.779653750434127,41.561983567033835,58.7434688698408,50.152726218437316,0.8384246907757237,0.21643255465789302,0.5274286227168083,52.28512323906535,False,True
0.86,0.11,0.15,-10.189638513702214,-20.218782109492885,-15.20421031159755,41.78326572957988,58.79531397634985,50.28928985296487,0.8366996088690191,0.2150488411923832,0.5258742250307011,52.53742175930224,False,True
0.86,0.11,0.17,-10.069197671208219,-19.628488924664982,-14.8488432979366,41.74465011772588,58.66963676089596,50.207143439310926,0.837001310062973,0.21840098049305612,0.5277011452780145,52.35690403014887,False,True
0.86,0.11,0.19,-10.302612190748038,-20.286589299673608,-15.294600745210822,41.94510963350143,58.11187935065526,50.028494492078345,0.8354320986388014,0.23319126966617354,0.5343116841524875,52.31419571301194,False,True
0.86,0.11,0.21,-10.28621617260489,-20.288918619970396,-15.287567396287642,41.924981315189996,58.647477015499724,50.286229165344864,0.8355900040703516,0.21899129484673552,0.5272906494585435,52.558677309894485,False,True
0.86,0.11,0.23,-9.947579017953007,-20.94858395945286,-15.448081488702934,41.629093677249806,60.113088321499674,50.87109099937474,0.8379024783958705,0.17946844340115742,0.508685460898514,53.16494259517518,False,True
0.86,0.11,0.25,-10.26983576158188,-21.06868191683456,-15.66925883920822,41.68795670310068,59.87352435964814,50.780740531374406,0.8374437465053275,0.18599541145219856,0.511719578978763,53.143290089011956,False,True
0.86,0.11,0.27,-10.482753391548304,-21.24310047570741,-15.862926933627858,41.899358337691744,58.184928640921754,50.04214348930675,0.8357909051169331,0.231262230689936,0.5335265679034346,52.496176774180256,False,True
0.86,0.11,0.29,-10.25790112514521,-20.80462490727268,-15.531263016208944,42.25905509895943,58.05867283922078,50.158863969090106,0.8329594053508779,0.23459478785581367,0.5337770966033457,52.508397095591725,False,True
0.86,0.11,0.31,-10.417773985675563,-21.675751966898638,-16.0467629762871,41.55256553475528,59.19634396715725,50.37445475095626,0.8384979090841138,0.2043043621519539,0.5214011356180339,52.86855675610294,False,True
0.86,0.11,0.33,-10.6953257430353,-22.34892602234122,-16.52212588268826,41.72066879895992,61.383073461281,51.55187113012046,0.837188534089933,0.1444321298265996,0.4908103319582663,54.134795286395466,False,True
0.86,0.11,0.35,-10.7455549534505,-22.519877139669227,-16.632716046559864,42.29949575240075,60.692867637879274,51.49618169514001,0.8326395466573951,0.16356437366684562,0.4981019601621204,54.11565367122866,False,True
0.86,0.13,0.11,-9.743647807142192,-19.40231401783002,-14.572980912486106,41.43081522705126,58.222276186571385,49.826545706811324,0.839442934861195,0.23027504435518587,0.5348589896081904,51.913932905807116,False,True
0.86,0.13,0.13,-10.26109750169592,-19.705146610932655,-14.983122056314286,41.601305855704176,56.985083733318355,49.293194794511265,0.8381188094884491,0.26263997597566024,0.5503793927320546,51.52002522907034,False,True
0.86,0.13,0.15,-10.173097362998117,-20.03500485368067,-15.104051108339394,41.84908533164344,58.66248581453885,50.255785573091146,0.836184721757083,0.21859149921284993,0.5273881104849665,52.47643607803263,False,True
0.86,0.13,0.17,-10.47161604950607,-20.681345827115475,-15.576480938310773,41.80063416174156,59.3116548277717,50.55614449475663,0.8365638195186507,0.2012014099553574,0.518882614737004,52.90132800408956,False,True
0.86,0.13,0.19,-10.209539446790403,-20.688629167184498,-15.449084306987451,41.42135181772866,60.29445914867176,50.85790548320021,0.8395162736883489,0.1745096233192064,0.5070129485037776,53.15261758429713,False,True
0.86,0.13,0.21,-10.882568897065251,-21.61561956851993,-16.24909423279259,42.28988741791635,61.11622224656054,51.70305483223844,0.832715569907868,0.151854796921704,0.492285183414786,54.19630008009429,False,True
0.86,0.13,0.23,-10.286552171101714,-20.91938749982071,-15.602969835461213,41.84332491426157,59.54491133409746,50.69411812417952,0.8362298161443861,0.19490614298066467,0.5155679795625254,53.04098679393681,False,True
0.86,0.13,0.25,-10.534692652872902,-21.100198122039853,-15.817445387456377,41.856991401776874,59.259857814167724,50.5584246079723,0.8361228204081766,0.20259598628085151,0.5193594033445141,52.974955190402795,False,True
0.86,0.13,0.27,-10.630779198925781,-21.405609447579806,-16.018194323252793,42.146992644796434,60.91781190200284,51.53240227339964,0.8338441463592687,0.15735276845205026,0.4955984574056595,53.96453495996211,False,True
0.86,0.13,0.29,-10.80887610665217,-21.54634488105919,-16.17761049385568,41.967121214939205,60.99270578767835,51.47991350130877,0.835259332361165,0.155279551525065,0.495269441943115,53.96199195167968,False,True
0.86,0.13,0.31,-10.539728514430069,-21.939060774627954,-16.23939464452901,42.05014457669966,61.341890079696746,51.6960173281982,0.8346068762220192,0.1455797868603005,0.49009333154115986,54.18667867675713,False,True
0.86,0.13,0.33,-10.72036924255807,-21.961509775552006,-16.340939509055037,41.928862517735055,58.19196649608737,50.060414506911215,0.8355595621709855,0.23107625152278943,0.5333179068468874,52.65996016559795,False,True
0.86,0.13,0.35,-10.98756564088658,-22.79874252317808,-16.893154082032332,41.70791270395967,61.60152088066988,51.65471679231477,0.8372880780852405,0.13833177862100277,0.48780992835312165,54.34692651598185,False,True
0.86,0.15,0.11,-10.274706114590574,-20.333905515336486,-15.30430581496353,41.956753593858814,59.27077570156808,50.613764647713445,0.8353407178743749,0.20230213578784295,0.5188214268311089,52.87697937942421,False,True
0.86,0.15,0.13,-10.151739107266579,-19.824371805549884,-14.988055456408231,41.63980866724045,57.71209474407362,49.675951705657035,0.8378190224905608,0.24370560290119936,0.54076231269588,51.88778261042901,False,True
0.86,0.15,0.15,-10.744017211224957,-20.523672510722925,-15.63384486097394,41.891455803852054,59.558989260551655,50.725222532201855,0.8358528414140801,0.19452540878583646,0.5151891250999583,53.079801300291244,False,True
0.86,0.15,0.17,-10.621052461267356,-20.653866768950056,-15.637459615108707,41.55821198269533,59.15349339632294,50.355852689509135,0.8384540140756906,0.20545590866429353,0.5219549613699921,52.72800056233595,False,True
0.86,0.15,0.19,-10.17794971133927,-20.787450851234173,-15.482700281286721,41.529035638160906,57.89469154112506,49.71186358964299,0.8386807642943495,0.23891231305814709,0.5387965386762483,52.06710467805395,False,True
0.86,0.15,0.21,-10.7868692768165,-21.134256053694923,-15.960562665255711,41.64855427186322,60.4739092492787,51.06123176057096,0.8377508896291401,0.16958861485292098,0.5036697522410305,53.49756022005392,False,True
0.86,0.15,0.23,-10.558891199172358,-20.50370511268122,-15.53129815592679,41.89146660489234,59.497252578574574,50.69435959173346,0.8358527567686427,0.19619439466102873,0.5160235757148357,53.020178392988015,False,True
0.86,0.15,0.25,-11.034908863534676,-21.38067505231622,-16.207791957925448,41.917608374281514,58.01226492326658,49.96493664877404,0.8356478253768418,0.2358179182724266,0.5357328718246341,52.527967926309465,False,True
0.86,0.15,0.27,-10.752364265716334,-21.497786456768623,-16.12507536124248,41.56143570263674,59.07617484718799,50.318805274912364,0.8384289504750131,0.20753162199299535,0.5229802862340043,52.839381333436314,False,True
0.86,0.15,0.29,-10.431854719154678,-21.04449509967029,-15.738174909412484,41.59271760286704,57.426855485599845,49.50978654423344,0.8381856407121052,0.2511630257899119,0.5446743332510086,51.95102610280975,False,True
0.86,0.15,0.31,-10.698273045070056,-21.98305586019908,-16.34066445263457,42.175062508005595,61.52037018230089,51.847716345153245,0.8336227533301981,0.14060051871476742,0.48711163602248275,54.36177889805544,False,True
0.86,0.15,0.33,-11.029436382458933,-21.95029957314048,-16.489867977799705,41.967021703736556,58.07389835320379,50.02046002847017,0.8352601136166837,0.23419329001776212,0.5347267018172229,52.66841717182173,False,True
0.86,0.15,0.35,-11.110939879459531,-22.690789794652474,-16.900864837056,42.006188200875194,59.715715709161756,50.86095195501848,0.8349524770542949,0.19028070048323076,0.5126165887687628,53.59548176862611,False,True
0.86,0.17,0.11,-10.493505968382689,-20.567753641415106,-15.530629804898897,41.48779418251164,59.93864459339403,50.71321938795283,0.8390010094682598,0.1842237771187325,0.5116123932934962,53.03801544955702,False,True
0.86,0.17,0.13,-10.248342688802653,-19.89964284022365,-15.07399276451315,41.90618796427613,57.387195764250635,49.64669186426338,0.8357373683447294,0.2521969814311461,0.5439671748879378,51.88467279389657,False,True
0.86,0.17,0.15,-10.38623392494662,-19.895332551259777,-15.140783238103198,41.69443556371547,56.6885907700611,49.191513166888285,0.8373932157894681,0.2702929721549946,0.5538430939722314,51.46890599878115,False,True
0.86,0.17,0.17,-10.688011080051423,-20.938654220592547,-15.813332650321986,42.01567544464914,59.70181493146072,50.858745188054925,0.8348779155205096,0.19065763368349598,0.5127677746020027,53.26043044900444,False,True
0.86,0.17,0.19,-10.737256242413947,-21.15126148777826,-15.944258865096103,42.067401483080744,59.09279731291528,50.58009939799801,0.8344710974111622,0.20708560016702715,0.5207783487890947,53.03362938615982,False,True
0.86,0.17,0.21,-10.730266167193001,-21.046002511017818,-15.88813433910541,42.020548849266994,60.174813814819906,51.09768133204345,0.8348396082273613,0.1777824971406451,0.5063110526840031,53.5108012487995,False,True
0.86,0.17,0.23,-10.918427093504746,-21.71950180197966,-16.318964447742204,41.9336173335801,58.90601385247899,50.41981559302955,0.8355222643152365,0.2120902449296309,0.5238062546224337,52.99496584659508,False,True
0.86,0.17,0.25,-10.857717299913409,-21.516788803714412,-16.18725305181391,41.86952220364564,58.80747993058526,50.338501067115445,0.8360246853162203,0.2147239626521963,0.5253743239842084,52.877139210129755,False,True
0.86,0.17,0.27,-11.020264185485768,-22.03227114240746,-16.526267663946612,42.14134688750645,62.1428295209533,52.14208820422988,0.8338886578526695,0.12312183702005952,0.4785052474363645,54.69839929283211,False,True
0.86,0.17,0.29,-10.634875712987728,-22.09110428079946,-16.362989996893596,41.68973306548969,61.31061003940831,51.500171552449004,0.8374298928655819,0.14645095285767273,0.4919404228616273,54.03716417032002,False,True
0.86,0.17,0.31,-11.047557851525488,-22.615109561124413,-16.83133370632495,41.84085239344026,61.05383485935649,51.44734362639838,0.836249169923122,0.1535854849186291,0.4949173274208756,54.13061019927989,False,True
0.86,0.17,0.33,-11.33475218277201,-23.02080392934206,-17.177778056057036,42.110357887339084,59.50730419530822,50.80883104132366,0.8341328708223453,0.19592277780436684,0.5150278243133561,53.634069123356,False,True
0.86,0.17,0.35,-11.200120403727084,-22.444998140333887,-16.822559272030485,41.589441857014805,59.20538904462075,50.397415450817775,0.8382111279547556,0.20406118231845616,0.5211361551366058,53.1309512862635,False,True
0.86,0.19,0.11,-10.622958195817272,-19.964358811463594,-15.293658503640433,42.04196014786942,56.86486565480459,49.453412901337,0.834671252529428,0.2657478244138288,0.5502095384716283,51.764235124418654,False,True
0.86,0.19,0.13,-10.435487806567721,-20.33144912368884,-15.383468465128281,41.66056059436406,59.60798489566312,50.63427274501359,0.8376573307547599,0.19319963169328602,0.515428481224023,52.919568010652,False,True
0.86,0.19,0.15,-10.709670440966395,-21.388510222462987,-16.04909033171469,41.86956896445377,60.04272283476488,50.956145899609325,0.8360243190535019,0.18138826857855428,0.508706293816028,53.42379718269574,False,True
0.86,0.19,0.17,-10.791173023625076,-20.743884227678947,-15.767528625652012,41.99521631641131,58.6439750012115,50.31959565881141,0.8350386855836553,0.2190845647407974,0.5270616251622264,52.73212176868126,False,True
0.86,0.19,0.19,-10.965469324018608,-21.588175798758368,-16.27682256138849,42.0768091891389,60.36375981061832,51.22028449987861,0.8343970533137575,0.17261094452272396,0.5035039989182407,53.74432525340168,False,True
0.86,0.19,0.21,-10.884656437336087,-21.62023551876609,-16.25244597805109,41.62103711726314,61.07429484112378,51.347665979193465,0.8379652144258808,0.1530180995193805,0.49549165697263065,53.858377266496724,False,True
0.86,0.19,0.23,-10.852680584608697,-21.567348686840646,-16.210014635724672,41.75598206753519,61.06458977419182,51.41028592086351,0.8369128032160885,0.15328725900623497,0.49510003111116174,53.90530653799628,False,True
0.86,0.19,0.25,-11.300885822769532,-22.45292895519329,-16.87690738898141,42.37414863805232,61.102146897861054,51.73814776795669,0.8320482882690434,0.1522454154632632,0.4921468518661533,54.42119015121938,False,True
0.86,0.19,0.27,-11.257427272647028,-22.44823091281185,-16.85282909272944,41.963537015938165,58.634424302133546,50.298980659035855,0.8352874704895403,0.21933890224103159,0.527313186365286,53.047198830539685,False,True
0.86,0.19,0.29,-10.983627960948429,-22.611541466689072,-16.79758471381875,41.87387335243566,60.26632486927388,51.07009911085477,0.8359906023829754,0.17527981543176396,0.5056352089073697,53.76163944124515,False,True
0.86,0.19,0.31,-11.19354233133566,-23.143908161967335,-17.168725246651498,41.851001629377635,62.561970501960495,52.20648606566907,0.836169718990293,0.11125320942977279,0.4737114642100329,54.957095209990015,False,True
0.86,0.19,0.33,-11.445943483648854,-22.925220243655758,-17.185581863652306,41.959266243760105,60.04840501732463,51.00383563054237,0.8353209954944467,0.18123332152809368,0.5082771585112702,53.82132916437199,False,True
0.86,0.19,0.35,-11.694048000400247,-23.510662886374288,-17.602355443387268,42.46582977925297,61.57213394515901,52.01898186220599,0.8313207379708724,0.13915369821734747,0.4852372180941099,54.916458290168904,False,True
0.86,0.21,0.11,-10.798550358371386,-20.512804075361657,-15.655677216866522,41.80531300541071,57.90966117121151,49.85748708831111,0.8365272298759048,0.2385186785544008,0.5375229542151527,52.25771950515849,False,True
0.86,0.21,0.13,-11.162390728453582,-21.11021936238725,-16.136305045420418,42.02564933697441,60.34472428660826,51.18518681179134,0.8347995111940496,0.1731326913773883,0.503966101285719,53.66846084505162,False,True
0.86,0.21,0.15,-10.897323730253108,-20.752074089989883,-15.824698910121494,41.80435080458997,59.29476146580313,50.54955613519655,0.8365347548440067,0.2016563786120089,0.5190955667280078,52.96865791259382,False,True
0.86,0.21,0.17,-10.831078639120623,-21.121903304445585,-15.976490971783104,41.4752145589626,58.936492057631376,50.20585330829699,0.8390986285238532,0.2112746987375016,0.5251866636306775,52.686582449288764,False,True
0.86,0.21,0.19,-10.859080232806827,-21.375786309314595,-16.11743327106071,41.786053195016784,58.32389353844471,50.05497336673075,0.8366778197928552,0.22758584446237606,0.5321318321276156,52.585853744055726,False,True
0.86,0.21,0.21,-11.179098059670586,-21.369689119762548,-16.274393589716567,41.96496465644118,58.61298912205852,50.28897688924985,0.8352762629367348,0.21990957562024205,0.5275929192784885,52.85676005281173,False,True
0.86,0.21,0.23,-11.180696409832393,-21.5827650961491,-16.381730752990748,42.019441541690846,59.2377110879889,50.628576314839876,0.834848312585037,0.20319189012033345,0.5190201013526852,53.212910483556975,False,True
0.86,0.21,0.25,-11.423214593208105,-22.679775516146705,-17.051495054677403,41.958304104836294,59.021344342746715,50.4898242237915,0.8353285476886468,0.2090019702912701,0.5221652589899585,53.29142364160533,False,True
0.86,0.21,0.27,-11.208871129774257,-22.02732201427285,-16.618096572023553,42.06440745466845,59.97833830432954,51.021372879499,0.8344946586763478,0.1831429416129713,0.5088188001446595,53.659497054910766,False,True
0.86,0.21,0.29,-11.449621504048501,-22.630761561761354,-17.040191532904927,42.10847883021403,58.17514235856862,50.14181059439133,0.8341476732069719,0.23152080116093532,0.5328342371839536,52.95818442093629,False,True
0.86,0.21,0.31,-11.338463104105974,-23.16444389855841,-17.251453501332193,42.243093645999465,61.10144866974232,51.672271157870895,0.8330855656290586,0.15226479032116025,0.4926751779751094,54.47601540605887,False,True
0.86,0.21,0.33,-11.434508009164908,-23.012323509407683,-17.223415759286297,42.22626705483916,61.7321124319944,51.97918974341678,0.8332185124060051,0.13467453565112164,0.48394652402856336,54.75839859600859,False,True
0.86,0.21,0.35,-11.416669374722531,-22.612007472518318,-17.014338423620423,42.077689507402134,59.339594657355065,50.7086420823786,0.8343901238518405,0.20044865560172997,0.5174193897267853,53.48695255697659,False,True
0.86,0.23,0.11,-10.901668767150921,-20.864515293532783,-15.883092030341853,41.760772281882836,60.36491293689904,51.06284260939094,0.8368753825926522,0.17257933306644102,0.5047273578295466,53.47603676223342,False,True
0.86,0.23,0.13,-10.957625970631375,-20.82069871729835,-15.889162343964863,41.85003279980804,59.35423325969905,50.602133029753546,0.8361773040791689,0.20005412112834542,0.5181157126037572,53.038112213329626,False,True
0.86,0.23,0.15,-11.375435460085999,-21.248543305439664,-16.31198938276283,41.85899448721954,58.35621400047002,50.107604243844776,0.8361071351983062,0.2267295333335022,0.5314183342659042,52.695853733298016,False,True
0.86,0.23,0.17,-11.029077242338989,-21.228380588913602,-16.128728915626297,41.6102198864575,60.53751847690671,51.073869181682106,0.8380494285649286,0.16784076664243763,0.5029450976036831,53.56002249459328,False,True
0.86,0.23,0.19,-11.050051453664372,-21.730749146474203,-16.390400300069288,41.87689717854724,59.76542995103667,50.82116356479196,0.8359669143997155,0.1889319320089914,0.5124494232043535,53.398837890686806,False,True
0.86,0.23,0.21,-10.960920634868383,-21.527044337735777,-16.24398248630208,42.00797948563327,58.67815529244734,50.34306738904031,0.8349384003942328,0.21817399564586382,0.5265561980200484,52.89887901603154,False,True
0.86,0.23,0.23,-11.409092236822913,-22.20717609238062,-16.808134164601768,42.03925830399288,58.48365656385523,50.26145743392405,0.8346925016866489,0.22334839629972636,0.5290204489931876,52.99742897044547,False,True
0.86,0.23,0.25,-11.47338731248665,-22.602261177586037,-17.037824245036344,41.90437818603775,59.66438729856802,50.78438274230289,0.8357515558684047,0.19167208438009242,0.5137118201242485,53.56622989833669,False,True
0.86,0.23,0.27,-11.367415046330997,-22.37649940201858,-16.87195722417479,41.86903862753824,59.9661439605239,50.91759129403107,0.8360284729919472,0.18347506229154475,0.509751767641746,53.64013463592697,False,True
0.86,0.23,0.29,-11.107190790002994,-22.360572091198982,-16.73388144060099,42.25688148616162,59.107541631111125,50.68221155863637,0.8329765885195883,0.2066898686646873,0.5198332285921379,53.37330190781215,False,True
0.86,0.23,0.31,-11.569922826648153,-22.773707158522893,-17.171814992585524,42.22122483567358,59.55598335346478,50.88860409456918,0.8332583406296774,0.19460671038998634,0.5139325255098319,53.707739263847145,False,True
0.86,0.23,0.33,-11.455293971869454,-22.947575374308023,-17.201434673088738,42.00068610967848,59.791340244122594,50.89601317690054,0.8349957110199904,0.18822852983408267,0.5116121204270365,53.72423579834126,False,True
0.86,0.23,0.35,-11.870278130330496,-23.752130619122074,-17.811204374726284,42.33282227481915,60.18326485053957,51.25804356267936,0.8323757260613702,0.17755153415196867,0.5049636301066694,54.26440851195011,False,True
0.86,0.25,0.11,-11.256043677073318,-21.243854597580132,-16.249949137326723,41.84020826138218,59.26937376097866,50.55479101118042,0.836254211710813,0.20233987147713484,0.5192970415939739,53.102238570043674,False,True
0.86,0.25,0.13,-11.030962259945,-20.1634668737735,-15.59721456685925,41.94934136117232,57.513615885651525,49.731478623411924,0.8353988913506435,0.24889863319049954,0.5421487622705715,52.11998722482119,False,True
0.86,0.25,0.15,-10.898998015109306,-21.24526025291777,-16.072129134013537,42.18399243660279,60.321968739134476,51.252980587868635,0.8335522901637813,0.17375618484315836,0.5036542375034698,53.71388418314994,False,True
0.86,0.25,0.17,-11.921653098893774,-22.04032643172615,-16.980989765309964,42.20172331428502,60.002289694046304,51.10200650416566,0.8334123373497258,0.18249041375845598,0.5079513755540909,53.849504010356036,False,True
0.86,0.25,0.19,-11.48048564181123,-22.156974252260987,-16.818729947036108,42.052656600574,59.614938404778016,50.833797502676006,0.834587114868538,0.1930113877543359,0.5137992513114369,53.5438572160654,False,True
0.86,0.25,0.21,-11.581417246792949,-21.735186286481554,-16.65830176663725,42.07401091960987,59.51052062646301,50.79226577303644,0.8344190790462007,0.1958358530492197,0.5151274660477102,53.4542166728418,False,True
0.86,0.25,0.23,-11.7301222266228,-22.484561139063885,-17.10734168284334,41.985326294646626,60.955963841019056,51.47064506783284,0.8351163743789233,0.15629696254260095,0.4957066684607621,54.239178120177804,False,True
0.86,0.25,0.25,-11.739009565843324,-22.577319851400375,-17.15816470862185,42.35398804260896,60.30478501532966,51.32938652896931,0.8322080649788071,0.1742268565917915,0.5032174607852993,54.12123924679231,False,True
0.86,0.25,0.27,-11.401370476440329,-22.3570154409915,-16.879192958715915,42.18481580728653,57.86244617105446,50.0236309891705,0.8335457924619646,0.23975987676611044,0.5366528346140376,52.79460968961001,False,True
0.86,0.25,0.29,-11.437861583791415,-22.855138758138942,-17.14650017096518,42.2104248963003,60.68303518912591,51.44673004271311,0.83334363277846,0.1638353624856832,0.4985894976320716,54.22885302309748,False,True
0.86,0.25,0.31,-11.648485280017617,-22.782656358418706,-17.21557081921816,41.75286259544324,59.27771132802433,50.515286961733786,0.8369371698783123,0.2021154381095006,0.5195263039939064,53.368249881908504,False,True
0.86,0.25,0.33,-11.59658455761696,-22.97663699847807,-17.286610778047518,42.437516725264366,60.04015397612983,51.2388353506971,0.8315455885387335,0.1814583137973822,0.5065019511680579,54.07629018606543,False,True
0.86,0.25,0.35,-12.066567883674146,-23.679297014401644,-17.872932449037897,42.37230090583907,60.924545550421605,51.64842322813034,0.8320629350776293,0.1571664714194263,0.4946147032485278,54.65346591278494,False,True
0.86,0.27,0.11,-11.244592960844244,-20.921454995481792,-16.08302397816302,42.098548134327366,60.10795826434643,51.1032531993369,0.83422589188648,0.1796084859205066,0.5069171889034934,53.57430492164787,False,True
0.86,0.27,0.13,-11.251311106618887,-21.472071598714727,-16.361691352666806,42.26834413907926,60.44113082571047,51.35473748239487,0.8328859622832627,0.1704885797997474,0.501687271041505,53.8981818413722,False,True
0.86,0.27,0.15,-11.333941068339163,-20.908403094497917,-16.12117208141854,42.15446913572928,58.5577940995116,50.356131617620434,0.8337851920738858,0.22137808408814175,0.5275816380810138,52.87373810096862,False,True
0.86,0.27,0.17,-11.560576987010593,-21.82684728357065,-16.69371213529062,41.69865820603073,59.39915897736772,50.548908591699224,0.8373602778183442,0.19884269132221433,0.5181014845702793,53.234126128526924,False,True
0.86,0.27,0.19,-11.428332731067497,-22.208348940808257,-16.818340835937878,42.217376796240245,60.23249873092191,51.22493776358108,0.833288732890629,0.17620534955440748,0.5047470412225182,53.91521897717314,False,True
0.86,0.27,0.21,-11.538216400005615,-22.128394878452482,-16.83330563922905,41.9720865968144,59.457648189671055,50.71486739324273,0.8352203471416513,0.19726414605889986,0.5162422466002756,53.435549528922174,False,True
0.86,0.27,0.23,-11.601000469127042,-22.376681376703264,-16.988840922915152,42.56899755897924,60.52309166025081,51.54604460961502,0.830500153334419,0.168237346432087,0.49936874988325297,54.27352421577706,False,True
0.86,0.27,0.25,-11.923474657010543,-22.710577591541714,-17.31702612427613,42.50903721488285,58.75447527173201,50.631756243307436,0.8309773133335883,0.21613890273997594,0.5235581080367822,53.5112524061114,False,True
0.86,0.27,0.27,-11.847509331713916,-22.975714537353493,-17.411611934533703,42.02212561386311,61.44916209857215,51.735643856217635,0.8348272131515474,0.14258882839532483,0.4887080207734361,54.58700463824871,False,True
0.86,0.27,0.29,-11.64860509769766,-22.443822745767893,-17.046213921732775,42.34131011350766,59.74302012194405,51.04216511772586,0.8323085011349282,0.18954005912046779,0.510924280127698,53.81334433921262,False,True
0.86,0.27,0.31,-11.536563403670073,-22.79659451924369,-17.16657896145688,41.79872393004022,58.78281519884445,50.290769564442336,0.8365787567963157,0.2153825374145324,0.525980647105424,53.13993730353634,False,True
0.86,0.27,0.33,-12.035684084394827,-23.340974801412106,-17.688329442903466,42.263121982267506,59.88825284330566,51.07568741278658,0.8329272528432977,0.18559488290403048,0.5092610678736641,54.051853281542265,False,True
0.86,0.27,0.35,-12.072385586252524,-23.828615414738948,-17.950500500495735,42.45349025726973,60.806131840971425,51.629811049120576,0.8314187517889418,0.1604395711017954,0.4959291614453686,54.66130127600505,False,True
0.86,0.29,0.11,-11.603109049210298,-21.716934030201713,-16.660021539706005,41.94179347831001,59.049363746187055,50.495578612248536,0.8354581188891982,0.20825076565540523,0.5218544422723017,53.17292334533846,False,True
0.86,0.29,0.13,-11.487573541668958,-21.40549821643109,-16.446535879050025,42.50422524408975,60.492001282381246,51.498113263235496,0.8310155774887322,0.169091670706208,0.5000536240974701,54.06056059729599,False,True
0.86,0.29,0.15,-11.150814738337955,-21.40701268326649,-16.27891371080222,41.80885950643125,60.305978537711155,51.0574190220712,0.8364994926867371,0.1741941696837297,0.5053468311852334,53.589766455911175,False,True
0.86,0.29,0.17,-11.22685597029277,-21.598174852943416,-16.41251541161809,41.686848929675264,60.13077734247672,50.90881313607599,0.837452385600137,0.178985469198922,0.5082189273995295,53.48904483219442,False,True
0.86,0.29,0.19,-11.432363918971832,-22.094975842260133,-16.763669880615982,41.8449976478587,60.11218437640986,50.978591012134274,0.8362167220910377,0.17949312055269306,0.5078549213218654,53.6641162179042,False,True
0.86,0.29,0.21,-11.927108936414328,-22.8908476627652,-17.408978299589762,42.4716940227188,61.25614014553011,51.86391708412445,0.8312741478270043,0.14796690819825753,0.4896205280126309,54.70775466736433,False,True
0.86,0.29,0.23,-11.7955727238801,-22.624089291847273,-17.209831007863688,41.6760919714746,59.75004917846475,50.71307057496968,0.8375362630023907,0.18934933880379035,0.5134428009030905,53.553653567810684,False,True
0.86,0.29,0.25,-11.798204141131412,-23.013990450537893,-17.406097295834652,42.15640305608331,62.445272454528165,52.300837755305736,0.8337699408523535,0.11456571009058003,0.47416782547146674,55.12122869620085,False,True
0.86,0.29,0.27,-11.985879954340422,-23.11186256480415,-17.548871259572287,42.18966825732359,59.10207195361807,50.645870105470834,0.8335074963516274,0.20683668410255107,0.5201720902270892,53.600065683031275,False,True
0.86,0.29,0.29,-12.089409930031772,-23.676130362395824,-17.882770146213797,41.95427109012487,61.29299357137924,51.62363233075206,0.835360202470045,0.14694138540296642,0.49115079393650574,54.633258031376684,False,True
0.86,0.29,0.31,-11.894247885853375,-23.25319301855435,-17.57372045220386,41.69214960163916,59.37734789477187,50.534748748205516,0.8374110456388071,0.19943094544327578,0.5184209955410415,53.503238047584254,False,True
0.86,0.29,0.33,-11.994816101874077,-23.71452405479771,-17.854670078335893,42.367870396490694,60.70829480700798,51.53808260174934,0.8320980527285884,0.1631391021530597,0.49761857744082405,54.54322324423962,False,True
0.86,0.29,0.35,-12.116939078456216,-23.726582791474936,-17.921760934965576,42.25054825020633,61.13820149053401,51.69437487037017,0.8330266499235137,0.15124464983805985,0.4921356498807868,54.71286784887461,False,True
0.88,0.05,0.11,-12.299319089303149,-22.157925970521735,-17.228622529912442,42.67189073460333,58.85148867292245,50.76168970376289,0.8296797696754485,0.21354819582803464,0.5216139827517416,53.60573267719894,False,True
0.88,0.05,0.13,-12.318220491120446,-22.19096852039679,-17.254594505758618,42.5091598549201,60.04465318694976,51.27690652093493,0.8309763380596302,0.18133563158038757,0.5061559848200089,54.102145742242556,False,True
0.88,0.05,0.15,-12.220679491160675,-21.76425042932219,-16.99246496024143,42.5242822376887,59.55860259706737,51.041442417378036,0.8308560583284051,0.1945358672104952,0.5126959627694502,53.795656975926505,False,True
0.88,0.05,0.17,-12.054828686691724,-22.012164681353173,-17.03349668402245,42.466433849122815,59.66549092547179,51.065962387297304,0.8313159390638404,0.191642180421441,0.5114790597426406,53.831891326847014,False,True
0.88,0.05,0.19,-12.385330454745013,-22.24587754661482,-17.31560400067992,42.327218108668816,60.23045790583432,51.278838007251565,0.8324201044916928,0.17626117298339117,0.504340638737542,54.123464128622714,False,True
0.88,0.05,0.21,-12.779603453799524,-22.709367708867518,-17.74448558133352,43.08866000800403,57.988772072981476,50.53871604049275,0.8263365438165688,0.23643672466251697,0.5313866342395429,53.56331382175409,False,True
0.88,0.05,0.23,-12.478175142293667,-22.372552830134875,-17.425363986214272,42.32391416801875,60.05657059071798,51.19024237936837,0.8324462650779322,0.18101062938582935,0.5067284472318807,54.07480212548664,False,True
0.88,0.05,0.25,-12.455675226221393,-23.14102966658495,-17.79835244640317,42.77205802666165,61.56080880733582,52.16643341699873,0.8288792173798993,0.1394703449141027,0.484174781147001,55.11912667356538,False,True
0.88,0.05,0.27,-12.671675930309886,-23.119626428495117,-17.895651179402503,42.69384928290131,59.29746305967573,50.995656171288516,0.8295044342394214,0.20158362853032785,0.5155440313848747,54.04453052321878,False,True
0.88,0.05,0.29,-12.843701877217212,-23.423751385703586,-18.133726631460398,42.92654352282197,61.15144674863843,52.038995135730204,0.8276408659492459,0.15087685356131197,0.48925885975527894,55.10797633991914,False,True
0.88,0.05,0.31,-12.851017826248773,-23.866960246717415,-18.358989036483095,42.825088945278885,59.65260176954633,51.23884535741261,0.8284546262639916,0.19199139147922384,0.5102230088716078,54.42859314737567,False,True
0.88,0.05,0.33,-12.711815428317907,-23.935725638231904,-18.323770533274907,42.74191057668453,61.23628611883245,51.98909834775849,0.8291203578528481,0.14851913190355237,0.48881974487820024,55.12374183207285,False,True
0.88,0.05,0.35,-13.262409008056771,-24.91223132074018,-19.087320164398477,43.08892308506939,62.31031061907388,52.699616852071635,0.8263344232116637,0.1183889202659063,0.472361671738785,56.04975831717212,False,True
0.88,0.07,0.11,-12.374444876885262,-21.74268498407639,-17.058564930480827,42.79721891181684,58.64206187965072,50.71964039573378,0.8286778327872917,0.21913551496330275,0.5239066738752972,53.511461943774066,False,True
0.88,0.07,0.13,-12.700391903586434,-22.442687472012466,-17.57153968779945,42.70336230084722,59.82210547443124,51.26273388763923,0.8294284463347249,0.18739293185873473,0.5084106890967298,54.19065318516493,False,True
0.88,0.07,0.15,-12.523489020589498,-22.45570379250718,-17.489596406548337,42.76844425084856,59.98105766371202,51.37475095728029,0.828908131865204,0.18306886892856244,0.5059885003968831,54.270166927940444,False,True
0.88,0.07,0.17,-12.484915235891894,-22.621487848647014,-17.553201542269456,42.561133223270794,59.644673392611736,51.10290330794126,0.8305627754604454,0.1922061606897406,0.511384468075093,54.03352302861923,False,True
0.88,0.07,0.19,-12.68495624200154,-23.26246618084373,-17.973711211422636,42.593042725416346,61.060654310519745,51.826848517968045,0.8303086147346306,0.15339639262586224,0.4918525036802464,54.85505010494499,False,True
0.88,0.07,0.21,-12.595047494591,-22.728133273649405,-17.661590384120203,42.89842253608438,60.03060343375217,51.46451298491827,0.8278666153774982,0.18171870271316581,0.504792659045332,54.41073305581601,False,True
0.88,0.07,0.23,-12.64694803068658,-23.343128609750714,-17.995038320218647,42.862329159429684,60.270858027672055,51.56659359355087,0.8281561487011282,0.1751557419016495,0.5016559453013889,54.616251967601904,False,True
0.88,0.07,0.25,-12.94840956780405,-23.061712156340317,-18.005060862072185,42.82371166431305,60.21139341369576,51.517552539004406,0.8284656600941416,0.1767825595891639,0.5026241098416527,54.57325751919161,False,True
0.88,0.07,0.27,-12.822344626266947,-23.477026145574346,-18.149685385920648,43.04888189989024,59.40975574451151,51.229318822200874,0.8266570371949803,0.1985568140516284,0.5126069256233043,54.34937153817518,False,True
0.88,0.07,0.29,-13.011297457691745,-23.168308344509033,-18.089802901100388,42.83979643777096,60.32874823022858,51.58427233399976,0.8283367777972219,0.17357045392369075,0.5009536158604564,54.66423072932531,False,True
0.88,0.07,0.31,-12.670117927859204,-24.010347445264337,-18.34023268656177,42.68370183460449,62.02093072861858,52.352316281611536,0.8295854711739443,0.12655861491775422,0.47807204304584927,55.47187715452864,False,True
0.88,0.07,0.33,-12.706460183782905,-24.030805390404982,-18.368632787093944,42.925508221255214,60.259300903881105,51.59240456256816,0.8276491797576746,0.17547204445769238,0.5015606121076834,54.764795982590925,False,True
0.88,0.07,0.35,-12.930945222074207,-24.25564209755697,-18.593293659815586,42.79623924639151,60.42629188192456,51.61126556415803,0.8286856761232418,0.17089583764424587,0.49979075688374386,54.85830203582848,False,True
0.88,0.09,0.11,-12.662659452729011,-21.87654062668327,-17.26960003970614,42.937709722692794,57.99912776778255,50.46841874523767,0.8275511849873638,0.2361639844751151,0.5318575847312395,53.34135708974862,False,True
0.88,0.09,0.13,-12.48453281668101,-22.19935026523347,-17.34194154095724,42.68352021013583,59.569285742392786,51.12640297626431,0.8295869214409581,0.19424688587957295,0.5119169036602655,53.98751723964852,False,True
0.88,0.09,0.15,-12.66225191127306,-22.560694595732773,-17.611473253502915,42.85226539129757,61.50390112358769,52.17808325744263,0.828236834640662,0.14106058116305886,0.48464870790186043,55.07010407271321,False,True
0.88,0.09,0.17,-12.476012659448207,-21.883821265528386,-17.179916962488296,42.57482461096223,58.19518456269168,50.38500458682695,0.8304537462271908,0.23099120486068792,0.5307224755439394,53.23343154496585,False,True
0.88,0.09,0.19,-12.574501110269743,-22.533586675468108,-17.554043892868926,42.46702927938272,61.04712912674024,51.75707920306148,0.8313112087255811,0.15377140338670625,0.49254130605614366,54.652902069558465,False,True
0.88,0.09,0.21,-12.659824483612967,-23.074629045073625,-17.867226764343297,42.8087595035996,60.04094155587209,51.42485052973585,0.8285854237091629,0.18143683913298603,0.5050111314210745,54.440362271518175,False,True
0.88,0.09,0.23,-12.880704726635821,-23.23993873557268,-18.06032173110425,42.626713521025096,60.78344126588787,51.705077393456484,0.8300402186789078,0.1610660393206481,0.49555312899977794,54.76851512771112,False,True
0.88,0.09,0.25,-13.046598739412808,-23.227357679606918,-18.136978209509863,42.94565994100104,59.58670606007157,51.2661830005363,0.8274873188584588,0.19377555145135383,0.5106314351549064,54.37988137185215,False,True
0.88,0.09,0.27,-12.653830333845677,-23.115093580814012,-17.884461957329844,42.700623664396495,60.169434275971426,51.435028970183964,0.8294503236984798,0.17792950061291468,0.5036899121556973,54.45563501297953,False,True
0.88,0.09,0.29,-13.294155523753865,-24.213867600814435,-18.75401156228415,43.153344961207566,59.51562656885081,51.334485765029186,0.8258147432144045,0.1956978541909531,0.5107562987026788,54.65292653132375,False,True
0.88,0.09,0.31,-13.045540114160515,-23.681665318026628,-18.36360271609357,42.86327257276243,58.17676429508902,50.52001843392573,0.828148583943552,0.23147794980544123,0.5298132668744966,53.754015359586994,False,True
0.88,0.09,0.33,-13.525706620797754,-24.468176306114152,-18.996941463455954,43.15978206111159,59.88982502266068,51.524803541886136,0.8257627735917521,0.18555212300848234,0.5056574483001173,54.91529081226771,False,True
0.88,0.09,0.35,-13.305347033545623,-23.976478176301438,-18.64091260492353,42.83316495864927,59.451929486296606,51.14254722247294,0.8283899196447361,0.19741855470477,0.512904237174753,54.43384755046507,False,True
0.88,0.11,0.11,-12.516770487734396,-22.055001757424954,-17.285886122579676,42.660873131985475,61.14590624376562,51.903389687875546,0.8297677094564393,0.1510307128093411,0.4903992111328902,54.706157972702286,False,True
0.88,0.11,0.13,-13.083519130746083,-22.86164756291819,-17.97258334683214,42.564973112855284,59.60102469242773,51.082998902641506,0.8305322006362281,0.19338803486421696,0.5119601177502225,54.15243788645255,False,True
0.88,0.11,0.15,-12.75064033869612,-22.285220813999796,-17.517930576347958,42.43847360083765,59.84415143318012,51.141312517008885,0.8315379918770425,0.18679388898749016,0.5091659404322664,54.058410424651925,False,True
0.88,0.11,0.17,-13.015769855816512,-22.95248510540228,-17.984127480609395,43.00534780395209,60.0975265491935,51.5514371765728,0.8270074534263561,0.17989321853192908,0.5034503359791426,54.59834719301438,False,True
0.88,0.11,0.19,-12.795120776699001,-22.809775513794424,-17.802448145246714,43.007838774463636,60.43639276266896,51.7221157685663,0.8269874125786864,0.1706186277753211,0.49880302017700373,54.70013180551919,False,True
0.88,0.11,0.21,-12.945290796362688,-23.433289492199215,-18.189290144280953,42.795916216579,61.84329677356053,52.31960649506976,0.828688262304927,0.13155469154958732,0.48012147692725715,55.391258333348794,False,True
0.88,0.11,0.23,-13.166402016985812,-23.17093515097757,-18.16866858398169,42.84082292080384,59.75571904489894,51.29827098285139,0.8283285512643862,0.18919548122159235,0.5087620162429893,54.420704919585674,False,True
0.88,0.11,0.25,-12.833514218080113,-23.245878321364316,-18.039696269722214,42.75667535374627,60.56187312767424,51.65927424071025,0.8290022800430585,0.16717106544602145,0.49808667274454,54.718472717910714,False,True
0.88,0.11,0.27,-13.187270647595009,-24.35424772585678,-18.770759186725893,42.90045391179532,62.1908777237507,52.54566581777301,0.8278503128733583,0.12176532627514158,0.47480781957424995,55.797745444409614,False,True
0.88,0.11,0.29,-13.296738530625227,-24.277089238984694,-18.78691388480496,43.00528107644153,61.24038293648311,52.12283200646232,0.827007990259732,0.14840519689019516,0.4877065935749636,55.40521410200461,False,True
0.88,0.11,0.31,-13.224093986643625,-24.39303295815983,-18.808563472401726,42.76547209930293,60.58698017929686,51.6762261392999,0.8289319107657457,0.16648039284088834,0.497706151803317,54.99267594776077,False,True
0.88,0.11,0.33,-13.099500647220225,-24.454663271948597,-18.77708195958441,43.171348277707395,62.176713816494335,52.67403104710087,0.8256693748100674,0.1221653147754459,0.47391734479275666,55.920768536098436,False,True
0.88,0.11,0.35,-13.369764093816435,-24.840202612017233,-19.104983352916832,43.2186086687824,62.19753821704239,52.708073442912394,0.8252874806371824,0.12157720256313176,0.47343234160015707,56.06372619598769,False,True
0.88,0.13,0.11,-12.871010005414785,-22.361520952472073,-17.61626547894343,42.306648785343306,58.82536343340902,50.56600610937616,0.832582939076848,0.21424628118794398,0.523414610132396,53.54674390920592,False,True
0.88,0.13,0.13,-12.832465739219481,-22.657053946504753,-17.744759842862116,43.03675583227978,60.79192378980027,51.91433981104002,0.8267546784042915,0.1608318711398472,0.49379327477206936,54.863240698093904,False,True
0.88,0.13,0.15,-13.304373547905653,-23.166893109248093,-18.235633328576874,42.81707169325217,60.800577436274914,51.80882456476354,0.8285188500072502,0.16059294528504953,0.4945558976461499,54.9244264938356,False,True
0.88,0.13,0.17,-12.932071160436816,-23.274563985965337,-18.103317573201075,42.94448204697145,59.87367863914924,51.409080343060346,0.8274967819274053,0.18599121646334615,0.5067439991953757,54.503427863533545,False,True
0.88,0.13,0.19,-12.811374152981141,-23.328538267650867,-18.069956210316004,42.56627809469633,58.71553207063857,50.640905082667445,0.830521809191115,0.21717766425291563,0.5238497367220153,53.76824885594166,False,True
0.88,0.13,0.21,-12.98005256118476,-23.420499863134914,-18.200276212159835,42.788221348277304,61.727217660890744,52.257719504584024,0.8287498617688962,0.1348117544175308,0.4817808080932135,55.336419309697774,False,True
0.88,0.13,0.23,-13.166855422953768,-23.637226932980788,-18.402041177967277,42.7082091603895,60.14150267809472,51.424855919242106,0.8293897241716193,0.17869255957434138,0.5040411418729803,54.61822887855677,False,True
0.88,0.13,0.25,-13.35510498797663,-24.138776689067818,-18.746940838522224,42.7664952605656,61.841788887389185,52.30414207397739,0.8289237250810153,0.13159704054373678,0.48026038281237604,55.562316986406024,False,True
0.88,0.13,0.27,-13.576236316886778,-24.04873695453894,-18.812486635712858,43.225826836322554,60.17380507870803,51.69981595751529,0.8252291164469966,0.17781006327612858,0.5015195898615625,55.016185104565615,False,True
0.88,0.13,0.29,-13.416361528189297,-24.984363839791268,-19.20036268399028,42.75552012349586,63.1607527048844,52.958136414190136,0.8290115201941483,0.09415936015384874,0.4615854401739985,56.331324675181726,False,True
0.88,0.13,0.31,-13.384762549835704,-24.176923890408304,-18.780843220122005,42.818551776345295,60.3099279406302,51.56423985848775,0.8285069944212611,0.17408600306971267,0.5012964987454869,54.87796373994264,False,True
0.88,0.13,0.33,-13.599071406648926,-24.785451075393137,-19.192261241021033,43.266298032674854,60.75989398314848,52.01309600791167,0.8249016965463709,0.16171591331026258,0.49330880492831675,55.44100511238802,False,True
0.88,0.13,0.35,-13.810420488031038,-25.514403022898353,-19.662411755464696,43.250236505626575,63.22235260351036,53.23629455456847,0.8250316741159078,0.09239158825220084,0.45871163118405434,56.751330327510495,False,True
0.88,0.15,0.11,-13.311820161009551,-22.641444952829353,-17.97663255691945,42.83742133908365,62.13348970517176,52.48545552212771,0.8283558117714893,0.1233853996906128,0.47587060573105106,55.47866580453916,False,True
0.88,0.15,0.13,-13.289256342295172,-22.848618658339497,-18.068937500317332,42.627456564026836,57.792711428861956,50.210083996444396,0.8300342933557319,0.24159122701378277,0.5358127601847573,53.362337255037616,False,True
0.88,0.15,0.15,-13.11406487765074,-23.075419145435646,-18.094742011543193,42.827434564656656,59.31593532426264,51.07168494445965,0.8284358339540484,0.20108610789694603,0.5147609709254972,54.18243895885873,False,True
0.88,0.15,0.17,-13.299390166499583,-23.292704376511747,-18.296047271505664,42.81781614883995,59.699335458735625,51.25857580378779,0.8285128869086509,0.19072485779230708,0.509618872350479,54.42597669490029,False,True
0.88,0.15,0.19,-13.261628918845942,-23.714746587290566,-18.488187753068253,42.94629069154398,60.33854102024686,51.64241585589542,0.827482251372407,0.17330213382442305,0.500392192598415,54.852093869112615,False,True
0.88,0.15,0.21,-13.154892868791446,-23.587896630766338,-18.371394749778894,43.004743168192036,60.82092628925847,51.91283472872526,0.8270123177862518,0.16003098255982529,0.49352165017303856,55.06769065998815,False,True
0.88,0.15,0.23,-13.081805717301323,-23.189659638776448,-18.135732678038885,43.19112202698753,60.12953772581534,51.660329876401434,0.8255096411133158,0.1790193198440001,0.502264480478658,54.751205308266066,False,True
0.88,0.15,0.25,-13.279608447860916,-23.676011792377714,-18.477810120119315,42.43382183457911,61.61487178648601,52.02434681053256,0.8315749207705792,0.1379582392102484,0.4847665799904138,55.20835197592619,False,True
0.88,0.15,0.27,-13.702389844680171,-24.579321230093434,-19.140855537386802,43.255748249675285,61.14456480412615,52.20015652690071,0.8249870758821676,0.15106796235333697,0.4880275191177523,55.598819161345915,False,True
0.88,0.15,0.29,-13.593051465385313,-24.26899659270135,-18.931024029043332,43.12432868622658,58.95054885686021,51.03743877154339,0.8260489085191136,0.21089841996757352,0.5184736642433436,54.43531782902766,False,True
0.88,0.15,0.31,-13.887034997897466,-24.76285898816226,-19.32494699302986,43.19290707270566,61.23747878367736,52.21519292819151,0.8254952177925124,0.1484859639486905,0.4869905908706015,55.67656552636553,False,True
0.88,0.15,0.33,-13.9227185170463,-25.214501922044917,-19.568610219545608,43.22724823304903,62.038414751373374,52.6328314922112,0.8252176222610281,0.12606609017175685,0.4756418562163925,56.15287576617963,False,True
0.88,0.15,0.35,-13.74881314982488,-25.2707014100841,-19.509757279954492,43.011488723811354,59.58983046028982,51.300659592050586,0.8269580451891668,0.19369100125383498,0.5103245232215009,54.885228465427645,False,True
0.88,0.17,0.11,-13.37884607752925,-22.70569846282637,-18.04227227017781,42.72461978967626,59.956611141872685,51.340615465774476,0.8292585849850329,0.18373464761576896,0.506496616300401,54.41858492349602,False,True
0.88,0.17,0.13,-13.415165474000634,-22.98598885820229,-18.20057716610146,43.09483663503521,60.107416337616236,51.601126486325725,0.826286752002275,0.17962327897285235,0.5029550154875637,54.71688280445991,False,True
0.88,0.17,0.15,-13.13305601973054,-23.147443380076353,-18.140249699903446,42.800512754104055,61.55167279590471,52.17609277500438,0.8286514605168901,0.139725741993739,0.48418860125531454,55.23959916980491,False,True
0.88,0.17,0.17,-13.35399438541608,-23.217724698287594,-18.285859541851835,42.815434904764096,59.32861142208722,51.072023163425655,0.8285319603390089,0.20074460800487703,0.514638284171943,54.246882022746895,False,True
0.88,0.17,0.19,-13.510394198213845,-23.609133302688722,-18.559763750451282,43.128030409797546,59.63016396806404,51.37909718893079,0.8260190438690829,0.1925991278229252,0.5093090858460041,54.62853154187985,False,True
0.88,0.17,0.21,-13.898690911987599,-24.494068220425554,-19.196379566206577,43.24690928611688,62.126154148005085,52.68653171706099,0.8250585935356349,0.12359237589460126,0.4743254847151181,56.074696725196354,False,True
0.88,0.17,0.23,-13.780960589530045,-23.996614299048133,-18.88878744428909,43.059384287422496,60.47998597775474,51.76968513258862,0.826572447911297,0.16942171848035814,0.4979970831958276,55.10795396168234,False,True
0.88,0.17,0.25,-13.708152647854607,-24.588914621419764,-19.148533634637186,42.98104680852825,62.92041438448849,52.950730596508365,0.8272029036925517,0.10104002571426651,0.4641214647034091,56.306715505886494,False,True
0.88,0.17,0.27,-13.940826091914168,-24.76066665191794,-19.350746371916053,43.11116257306389,62.15142014684054,52.631291359952215,0.8261551089034458,0.12287938095614126,0.4745172449297935,56.07587908688016,False,True
0.88,0.17,0.29,-13.581466515442415,-24.683794782908734,-19.132630649175574,43.22074675587395,62.65199240682453,52.93636958134924,0.8252701936474375,0.10869369155840058,0.46698194260291903,56.28780311942339,False,True
0.88,0.17,0.31,-13.911856385590301,-25.373580301239823,-19.642718343415062,43.13810187782335,63.378401226689505,53.258251552256425,0.8259377766182319,0.08790564846451543,0.45692171254137365,56.76511025552719,False,True
0.88,0.17,0.33,-14.000020610225464,-25.315431696978784,-19.657726153602123,42.911443266028066,60.20637083202887,51.55890704902846,0.8277621060585898,0.17691989254696405,0.502340999302777,55.17922701180554,False,True
0.88,0.17,0.35,-13.874336756631884,-25.371173477960763,-19.62275511729632,43.127061960926945,61.45253343172935,52.28979769632815,0.8260268573382867,0.14249474418299102,0.4842608007606389,55.85047413868842,False,True
0.88,0.19,0.11,-13.365436382386578,-23.184913169804165,-18.275174776095373,42.83109281223975,60.69959089688598,51.76534185456286,0.8284065232560126,0.1633790509080726,0.4958927870820426,54.89656301096262,False,True
0.88,0.19,0.13,-13.440380856237885,-22.678020699388686,-18.059200777813285,43.21772950344479,58.86555065361231,51.041640078528545,0.825294588669278,0.2131723211794625,0.5192334549243702,54.14225479825737,False,True
0.88,0.19,0.15,-13.272157071315993,-22.503688436464014,-17.887922753890003,42.90522622451985,57.735912593066296,50.32056940879308,0.8278120103491261,0.24308122692315948,0.5354466186361428,53.40540689924848,False,True
0.88,0.19,0.17,-13.458343067924444,-23.322294196039444,-18.390318631981945,43.24851048997231,61.39970112712039,52.32410580854635,0.8250456389895298,0.1439685484953378,0.4845070937424338,55.4618415493912,False,True
0.88,0.19,0.19,-13.475764672917737,-23.83683429477558,-18.65629948384666,43.14177779608042,61.49765272950978,52.3197152627951,0.8259081106970089,0.14123509755158892,0.4835716041242989,55.54646807503544,False,True
0.88,0.19,0.21,-13.841470828676306,-24.295958843331952,-19.06871483600413,43.097419313663885,62.3233956306433,52.71040747215359,0.8262659300675912,0.11801860908248374,0.47214226957503747,56.053572066169956,False,True
0.88,0.19,0.23,-13.459146447078938,-23.61450599927999,-18.536826223179464,42.93154854538465,59.10859752459182,51.020073034988236,0.8276006711618239,0.20666152512494262,0.5171310981433832,54.28316294141202,False,True
0.88,0.19,0.25,-13.757084791456966,-24.48382264047702,-19.120453715966992,43.22246886694272,60.38458728092662,51.80352807393467,0.8252562693101297,0.17203989348432935,0.49864808139722955,55.21953704271137,False,True
0.88,0.19,0.27,-14.15631714398872,-24.873267961953747,-19.514792552971233,43.182318913503536,61.584797277131855,52.383558095317696,0.8255807622984641,0.13879956712579267,0.4821901647121284,55.90048557133494,False,True
0.88,0.19,0.29,-14.273443497033881,-25.41237741680297,-19.842910456918425,43.782715022639934,61.93552833782016,52.85912168023005,0.8206968820901126,0.12896240421709915,0.4748296431536059,56.46085228020073,False,True
0.88,0.19,0.31,-14.039553375898677,-25.480430494997453,-19.759991935448063,43.37908179584285,61.89467329967895,52.6368775477609,0.8239876370725493,0.13011116448832283,0.47704940078043606,56.223644130089504,False,True
0.88,0.19,0.33,-13.96105989881934,-25.002756069137412,-19.481907983978374,43.143966557870925,60.94837408011872,52.046170318994825,0.8258904454379108,0.15650705209789706,0.4911987487679039,55.572912318592934,False,True
0.88,0.19,0.35,-14.090004600469296,-25.181780360470356,-19.635892480469828,43.43964089539771,60.21122165094368,51.82543127317069,0.8234958520882539,0.17678725630463354,0.5001415541964438,55.420606277401106,False,True
0.88,0.21,0.11,-13.55126068667639,-22.73047499140755,-18.14086783904197,43.182034309470836,59.46986537266541,51.32594984106812,0.8255830613993969,0.19693422455353604,0.5112586429764665,54.43752577993813,False,True
0.88,0.21,0.13,-13.998108922956954,-23.235424673249543,-18.61676679810325,43.13903887564496,59.56103286458563,51.35003587011529,0.8259302149644582,0.19447013251656042,0.5102001737405093,54.620602247476974,False,True
0.88,0.21,0.15,-13.546995202047315,-23.913712480468647,-18.73035384125798,43.02627996567984,60.80906271152462,51.91767133860223,0.8268390097603667,0.16035863511175674,0.49359882243606173,55.19303173627851,False,True
0.88,0.21,0.17,-13.63198973516896,-23.6088280009743,-18.620408868071628,42.80195580590389,59.863979586853844,51.332967696378866,0.8286399060297706,0.1862549207977897,0.5074474134137801,54.60579821714574,False,True
0.88,0.21,0.19,-13.953908187663261,-23.998767783990434,-18.97633798582685,43.38474516400034,60.73476328587793,52.05975422493914,0.8239416753859252,0.16240920967970296,0.4931754425328141,55.41046303103236,False,True
0.88,0.21,0.21,-14.075536799196259,-24.122835884562672,-19.099186341879467,43.181256305258316,59.22045673320601,51.20085651923216,0.82558934623024,0.20365600013734653,0.5146226731837933,54.6471099622371,False,True
0.88,0.21,0.23,-14.007411430384556,-24.657746711925196,-19.332579071154875,43.15359307281847,61.188227774175616,52.17091042349704,0.8258127402406406,0.14985509481958614,0.48783391753011335,55.63768963534528,False,True
0.88,0.21,0.25,-13.971286474916896,-24.78977893514199,-19.38053270502944,43.37451448713694,62.506244296080446,52.940379391608694,0.8240246991975874,0.11283578199628497,0.46843024059693616,56.37631433552731,False,True
0.88,0.21,0.27,-14.047081170988557,-24.741238044221443,-19.394159607605,42.93822918595898,60.36944498129221,51.6538370836256,0.827547012367671,0.17245508711697555,0.5000010497423233,55.174743428012356,False,True
0.88,0.21,0.29,-13.954785311070877,-24.98466146725816,-19.469723389164518,42.82370123843195,61.24511625594356,52.034408747187754,0.8284657436177945,0.14827355088031335,0.4883696472490539,55.55762614187173,False,True
0.88,0.21,0.31,-14.112748191827809,-25.451063924498506,-19.78190605816316,43.43834614907594,61.31484612011905,52.37659613459749,0.8235063735698253,0.14633300173762198,0.4849196876537236,55.98778107713079,False,True
0.88,0.21,0.33,-14.13342774177407,-25.631156654726535,-19.882292198250305,42.87666311981769,61.821447354997275,52.349055237407484,0.8280411939202655,0.1321682317089038,0.48010471281458467,55.99758144157428,False,True
0.88,0.21,0.35,-14.662601986656071,-25.865085297669214,-20.26384364216264,43.55439736140297,61.14139812071663,52.347897741059796,0.8225620623010189,0.15115589263444662,0.48685897746773277,56.133107495153595,False,True
0.88,0.23,0.11,-13.848189803779873,-23.651169157906047,-18.74967948084296,43.122232078864904,60.96481929361743,52.04352568624117,0.8260658223255177,0.1560518047437287,0.4910588135346232,55.31798122210162,False,True
0.88,0.23,0.13,-13.486362751291184,-23.52126789311747,-18.50381532220433,43.04158825110186,61.77579627349944,52.40869226230065,0.8267157702227038,0.13344943210224514,0.4800826011624745,55.57933254477581,False,True
0.88,0.23,0.15,-13.786666610353091,-23.63668151736314,-18.711674063858116,43.13723966963605,59.76472664639272,51.45098315801438,0.8259447345680605,0.18895102078934245,0.5074478776787015,54.74788045393483,False,True
0.88,0.23,0.17,-13.84864630639147,-24.401047381194807,-19.12484684379314,43.16438807944271,60.47398288287125,51.81918548115698,0.8257255823621371,0.1695865926184873,0.4976560874903122,55.235747036942435,False,True
0.88,0.23,0.19,-13.545907913849058,-23.104225648124316,-18.32506678098669,43.06099613207694,59.33475567411257,51.197875903094754,0.8265594638192401,0.20057905277837118,0.5135692582988056,54.3785855784822,False,True
0.88,0.23,0.21,-13.804895942825251,-24.35536815525819,-19.080132049041723,43.350921057328364,63.84562662357478,53.59827384045157,0.8242160895456203,0.07440816544644091,0.4493121274960306,56.89311379846338,False,True
0.88,0.23,0.23,-14.268035150124994,-25.371629384465788,-19.81983226729539,43.39251604813189,60.99776602287758,52.19514103550473,0.8238786001569526,0.15513938192914034,0.48950899104304646,55.83151886542183,False,True
0.88,0.23,0.25,-14.420441890686163,-25.108119644652856,-19.76428076766951,43.098146698070764,61.431410298446096,52.26477849825843,0.826260065562391,0.14308414493722155,0.48467210524980625,55.87695290310029,False,True
0.88,0.23,0.27,-13.733905865723164,-24.559866770699628,-19.146886318211397,43.32331360151531,60.109313058781034,51.71631333014817,0.8244399095316808,0.17957150331735794,0.5020057064245194,55.14689764750663,False,True
0.88,0.23,0.29,-14.266645467982443,-25.08585161273122,-19.67624854035683,42.935766986806506,59.82867719552246,51.38222209116448,0.8275667896819091,0.18721438513959388,0.5073905874107515,55.020791557806994,False,True
0.88,0.23,0.31,-14.418437142221896,-25.462435321149417,-19.940436231685656,43.489787420407936,59.417860739465354,51.453824079936645,0.8230881056933705,0.19833812484865154,0.510713115271011,55.18257885926491,False,True
0.88,0.23,0.33,-14.429760278360767,-25.79399309876369,-20.111876688562226,43.243989923720626,61.46853665063045,52.35626328717554,0.8250822114141905,0.14204806996551278,0.4835651406898516,56.08623618439713,False,True
0.88,0.23,0.35,-14.580517041452193,-26.378416226084724,-20.47946663376846,43.27163876367251,62.62032785148257,52.94598330757754,0.8248584661015953,0.10959440308844381,0.46722643459501956,56.768703543501104,False,True
0.88,0.25,0.11,-13.708288158572174,-23.168375145458555,-18.438331652015364,42.93484057487632,60.12728032371907,51.5310604492977,0.8275742306790561,0.17908096171886556,0.5033275961989608,54.730450986072505,False,True
0.88,0.25,0.13,-13.68409638256312,-23.586886232409274,-18.6354913074862,42.904198225354754,61.02676907170906,51.96548364853191,0.8278202614180344,0.15433576695121787,0.49107801418462615,55.20591478362831,False,True
0.88,0.25,0.15,-13.862094347822248,-23.47088859365357,-18.66649147073791,43.18484611375423,60.72481428961307,51.95483020168365,0.825560346292525,0.16268359965544232,0.49412197297398364,55.2063609117003,False,True
0.88,0.25,0.17,-14.074037147315444,-24.81631052136114,-19.44517383433829,43.316718664843954,61.9522038186271,52.63446124173552,0.8244933550998137,0.12849330589995422,0.47649333049988396,56.11150769365758,False,True
0.88,0.25,0.19,-13.816885528407507,-23.95354734336247,-18.88521643588499,43.13586219912703,60.874215675039544,52.005038937083285,0.8259558503542781,0.1585584287850743,0.4922571395696762,55.32789056775768,False,True
0.88,0.25,0.21,-14.081456406130894,-24.57841637456895,-19.32993639034992,43.2236425630275,60.97386252361366,52.09875254332058,0.8252467789305844,0.1558014116884695,0.49052409530952695,55.56911424006259,False,True
0.88,0.25,0.23,-14.33801082049046,-25.022193667839083,-19.68010224416477,43.46229784404364,60.65443388085801,52.05836586245083,0.8233116844372395,0.16462338393340714,0.4939675341853233,55.65410928772075,False,True
0.88,0.25,0.25,-14.361203745332604,-24.9106716167408,-19.6359376810367,43.39260657209872,60.93137874642586,52.16199265926229,0.823877865319435,0.1569773991950384,0.4904276322572367,55.73547816964066,False,True
0.88,0.25,0.27,-14.386984989454046,-25.300987534758,-19.84398626210602,43.403038517598915,63.65126607199099,53.52715229479495,0.8237931726721733,0.0800350101670454,0.45191409141960937,57.08712484931103,False,True
0.88,0.25,0.29,-14.948871768095252,-25.71216106183522,-20.33051641496524,43.84072555130172,62.02231488452388,52.931520217912805,0.8202214269045709,0.12651962831991936,0.47337052761224513,56.70163780948909,False,True
0.88,0.25,0.31,-14.151319594352705,-25.686732580086048,-19.919026087219375,43.29901378790516,62.00518923182283,52.652101509863996,0.824636795721183,0.12700193396360804,0.4758193648423955,56.293972978182566,False,True
0.88,0.25,0.33,-14.627550591596405,-26.121692842852774,-20.37462171722459,43.31005554600437,61.80005774235768,52.55505664418102,0.8245473449552794,0.13276865033118357,0.47865799764323147,56.36629479567622,False,True
0.88,0.25,0.35,-14.578540567949041,-26.542747167206954,-20.560643867577998,43.183109491246825,62.17361968416652,52.67836458770667,0.8255743757387306,0.12225268089465824,0.4739135283166944,56.548653139440205,False,True
0.88,0.27,0.11,-13.855359235623904,-23.61949861376229,-18.7374289246931,43.36116569058006,59.682824855222606,51.521995272901336,0.8241329976787576,0.19117242637044773,0.5076527120246026,54.82341871507826,False,True
0.88,0.27,0.13,-13.906470927978726,-23.25839459599672,-18.58243276198772,42.99381451577699,59.44482697426439,51.21932074502069,0.8271002281838348,0.1976103063912601,0.5123552672875474,54.486013112863205,False,True
0.88,0.27,0.15,-14.016189185138483,-23.574365508901675,-18.79527734702008,43.41891928499204,59.83402284664947,51.62647106582075,0.8236642042096256,0.18706913498039723,0.5053666695950114,54.94137753334397,False,True
0.88,0.27,0.17,-14.390296170631142,-24.185360349695475,-19.28782826016331,43.71429562233813,60.25982499117135,51.98706030675474,0.8212568394302328,0.1754577022235605,0.4983572708268966,55.449749849135564,False,True
0.88,0.27,0.19,-14.443086653531012,-25.16067637022004,-19.80188151187553,42.79524309014897,61.65690371901024,52.22607340457961,0.8286936513028378,0.1367817167657709,0.48273768403430434,55.85407106622485,False,True
0.88,0.27,0.21,-14.157556986201703,-24.650526502749294,-19.4040417444755,42.813953275064904,60.87504079673288,51.8444970358989,0.828543827449309,0.158535617931849,0.493539722690579,55.356740410962395,False,True
0.88,0.27,0.23,-14.69860555170324,-25.52817973085733,-20.113392641280285,43.434094925515446,61.76340046548074,52.59874769549809,0.8235409180317403,0.13379715782761303,0.4786690379296767,56.31320291616322,False,True
0.88,0.27,0.25,-14.393662406767874,-25.578445503635212,-19.98605395520154,43.21802369425617,62.26549740545161,52.74176054985389,0.8252922101592435,0.1196565634009219,0.4724743867800827,56.40155723557951,False,True
0.88,0.27,0.27,-14.667583333176573,-25.405377316512702,-20.03648032484464,43.62605914520489,60.76910232945212,52.19758073732851,0.8219776905463624,0.16146180506221108,0.49171974780428673,55.91107205766863,False,True
0.88,0.27,0.29,-14.199435840184538,-24.863517823228573,-19.531476831706556,43.49123357560602,60.10267756307074,51.79695556933838,0.8230763398823857,0.17975262830492555,0.5014144840936556,55.35705188573091,False,True
0.88,0.27,0.31,-14.580976845100386,-25.814903480313838,-20.197940162707113,43.2445813729677,61.86469686670723,52.55463911983746,0.8250774266705986,0.1309535584605349,0.47801549256556675,56.302281302205216,False,True
0.88,0.27,0.33,-14.844504749911296,-26.305653772282405,-20.57507926109685,43.47853394910611,62.73958916186251,53.10906155548431,0.8231796497299471,0.106199593032832,0.46468962138138953,56.955300946484684,False,True
0.88,0.27,0.35,-14.697967041690951,-26.397780189899777,-20.547873615795364,43.39040814623202,60.84936904768232,52.11988859695717,0.8238957108317888,0.15924517992257625,0.49157044537718253,56.02408319187316,False,True
0.88,0.29,0.11,-14.150317673673953,-23.716380488757277,-18.933349081215617,43.14808889154697,59.642703183817225,51.3953960376821,0.8258571720962746,0.19225952660323786,0.5090583493497562,54.77187637192428,False,True
0.88,0.29,0.13,-14.062792888767692,-23.58937690496992,-18.826084896868807,42.99094923695432,60.58770814592827,51.7893286914413,0.8271232728730438,0.16646036285741317,0.49679181786522847,55.10495475775528,False,True
0.88,0.29,0.15,-14.394654533768463,-24.65343998766807,-19.524047260718266,43.180839440550876,60.35506000136256,51.76794972095672,0.8255927136772035,0.17284941900733275,0.49922106634226815,55.327290189835466,False,True
0.88,0.29,0.17,-14.385405721996932,-24.43118512743732,-19.408295424717124,43.325243213677076,62.100926026046025,52.71308461986155,0.824424270357216,0.12430401270854408,0.47436414153288003,56.172513041823045,False,True
0.88,0.29,0.19,-14.649511407695131,-24.81099702833641,-19.73025421801577,43.26228600066048,62.19493772207988,52.72861186137018,0.8249341683528377,0.12165065519070739,0.47329241177177256,56.29910692306368,False,True
0.88,0.29,0.21,-14.715764897026467,-25.18265098142663,-19.949207939226547,43.073796581551086,61.14397084409059,52.10888371282084,0.8264563335157582,0.15108445537298043,0.4887703944443693,55.79701299530992,False,True
0.88,0.29,0.23,-14.539185923497271,-24.98251762531331,-19.76085177440529,43.575615247150495,58.9704086822627,51.2730119647066,0.822389139466202,0.2103666502155639,0.5163778948408829,54.94918578817126,False,True
0.88,0.29,0.25,-14.519566256814784,-25.275790859888374,-19.89767855835158,43.7267272866191,61.52452053654825,52.62562391158367,0.8211551614370352,0.1404845593149504,0.4808198603759928,56.26165571768157,False,True
0.88,0.29,0.27,-14.948281254250647,-25.944816627571253,-20.44654894091095,43.45385705977326,62.18672130213151,52.820289180952386,0.8233803068160827,0.12188271299605447,0.47263150990606856,56.639600217096365,False,True
0.88,0.29,0.29,-14.952460736475917,-25.74264489423772,-20.34755281535682,43.18932886062363,61.217524541524604,52.20342670107412,0.8255241294494626,0.1490408055031619,0.48728246747631226,56.02874855739823,False,True
0.88,0.29,0.31,-14.674090930697691,-26.139293023094368,-20.406691976896028,43.37638504149252,62.331106565015595,52.85374580325406,0.8240095207700177,0.11780035007161538,0.4709049354208165,56.65643408188437,False,True
0.88,0.29,0.33,-14.788754491580313,-26.162662385610307,-20.475708438595312,43.80727159849852,61.441558087720495,52.624414843109506,0.8204956928583468,0.14280101551838142,0.4816483541883641,56.467545312701944,False,True
0.88,0.29,0.35,-14.851504374624136,-26.36059894349193,-20.606051659058032,43.788910505221466,60.68684521816111,52.23787786169129,0.8206461338466492,0.16373036076489011,0.49218824730576965,56.15518897189061,False,True
